/* generated by tools/gen_assets.py -- do not edit */
#ifndef GEN_FONT_BIG_H
#define GEN_FONT_BIG_H
#include <stdint.h>
#include "font_types.h"

static const uint8_t font_big_blob[] = {
    /* U+0020 ' ' */
    0x00, 0x00, 0x00, 0x00, 0x00, 0x00, 0x00, 0x00, 0x00, 0x00, 0x00, 0x00,
    0x00, 0x00, 0x00, 0x00, 0x00, 0x00, 0x00, 0x00, 0x00, 0x00, 0x00, 0x00,
    0x00, 0x00, 0x00, 0x00, 0x00, 0x00, 0x00, 0x00, 0x00, 0x00, 0x00, 0x00,
    0x00, 0x00, 0x00, 0x00, 0x00, 0x00, 0x00, 0x00, 0x00, 0x00, 0x00, 0x00,
    0x00, 0x00, 0x00, 0x00, 0x00, 0x00, 0x00, 0x00, 0x00, 0x00, 0x00, 0x00,
    0x00, 0x00, 0x00, 0x00, 0x00, 0x00, 0x00, 0x00, 0x00, 0x00, 0x00, 0x00,
    0x00, 0x00, 0x00, 0x00, 0x00, 0x00, 0x00, 0x00, 0x00, 0x00, 0x00, 0x00,
    0x00, 0x00, 0x00, 0x00, 0x00, 0x00, 0x00, 0x00, 0x00, 0x00, 0x00, 0x00,
    0x00, 0x00, 0x00, 0x00, 0x00, 0x00, 0x00, 0x00, 0x00, 0x00,
    /* U+0021 '!' */
    0x00, 0x00, 0x00, 0x00, 0x00, 0x00, 0x00, 0x00, 0x00, 0x00, 0x00, 0x00,
    0x00, 0x00, 0x00, 0x00, 0x00, 0x00, 0x00, 0x00, 0x00, 0x00, 0x00, 0x00,
    0x00, 0x00, 0x00, 0xC0, 0x3F, 0x00, 0xC0, 0x3F, 0x00, 0xC0, 0x3F, 0x00,
    0xC0, 0x3F, 0x00, 0xC0, 0x3F, 0x00, 0xC0, 0x3F, 0x00, 0xC0, 0x3F, 0x00,
    0xC0, 0x3F, 0x00, 0xC0, 0x3F, 0x00, 0xC0, 0x3F, 0x00, 0xC0, 0x3F, 0x00,
    0xC0, 0x3F, 0x00, 0xC0, 0x3F, 0x00, 0xC0, 0x3F, 0x00, 0x80, 0x3F, 0x00,
    0x80, 0x3F, 0x00, 0x80, 0x3F, 0x00, 0x80, 0x3F, 0x00, 0x80, 0x3F, 0x00,
    0x80, 0x1F, 0x00, 0x80, 0x1F, 0x00, 0x80, 0x1F, 0x00, 0x00, 0x00, 0x00,
    0x00, 0x00, 0x00, 0x00, 0x00, 0x00, 0xC0, 0x3F, 0x00, 0xC0, 0x3F, 0x00,
    0xC0, 0x3F, 0x00, 0xC0, 0x3F, 0x00, 0xC0, 0x3F, 0x00, 0xC0, 0x3F, 0x00,
    0xC0, 0x3F, 0x00, 0xC0, 0x3F, 0x00, 0x00, 0x00, 0x00, 0x00, 0x00, 0x00,
    0x00, 0x00, 0x00, 0x00, 0x00, 0x00, 0x00, 0x00, 0x00, 0x00, 0x00, 0x00,
    0x00, 0x00, 0x00, 0x00, 0x00, 0x00, 0x00, 0x00, 0x00, 0x00, 0x00, 0x00,
    0x00, 0x00, 0x00,
    /* U+0022 '"' */
    0x00, 0x00, 0x00, 0x00, 0x00, 0x00, 0x00, 0x00, 0x00, 0x00, 0x00, 0x00,
    0x00, 0x00, 0x00, 0x00, 0x00, 0x00, 0x00, 0x00, 0x00, 0x00, 0x00, 0x00,
    0x00, 0x00, 0x00, 0xF0, 0xC3, 0x07, 0xF0, 0xC3, 0x07, 0xF0, 0xC3, 0x07,
    0xF0, 0xC3, 0x07, 0xF0, 0xC3, 0x07, 0xF0, 0xC3, 0x07, 0xF0, 0xC3, 0x07,
    0xF0, 0xC3, 0x07, 0xF0, 0xC3, 0x07, 0xF0, 0xC3, 0x07, 0xF0, 0xC3, 0x07,
    0xF0, 0xC3, 0x07, 0x00, 0x00, 0x00, 0x00, 0x00, 0x00, 0x00, 0x00, 0x00,
    0x00, 0x00, 0x00, 0x00, 0x00, 0x00, 0x00, 0x00, 0x00, 0x00, 0x00, 0x00,
    0x00, 0x00, 0x00, 0x00, 0x00, 0x00, 0x00, 0x00, 0x00, 0x00, 0x00, 0x00,
    0x00, 0x00, 0x00, 0x00, 0x00, 0x00, 0x00, 0x00, 0x00, 0x00, 0x00, 0x00,
    0x00, 0x00, 0x00, 0x00, 0x00, 0x00, 0x00, 0x00, 0x00, 0x00, 0x00, 0x00,
    0x00, 0x00, 0x00, 0x00, 0x00, 0x00, 0x00, 0x00, 0x00, 0x00, 0x00, 0x00,
    0x00, 0x00, 0x00, 0x00, 0x00, 0x00, 0x00, 0x00, 0x00, 0x00, 0x00, 0x00,
    0x00, 0x00, 0x00, 0x00, 0x00, 0x00, 0x00, 0x00, 0x00, 0x00, 0x00, 0x00,
    0x00, 0x00, 0x00,
    /* U+0023 '#' */
    0x00, 0x00, 0x00, 0x00, 0x00, 0x00, 0x00, 0x00, 0x00, 0x00, 0x00, 0x00,
    0x00, 0x00, 0x00, 0x00, 0x00, 0x00, 0x00, 0x00, 0x00, 0x00, 0x00, 0x00,
    0x00, 0x00, 0x00, 0x00, 0x00, 0x00, 0x00, 0x00, 0x00, 0x00, 0x00, 0x00,
    0x00, 0x00, 0x00, 0x00, 0x00, 0x00, 0x00, 0x00, 0x00, 0x00, 0x00, 0x00,
    0x00, 0x00, 0x00, 0x80, 0x0F, 0x7C, 0x00, 0x00, 0x80, 0x0F, 0x3E, 0x00,
    0x00, 0xC0, 0x07, 0x3E, 0x00, 0x00, 0xC0, 0x07, 0x3E, 0x00, 0x00, 0xC0,
    0x07, 0x1E, 0x00, 0x00, 0xC0, 0x07, 0x1F, 0x00, 0x00, 0xE0, 0x03, 0x1F,
    0x00, 0x00, 0xE0, 0x03, 0x1F, 0x00, 0xC0, 0xFF, 0xFF, 0xFF, 0x07, 0xC0,
    0xFF, 0xFF, 0xFF, 0x07, 0xC0, 0xFF, 0xFF, 0xFF, 0x07, 0xC0, 0xFF, 0xFF,
    0xFF, 0x07, 0xC0, 0xFF, 0xFF, 0xFF, 0x07, 0x00, 0xF0, 0xC1, 0x07, 0x00,
    0x00, 0xF8, 0xC0, 0x07, 0x00, 0x00, 0xF8, 0xC0, 0x07, 0x00, 0x00, 0xF8,
    0xC0, 0x07, 0x00, 0x00, 0xF8, 0xE0, 0x03, 0x00, 0x00, 0x7C, 0xE0, 0x03,
    0x00, 0xF8, 0xFF, 0xFF, 0xFF, 0x00, 0xF8, 0xFF, 0xFF, 0xFF, 0x00, 0xF8,
    0xFF, 0xFF, 0xFF, 0x00, 0xF8, 0xFF, 0xFF, 0xFF, 0x00, 0xF8, 0xFF, 0xFF,
    0xFF, 0x00, 0x00, 0x3E, 0xF0, 0x01, 0x00, 0x00, 0x3E, 0xF8, 0x00, 0x00,
    0x00, 0x1E, 0xF8, 0x00, 0x00, 0x00, 0x1F, 0xF8, 0x00, 0x00, 0x00, 0x1F,
    0xF8, 0x00, 0x00, 0x00, 0x1F, 0x7C, 0x00, 0x00, 0x80, 0x0F, 0x7C, 0x00,
    0x00, 0x80, 0x0F, 0x7C, 0x00, 0x00, 0x00, 0x00, 0x00, 0x00, 0x00, 0x00,
    0x00, 0x00, 0x00, 0x00, 0x00, 0x00, 0x00, 0x00, 0x00, 0x00, 0x00, 0x00,
    0x00, 0x00, 0x00, 0x00, 0x00, 0x00, 0x00, 0x00, 0x00, 0x00, 0x00, 0x00,
    0x00, 0x00, 0x00, 0x00, 0x00, 0x00, 0x00, 0x00, 0x00, 0x00, 0x00, 0x00,
    0x00, 0x00, 0x00, 0x00, 0x00, 0x00, 0x00, 0x00, 0x00, 0x00, 0x00, 0x00,
    0x00,
    /* U+0024 '$' */
    0x00, 0x00, 0x00, 0x00, 0x00, 0x00, 0x00, 0x00, 0x00, 0x00, 0x00, 0x00,
    0x00, 0x00, 0x00, 0x00, 0x00, 0x00, 0x00, 0x00, 0x00, 0x00, 0x00, 0x00,
    0x00, 0x00, 0x00, 0x00, 0x00, 0x00, 0x00, 0x00, 0x00, 0xC0, 0x01, 0x00,
    0x00, 0xC0, 0x01, 0x00, 0x00, 0xC0, 0x01, 0x00, 0x00, 0xC0, 0x01, 0x00,
    0x00, 0xC0, 0x01, 0x00, 0x00, 0xF8, 0x7F, 0x00, 0x00, 0xFF, 0xFF, 0x03,
    0xC0, 0xFF, 0xFF, 0x03, 0xE0, 0xFF, 0xFF, 0x03, 0xF0, 0xFF, 0xFF, 0x03,
    0xF0, 0xCF, 0xE1, 0x03, 0xF0, 0xC7, 0x01, 0x02, 0xF0, 0xC7, 0x01, 0x00,
    0xF0, 0xC7, 0x01, 0x00, 0xF0, 0xC7, 0x01, 0x00, 0xF0, 0xDF, 0x01, 0x00,
    0xF0, 0xFF, 0x07, 0x00, 0xF0, 0xFF, 0x7F, 0x00, 0xE0, 0xFF, 0xFF, 0x01,
    0xC0, 0xFF, 0xFF, 0x03, 0x00, 0xFF, 0xFF, 0x07, 0x00, 0xF8, 0xFF, 0x0F,
    0x00, 0xC0, 0xFF, 0x0F, 0x00, 0xC0, 0xF1, 0x0F, 0x00, 0xC0, 0xE1, 0x0F,
    0x00, 0xC0, 0xE1, 0x0F, 0x10, 0xC0, 0xE1, 0x0F, 0x70, 0xC0, 0xE1, 0x0F,
    0xF0, 0xC3, 0xF1, 0x0F, 0xF0, 0xFF, 0xFF, 0x07, 0xF0, 0xFF, 0xFF, 0x07,
    0xF0, 0xFF, 0xFF, 0x01, 0xE0, 0xFF, 0xFF, 0x00, 0x00, 0xFE, 0x1F, 0x00,
    0x00, 0xC0, 0x01, 0x00, 0x00, 0xC0, 0x01, 0x00, 0x00, 0xC0, 0x01, 0x00,
    0x00, 0xC0, 0x01, 0x00, 0x00, 0xC0, 0x01, 0x00, 0x00, 0xC0, 0x01, 0x00,
    0x00, 0xC0, 0x01, 0x00, 0x00, 0x00, 0x00, 0x00, 0x00, 0x00, 0x00, 0x00,
    0x00, 0x00, 0x00, 0x00, 0x00, 0x00, 0x00, 0x00,
    /* U+0025 '%' */
    0x00, 0x00, 0x00, 0x00, 0x00, 0x00, 0x00, 0x00, 0x00, 0x00, 0x00, 0x00,
    0x00, 0x00, 0x00, 0x00, 0x00, 0x00, 0x00, 0x00, 0x00, 0x00, 0x00, 0x00,
    0x00, 0x00, 0x00, 0x00, 0x00, 0x00, 0x00, 0x00, 0x00, 0x00, 0x00, 0x00,
    0x00, 0x00, 0x00, 0x00, 0x00, 0x00, 0x00, 0x00, 0x00, 0x00, 0x00, 0x00,
    0x80, 0x1F, 0x00, 0xC0, 0x07, 0x00, 0xE0, 0xFF, 0x00, 0xE0, 0x03, 0x00,
    0xF0, 0xFF, 0x01, 0xE0, 0x03, 0x00, 0xF8, 0xFF, 0x01, 0xF0, 0x01, 0x00,
    0xFC, 0xF1, 0x03, 0xF0, 0x01, 0x00, 0xFC, 0xE0, 0x03, 0xF8, 0x00, 0x00,
    0x7C, 0xE0, 0x07, 0x7C, 0x00, 0x00, 0x7C, 0xE0, 0x07, 0x7C, 0x00, 0x00,
    0x7E, 0xE0, 0x07, 0x3E, 0x00, 0x00, 0x7E, 0xE0, 0x07, 0x3E, 0x00, 0x00,
    0x7C, 0xE0, 0x07, 0x1F, 0x00, 0x00, 0x7C, 0xE0, 0x87, 0x0F, 0x00, 0x00,
    0xFC, 0xE0, 0x83, 0x0F, 0x00, 0x00, 0xFC, 0xF1, 0xC3, 0x07, 0x00, 0x00,
    0xF8, 0xFF, 0xC1, 0x03, 0x00, 0x00, 0xF0, 0xFF, 0xE1, 0x03, 0x00, 0x00,
    0xE0, 0xFF, 0xF0, 0x01, 0x3F, 0x00, 0x80, 0x1F, 0xF0, 0xC1, 0xFF, 0x00,
    0x00, 0x00, 0xF8, 0xF0, 0xFF, 0x01, 0x00, 0x00, 0x78, 0xF0, 0xFF, 0x03,
    0x00, 0x00, 0x7C, 0xF8, 0xF1, 0x07, 0x00, 0x00, 0x3E, 0xF8, 0xE0, 0x07,
    0x00, 0x00, 0x3E, 0xFC, 0xC0, 0x07, 0x00, 0x00, 0x1F, 0xFC, 0xC0, 0x0F,
    0x00, 0x00, 0x0F, 0xFC, 0xC0, 0x0F, 0x00, 0x80, 0x0F, 0xFC, 0xC0, 0x0F,
    0x00, 0xC0, 0x07, 0xFC, 0xC0, 0x0F, 0x00, 0xC0, 0x07, 0xFC, 0xC0, 0x07,
    0x00, 0xE0, 0x03, 0xF8, 0xE0, 0x07, 0x00, 0xE0, 0x01, 0xF8, 0xF1, 0x07,
    0x00, 0xF0, 0x01, 0xF0, 0xFF, 0x03, 0x00, 0xF8, 0x00, 0xF0, 0xFF, 0x01,
    0x00, 0xF8, 0x00, 0xC0, 0xFF, 0x00, 0x00, 0x7C, 0x00, 0x00, 0x3F, 0x00,
    0x00, 0x00, 0x00, 0x00, 0x00, 0x00, 0x00, 0x00, 0x00, 0x00, 0x00, 0x00,
    0x00, 0x00, 0x00, 0x00, 0x00, 0x00, 0x00, 0x00, 0x00, 0x00, 0x00, 0x00,
    0x00, 0x00, 0x00, 0x00, 0x00, 0x00, 0x00, 0x00, 0x00, 0x00, 0x00, 0x00,
    0x00, 0x00, 0x00, 0x00, 0x00, 0x00, 0x00, 0x00, 0x00, 0x00, 0x00, 0x00,
    0x00, 0x00, 0x00, 0x00, 0x00, 0x00, 0x00, 0x00, 0x00, 0x00, 0x00, 0x00,
    0x00, 0x00, 0x00, 0x00, 0x00, 0x00,
    /* U+0026 '&' */
    0x00, 0x00, 0x00, 0x00, 0x00, 0x00, 0x00, 0x00, 0x00, 0x00, 0x00, 0x00,
    0x00, 0x00, 0x00, 0x00, 0x00, 0x00, 0x00, 0x00, 0x00, 0x00, 0x00, 0x00,
    0x00, 0x00, 0x00, 0x00, 0x00, 0x00, 0x00, 0x00, 0x00, 0x00, 0x00, 0x00,
    0x00, 0x00, 0x00, 0x00, 0x00, 0xC0, 0x7F, 0x00, 0x00, 0x00, 0xF8, 0xFF,
    0x07, 0x00, 0x00, 0xFC, 0xFF, 0x07, 0x00, 0x00, 0xFE, 0xFF, 0x07, 0x00,
    0x00, 0xFF, 0xFF, 0x07, 0x00, 0x00, 0xFF, 0x81, 0x07, 0x00, 0x00, 0xFF,
    0x00, 0x02, 0x00, 0x00, 0x7F, 0x00, 0x00, 0x00, 0x00, 0xFF, 0x00, 0x00,
    0x00, 0x00, 0xFF, 0x00, 0x00, 0x00, 0x00, 0xFF, 0x01, 0x00, 0x00, 0x00,
    0xFE, 0x01, 0x00, 0x00, 0x00, 0xFE, 0x03, 0x00, 0x00, 0x00, 0xFF, 0x07,
    0x00, 0x00, 0x80, 0xFF, 0x0F, 0xE0, 0x0F, 0xC0, 0xFF, 0x1F, 0xE0, 0x0F,
    0xE0, 0xFF, 0x3F, 0xE0, 0x07, 0xF0, 0xFF, 0x7F, 0xF0, 0x07, 0xF0, 0xCF,
    0xFF, 0xF0, 0x07, 0xF8, 0x87, 0xFF, 0xF1, 0x07, 0xF8, 0x07, 0xFF, 0xFB,
    0x03, 0xF8, 0x03, 0xFE, 0xFF, 0x03, 0xF8, 0x03, 0xFC, 0xFF, 0x01, 0xF8,
    0x03, 0xF8, 0xFF, 0x01, 0xF8, 0x07, 0xF0, 0xFF, 0x00, 0xF8, 0x07, 0xE0,
    0x7F, 0x00, 0xF8, 0x0F, 0xE0, 0x7F, 0x00, 0xF0, 0x3F, 0xF0, 0xFF, 0x00,
    0xF0, 0xFF, 0xFF, 0xFF, 0x01, 0xE0, 0xFF, 0xFF, 0xFF, 0x03, 0xC0, 0xFF,
    0xFF, 0xFF, 0x07, 0x80, 0xFF, 0xFF, 0xFD, 0x07, 0x00, 0xFE, 0x7F, 0xF8,
    0x0F, 0x00, 0xF8, 0x0F, 0xF0, 0x1F, 0x00, 0x00, 0x00, 0x00, 0x00, 0x00,
    0x00, 0x00, 0x00, 0x00, 0x00, 0x00, 0x00, 0x00, 0x00, 0x00, 0x00, 0x00,
    0x00, 0x00, 0x00, 0x00, 0x00, 0x00, 0x00, 0x00, 0x00, 0x00, 0x00, 0x00,
    0x00, 0x00, 0x00, 0x00, 0x00, 0x00, 0x00, 0x00, 0x00, 0x00, 0x00, 0x00,
    0x00, 0x00, 0x00, 0x00, 0x00, 0x00, 0x00, 0x00, 0x00, 0x00, 0x00, 0x00,
    0x00,
    /* U+0027 ''' */
    0x00, 0x00, 0x00, 0x00, 0x00, 0x00, 0x00, 0x00, 0x00, 0x00, 0x00, 0x00,
    0x00, 0x00, 0x00, 0x00, 0x00, 0x00, 0xF0, 0x03, 0xF0, 0x03, 0xF0, 0x03,
    0xF0, 0x03, 0xF0, 0x03, 0xF0, 0x03, 0xF0, 0x03, 0xF0, 0x03, 0xF0, 0x03,
    0xF0, 0x03, 0xF0, 0x03, 0xF0, 0x03, 0x00, 0x00, 0x00, 0x00, 0x00, 0x00,
    0x00, 0x00, 0x00, 0x00, 0x00, 0x00, 0x00, 0x00, 0x00, 0x00, 0x00, 0x00,
    0x00, 0x00, 0x00, 0x00, 0x00, 0x00, 0x00, 0x00, 0x00, 0x00, 0x00, 0x00,
    0x00, 0x00, 0x00, 0x00, 0x00, 0x00, 0x00, 0x00, 0x00, 0x00, 0x00, 0x00,
    0x00, 0x00, 0x00, 0x00, 0x00, 0x00, 0x00, 0x00, 0x00, 0x00, 0x00, 0x00,
    0x00, 0x00, 0x00, 0x00, 0x00, 0x00, 0x00, 0x00, 0x00, 0x00,
    /* U+0028 '(' */
    0x00, 0x00, 0x00, 0x00, 0x00, 0x00, 0x00, 0x00, 0x00, 0x00, 0x00, 0x00,
    0x00, 0x00, 0x00, 0x00, 0x00, 0x00, 0x00, 0x00, 0x00, 0x00, 0x00, 0x00,
    0x00, 0xFC, 0x01, 0x00, 0xFC, 0x00, 0x00, 0xFE, 0x00, 0x00, 0x7F, 0x00,
    0x00, 0x7F, 0x00, 0x80, 0x3F, 0x00, 0x80, 0x3F, 0x00, 0x80, 0x3F, 0x00,
    0xC0, 0x1F, 0x00, 0xC0, 0x1F, 0x00, 0xE0, 0x1F, 0x00, 0xE0, 0x0F, 0x00,
    0xE0, 0x0F, 0x00, 0xE0, 0x0F, 0x00, 0xF0, 0x0F, 0x00, 0xF0, 0x0F, 0x00,
    0xF0, 0x0F, 0x00, 0xF0, 0x07, 0x00, 0xF0, 0x07, 0x00, 0xF0, 0x07, 0x00,
    0xF0, 0x07, 0x00, 0xF0, 0x07, 0x00, 0xF0, 0x07, 0x00, 0xF0, 0x0F, 0x00,
    0xF0, 0x0F, 0x00, 0xF0, 0x0F, 0x00, 0xE0, 0x0F, 0x00, 0xE0, 0x0F, 0x00,
    0xE0, 0x0F, 0x00, 0xE0, 0x1F, 0x00, 0xC0, 0x1F, 0x00, 0xC0, 0x1F, 0x00,
    0x80, 0x3F, 0x00, 0x80, 0x3F, 0x00, 0x80, 0x3F, 0x00, 0x00, 0x7F, 0x00,
    0x00, 0x7F, 0x00, 0x00, 0xFE, 0x00, 0x00, 0xFC, 0x00, 0x00, 0xFC, 0x01,
    0x00, 0x00, 0x00, 0x00, 0x00, 0x00, 0x00, 0x00, 0x00, 0x00, 0x00, 0x00,
    0x00, 0x00, 0x00,
    /* U+0029 ')' */
    0x00, 0x00, 0x00, 0x00, 0x00, 0x00, 0x00, 0x00, 0x00, 0x00, 0x00, 0x00,
    0x00, 0x00, 0x00, 0x00, 0x00, 0x00, 0x00, 0x00, 0x00, 0x00, 0x00, 0x00,
    0xF0, 0x03, 0x00, 0xF0, 0x07, 0x00, 0xE0, 0x0F, 0x00, 0xE0, 0x0F, 0x00,
    0xC0, 0x1F, 0x00, 0xC0, 0x1F, 0x00, 0x80, 0x3F, 0x00, 0x80, 0x3F, 0x00,
    0x80, 0x3F, 0x00, 0x00, 0x7F, 0x00, 0x00, 0x7F, 0x00, 0x00, 0x7F, 0x00,
    0x00, 0xFF, 0x00, 0x00, 0xFE, 0x00, 0x00, 0xFE, 0x00, 0x00, 0xFE, 0x00,
    0x00, 0xFE, 0x00, 0x00, 0xFE, 0x01, 0x00, 0xFE, 0x01, 0x00, 0xFE, 0x01,
    0x00, 0xFE, 0x01, 0x00, 0xFE, 0x01, 0x00, 0xFE, 0x01, 0x00, 0xFE, 0x00,
    0x00, 0xFE, 0x00, 0x00, 0xFE, 0x00, 0x00, 0xFE, 0x00, 0x00, 0xFF, 0x00,
    0x00, 0x7F, 0x00, 0x00, 0x7F, 0x00, 0x00, 0x7F, 0x00, 0x80, 0x3F, 0x00,
    0x80, 0x3F, 0x00, 0x80, 0x3F, 0x00, 0xC0, 0x1F, 0x00, 0xC0, 0x1F, 0x00,
    0xE0, 0x0F, 0x00, 0xE0, 0x0F, 0x00, 0xF0, 0x07, 0x00, 0xF0, 0x03, 0x00,
    0x00, 0x00, 0x00, 0x00, 0x00, 0x00, 0x00, 0x00, 0x00, 0x00, 0x00, 0x00,
    0x00, 0x00, 0x00,
    /* U+002A '*' */
    0x00, 0x00, 0x00, 0x00, 0x00, 0x00, 0x00, 0x00, 0x00, 0x00, 0x00, 0x00,
    0x00, 0x00, 0x00, 0x00, 0x00, 0x00, 0x00, 0x00, 0x00, 0x00, 0x00, 0x00,
    0x00, 0x3C, 0x00, 0x00, 0x3C, 0x00, 0x00, 0x3C, 0x00, 0x00, 0x3C, 0x00,
    0x0C, 0x3C, 0x10, 0x1C, 0x3C, 0x3C, 0x7E, 0x3C, 0x3F, 0xFC, 0xFF, 0x1F,
    0xF0, 0xFF, 0x07, 0xC0, 0xFF, 0x01, 0x00, 0xFF, 0x00, 0xC0, 0xFF, 0x01,
    0xF0, 0xFF, 0x07, 0xFC, 0xFD, 0x1F, 0x7E, 0x3C, 0x3F, 0x1C, 0x3C, 0x3C,
    0x0C, 0x3C, 0x10, 0x00, 0x3C, 0x00, 0x00, 0x3C, 0x00, 0x00, 0x3C, 0x00,
    0x00, 0x3C, 0x00, 0x00, 0x00, 0x00, 0x00, 0x00, 0x00, 0x00, 0x00, 0x00,
    0x00, 0x00, 0x00, 0x00, 0x00, 0x00, 0x00, 0x00, 0x00, 0x00, 0x00, 0x00,
    0x00, 0x00, 0x00, 0x00, 0x00, 0x00, 0x00, 0x00, 0x00, 0x00, 0x00, 0x00,
    0x00, 0x00, 0x00, 0x00, 0x00, 0x00, 0x00, 0x00, 0x00, 0x00, 0x00, 0x00,
    0x00, 0x00, 0x00, 0x00, 0x00, 0x00, 0x00, 0x00, 0x00, 0x00, 0x00, 0x00,
    0x00, 0x00, 0x00, 0x00, 0x00, 0x00, 0x00, 0x00, 0x00, 0x00, 0x00, 0x00,
    0x00, 0x00, 0x00,
    /* U+002B '+' */
    0x00, 0x00, 0x00, 0x00, 0x00, 0x00, 0x00, 0x00, 0x00, 0x00, 0x00, 0x00,
    0x00, 0x00, 0x00, 0x00, 0x00, 0x00, 0x00, 0x00, 0x00, 0x00, 0x00, 0x00,
    0x00, 0x00, 0x00, 0x00, 0x00, 0x00, 0x00, 0x00, 0x00, 0x00, 0x00, 0x00,
    0x00, 0x00, 0x00, 0x00, 0x00, 0x00, 0x00, 0x00, 0x00, 0x00, 0x00, 0x00,
    0x00, 0x00, 0x00, 0x00, 0x00, 0x00, 0x00, 0x00, 0x00, 0x00, 0x00, 0x00,
    0x00, 0x00, 0x00, 0x00, 0x00, 0x00, 0x00, 0x1F, 0x00, 0x00, 0x00, 0x00,
    0x1F, 0x00, 0x00, 0x00, 0x00, 0x1F, 0x00, 0x00, 0x00, 0x00, 0x1F, 0x00,
    0x00, 0x00, 0x00, 0x1F, 0x00, 0x00, 0x00, 0x00, 0x1F, 0x00, 0x00, 0x00,
    0x00, 0x1F, 0x00, 0x00, 0x00, 0x00, 0x1F, 0x00, 0x00, 0x00, 0x00, 0x1F,
    0x00, 0x00, 0x00, 0x00, 0x1F, 0x00, 0x00, 0x00, 0x00, 0x1F, 0x00, 0x00,
    0x00, 0x00, 0x1F, 0x00, 0x00, 0xE0, 0xFF, 0xFF, 0xFF, 0x01, 0xE0, 0xFF,
    0xFF, 0xFF, 0x01, 0xE0, 0xFF, 0xFF, 0xFF, 0x01, 0xE0, 0xFF, 0xFF, 0xFF,
    0x01, 0xE0, 0xFF, 0xFF, 0xFF, 0x01, 0x00, 0x00, 0x1F, 0x00, 0x00, 0x00,
    0x00, 0x1F, 0x00, 0x00, 0x00, 0x00, 0x1F, 0x00, 0x00, 0x00, 0x00, 0x1F,
    0x00, 0x00, 0x00, 0x00, 0x1F, 0x00, 0x00, 0x00, 0x00, 0x1F, 0x00, 0x00,
    0x00, 0x00, 0x1F, 0x00, 0x00, 0x00, 0x00, 0x1F, 0x00, 0x00, 0x00, 0x00,
    0x1F, 0x00, 0x00, 0x00, 0x00, 0x1F, 0x00, 0x00, 0x00, 0x00, 0x1F, 0x00,
    0x00, 0x00, 0x00, 0x1F, 0x00, 0x00, 0x00, 0x00, 0x00, 0x00, 0x00, 0x00,
    0x00, 0x00, 0x00, 0x00, 0x00, 0x00, 0x00, 0x00, 0x00, 0x00, 0x00, 0x00,
    0x00, 0x00, 0x00, 0x00, 0x00, 0x00, 0x00, 0x00, 0x00, 0x00, 0x00, 0x00,
    0x00, 0x00, 0x00, 0x00, 0x00, 0x00, 0x00, 0x00, 0x00, 0x00, 0x00, 0x00,
    0x00, 0x00, 0x00, 0x00, 0x00, 0x00, 0x00, 0x00, 0x00, 0x00, 0x00, 0x00,
    0x00,
    /* U+002C ',' */
    0x00, 0x00, 0x00, 0x00, 0x00, 0x00, 0x00, 0x00, 0x00, 0x00, 0x00, 0x00,
    0x00, 0x00, 0x00, 0x00, 0x00, 0x00, 0x00, 0x00, 0x00, 0x00, 0x00, 0x00,
    0x00, 0x00, 0x00, 0x00, 0x00, 0x00, 0x00, 0x00, 0x00, 0x00, 0x00, 0x00,
    0x00, 0x00, 0x00, 0x00, 0x00, 0x00, 0x00, 0x00, 0x00, 0x00, 0x00, 0x00,
    0x00, 0x00, 0x00, 0x00, 0x00, 0x00, 0x00, 0x00, 0x00, 0x00, 0x00, 0x00,
    0x00, 0x00, 0x00, 0x00, 0x00, 0x00, 0x00, 0x00, 0x00, 0x00, 0x00, 0x00,
    0x00, 0x00, 0x00, 0x00, 0x00, 0x00, 0x00, 0x00, 0x00, 0x00, 0x00, 0x00,
    0x00, 0x00, 0x00, 0x00, 0x00, 0x00, 0x00, 0x00, 0x00, 0x00, 0x00, 0x00,
    0x00, 0x00, 0x00, 0xE0, 0x1F, 0x00, 0xE0, 0x1F, 0x00, 0xE0, 0x1F, 0x00,
    0xE0, 0x1F, 0x00, 0xE0, 0x1F, 0x00, 0xE0, 0x1F, 0x00, 0xE0, 0x0F, 0x00,
    0xF0, 0x0F, 0x00, 0xF0, 0x07, 0x00, 0xF0, 0x07, 0x00, 0xF0, 0x03, 0x00,
    0xF8, 0x01, 0x00, 0xF8, 0x01, 0x00, 0xF8, 0x00, 0x00, 0x78, 0x00, 0x00,
    0x00, 0x00, 0x00, 0x00, 0x00, 0x00, 0x00, 0x00, 0x00, 0x00, 0x00, 0x00,
    0x00, 0x00, 0x00,
    /* U+002D '-' */
    0x00, 0x00, 0x00, 0x00, 0x00, 0x00, 0x00, 0x00, 0x00, 0x00, 0x00, 0x00,
    0x00, 0x00, 0x00, 0x00, 0x00, 0x00, 0x00, 0x00, 0x00, 0x00, 0x00, 0x00,
    0x00, 0x00, 0x00, 0x00, 0x00, 0x00, 0x00, 0x00, 0x00, 0x00, 0x00, 0x00,
    0x00, 0x00, 0x00, 0x00, 0x00, 0x00, 0x00, 0x00, 0x00, 0x00, 0x00, 0x00,
    0x00, 0x00, 0x00, 0x00, 0x00, 0x00, 0x00, 0x00, 0x00, 0x00, 0x00, 0x00,
    0x00, 0x00, 0x00, 0x00, 0x00, 0x00, 0x00, 0x00, 0x00, 0x00, 0x00, 0x00,
    0x00, 0x00, 0x00, 0x00, 0x00, 0x00, 0xFC, 0xFF, 0x00, 0xFC, 0xFF, 0x00,
    0xFC, 0xFF, 0x00, 0xFC, 0xFF, 0x00, 0xFC, 0xFF, 0x00, 0xFC, 0xFF, 0x00,
    0x00, 0x00, 0x00, 0x00, 0x00, 0x00, 0x00, 0x00, 0x00, 0x00, 0x00, 0x00,
    0x00, 0x00, 0x00, 0x00, 0x00, 0x00, 0x00, 0x00, 0x00, 0x00, 0x00, 0x00,
    0x00, 0x00, 0x00, 0x00, 0x00, 0x00, 0x00, 0x00, 0x00, 0x00, 0x00, 0x00,
    0x00, 0x00, 0x00, 0x00, 0x00, 0x00, 0x00, 0x00, 0x00, 0x00, 0x00, 0x00,
    0x00, 0x00, 0x00, 0x00, 0x00, 0x00, 0x00, 0x00, 0x00, 0x00, 0x00, 0x00,
    0x00, 0x00, 0x00,
    /* U+002E '.' */
    0x00, 0x00, 0x00, 0x00, 0x00, 0x00, 0x00, 0x00, 0x00, 0x00, 0x00, 0x00,
    0x00, 0x00, 0x00, 0x00, 0x00, 0x00, 0x00, 0x00, 0x00, 0x00, 0x00, 0x00,
    0x00, 0x00, 0x00, 0x00, 0x00, 0x00, 0x00, 0x00, 0x00, 0x00, 0x00, 0x00,
    0x00, 0x00, 0x00, 0x00, 0x00, 0x00, 0x00, 0x00, 0x00, 0x00, 0x00, 0x00,
    0x00, 0x00, 0x00, 0x00, 0x00, 0x00, 0x00, 0x00, 0x00, 0x00, 0x00, 0x00,
    0x00, 0x00, 0x00, 0x00, 0x00, 0x00, 0x00, 0x00, 0x00, 0x00, 0x00, 0x00,
    0x00, 0x00, 0x00, 0x00, 0x00, 0x00, 0x00, 0x00, 0x00, 0x00, 0x00, 0x00,
    0x00, 0x00, 0x00, 0x00, 0x00, 0x00, 0x00, 0x00, 0x00, 0x00, 0x00, 0x00,
    0x00, 0x00, 0x00, 0xE0, 0x1F, 0x00, 0xE0, 0x1F, 0x00, 0xE0, 0x1F, 0x00,
    0xE0, 0x1F, 0x00, 0xE0, 0x1F, 0x00, 0xE0, 0x1F, 0x00, 0xE0, 0x1F, 0x00,
    0xE0, 0x1F, 0x00, 0xE0, 0x1F, 0x00, 0x00, 0x00, 0x00, 0x00, 0x00, 0x00,
    0x00, 0x00, 0x00, 0x00, 0x00, 0x00, 0x00, 0x00, 0x00, 0x00, 0x00, 0x00,
    0x00, 0x00, 0x00, 0x00, 0x00, 0x00, 0x00, 0x00, 0x00, 0x00, 0x00, 0x00,
    0x00, 0x00, 0x00,
    /* U+002F '/' */
    0x00, 0x00, 0x00, 0x00, 0x00, 0x00, 0x00, 0x00, 0x00, 0x00, 0x00, 0x00,
    0x00, 0x00, 0x00, 0x00, 0x00, 0x00, 0x00, 0x00, 0x00, 0x00, 0x00, 0x00,
    0x00, 0x00, 0x00, 0x00, 0xF8, 0x00, 0x00, 0xF8, 0x00, 0x00, 0xF8, 0x00,
    0x00, 0x7C, 0x00, 0x00, 0x7C, 0x00, 0x00, 0x7C, 0x00, 0x00, 0x3C, 0x00,
    0x00, 0x3E, 0x00, 0x00, 0x3E, 0x00, 0x00, 0x1E, 0x00, 0x00, 0x1F, 0x00,
    0x00, 0x1F, 0x00, 0x00, 0x1F, 0x00, 0x80, 0x0F, 0x00, 0x80, 0x0F, 0x00,
    0x80, 0x0F, 0x00, 0xC0, 0x07, 0x00, 0xC0, 0x07, 0x00, 0xC0, 0x07, 0x00,
    0xE0, 0x03, 0x00, 0xE0, 0x03, 0x00, 0xE0, 0x03, 0x00, 0xE0, 0x01, 0x00,
    0xF0, 0x01, 0x00, 0xF0, 0x01, 0x00, 0xF0, 0x00, 0x00, 0xF8, 0x00, 0x00,
    0xF8, 0x00, 0x00, 0xF8, 0x00, 0x00, 0x7C, 0x00, 0x00, 0x7C, 0x00, 0x00,
    0x7C, 0x00, 0x00, 0x3E, 0x00, 0x00, 0x3E, 0x00, 0x00, 0x3E, 0x00, 0x00,
    0x1F, 0x00, 0x00, 0x1F, 0x00, 0x00, 0x00, 0x00, 0x00, 0x00, 0x00, 0x00,
    0x00, 0x00, 0x00, 0x00, 0x00, 0x00, 0x00, 0x00, 0x00, 0x00, 0x00, 0x00,
    0x00, 0x00, 0x00,
    /* U+0030 '0' */
    0x00, 0x00, 0x00, 0x00, 0x00, 0x00, 0x00, 0x00, 0x00, 0x00, 0x00, 0x00,
    0x00, 0x00, 0x00, 0x00, 0x00, 0x00, 0x00, 0x00, 0x00, 0x00, 0x00, 0x00,
    0x00, 0x00, 0x00, 0x00, 0x00, 0x00, 0x00, 0x00, 0x00, 0xF0, 0x0F, 0x00,
    0x00, 0xFE, 0x3F, 0x00, 0x00, 0xFF, 0xFF, 0x00, 0x80, 0xFF, 0xFF, 0x01,
    0xC0, 0xFF, 0xFF, 0x03, 0xE0, 0xFF, 0xFF, 0x03, 0xF0, 0x3F, 0xFC, 0x07,
    0xF0, 0x0F, 0xF8, 0x07, 0xF0, 0x0F, 0xF0, 0x0F, 0xF8, 0x07, 0xF0, 0x0F,
    0xF8, 0x07, 0xF0, 0x0F, 0xF8, 0x07, 0xF0, 0x1F, 0xF8, 0x07, 0xF0, 0x1F,
    0xFC, 0x07, 0xE0, 0x1F, 0xFC, 0x07, 0xE0, 0x1F, 0xFC, 0x07, 0xE0, 0x1F,
    0xFC, 0x07, 0xE0, 0x1F, 0xFC, 0x07, 0xE0, 0x1F, 0xFC, 0x07, 0xE0, 0x1F,
    0xFC, 0x07, 0xE0, 0x1F, 0xFC, 0x07, 0xE0, 0x1F, 0xFC, 0x07, 0xF0, 0x1F,
    0xF8, 0x07, 0xF0, 0x1F, 0xF8, 0x07, 0xF0, 0x0F, 0xF8, 0x07, 0xF0, 0x0F,
    0xF0, 0x0F, 0xF0, 0x0F, 0xF0, 0x0F, 0xF8, 0x07, 0xF0, 0x3F, 0xFC, 0x07,
    0xE0, 0xFF, 0xFF, 0x03, 0xC0, 0xFF, 0xFF, 0x03, 0x80, 0xFF, 0xFF, 0x01,
    0x00, 0xFF, 0xFF, 0x00, 0x00, 0xFE, 0x3F, 0x00, 0x00, 0xF0, 0x0F, 0x00,
    0x00, 0x00, 0x00, 0x00, 0x00, 0x00, 0x00, 0x00, 0x00, 0x00, 0x00, 0x00,
    0x00, 0x00, 0x00, 0x00, 0x00, 0x00, 0x00, 0x00, 0x00, 0x00, 0x00, 0x00,
    0x00, 0x00, 0x00, 0x00, 0x00, 0x00, 0x00, 0x00, 0x00, 0x00, 0x00, 0x00,
    0x00, 0x00, 0x00, 0x00, 0x00, 0x00, 0x00, 0x00,
    /* U+0031 '1' */
    0x00, 0x00, 0x00, 0x00, 0x00, 0x00, 0x00, 0x00, 0x00, 0x00, 0x00, 0x00,
    0x00, 0x00, 0x00, 0x00, 0x00, 0x00, 0x00, 0x00, 0x00, 0x00, 0x00, 0x00,
    0x00, 0x00, 0x00, 0x00, 0x00, 0x00, 0x00, 0x00, 0x00, 0x00, 0x00, 0x00,
    0x00, 0xF8, 0x1F, 0x00, 0x80, 0xFF, 0x1F, 0x00, 0xE0, 0xFF, 0x1F, 0x00,
    0xE0, 0xFF, 0x1F, 0x00, 0xE0, 0xFF, 0x1F, 0x00, 0xE0, 0xFF, 0x1F, 0x00,
    0xE0, 0xE7, 0x1F, 0x00, 0x60, 0xE0, 0x1F, 0x00, 0x00, 0xE0, 0x1F, 0x00,
    0x00, 0xE0, 0x1F, 0x00, 0x00, 0xE0, 0x1F, 0x00, 0x00, 0xE0, 0x1F, 0x00,
    0x00, 0xE0, 0x1F, 0x00, 0x00, 0xE0, 0x1F, 0x00, 0x00, 0xE0, 0x1F, 0x00,
    0x00, 0xE0, 0x1F, 0x00, 0x00, 0xE0, 0x1F, 0x00, 0x00, 0xE0, 0x1F, 0x00,
    0x00, 0xE0, 0x1F, 0x00, 0x00, 0xE0, 0x1F, 0x00, 0x00, 0xE0, 0x1F, 0x00,
    0x00, 0xE0, 0x1F, 0x00, 0x00, 0xE0, 0x1F, 0x00, 0x00, 0xE0, 0x1F, 0x00,
    0x00, 0xE0, 0x1F, 0x00, 0x00, 0xE0, 0x1F, 0x00, 0x00, 0xE0, 0x1F, 0x00,
    0xE0, 0xFF, 0xFF, 0x0F, 0xE0, 0xFF, 0xFF, 0x0F, 0xE0, 0xFF, 0xFF, 0x0F,
    0xE0, 0xFF, 0xFF, 0x0F, 0xE0, 0xFF, 0xFF, 0x0F, 0xE0, 0xFF, 0xFF, 0x0F,
    0x00, 0x00, 0x00, 0x00, 0x00, 0x00, 0x00, 0x00, 0x00, 0x00, 0x00, 0x00,
    0x00, 0x00, 0x00, 0x00, 0x00, 0x00, 0x00, 0x00, 0x00, 0x00, 0x00, 0x00,
    0x00, 0x00, 0x00, 0x00, 0x00, 0x00, 0x00, 0x00, 0x00, 0x00, 0x00, 0x00,
    0x00, 0x00, 0x00, 0x00, 0x00, 0x00, 0x00, 0x00,
    /* U+0032 '2' */
    0x00, 0x00, 0x00, 0x00, 0x00, 0x00, 0x00, 0x00, 0x00, 0x00, 0x00, 0x00,
    0x00, 0x00, 0x00, 0x00, 0x00, 0x00, 0x00, 0x00, 0x00, 0x00, 0x00, 0x00,
    0x00, 0x00, 0x00, 0x00, 0x00, 0x00, 0x00, 0x00, 0x00, 0xFE, 0x07, 0x00,
    0xE0, 0xFF, 0x3F, 0x00, 0xF0, 0xFF, 0xFF, 0x00, 0xF0, 0xFF, 0xFF, 0x01,
    0xF0, 0xFF, 0xFF, 0x03, 0xF0, 0xFF, 0xFF, 0x03, 0xF0, 0x03, 0xFF, 0x07,
    0x70, 0x00, 0xFE, 0x07, 0x10, 0x00, 0xFC, 0x07, 0x00, 0x00, 0xFC, 0x07,
    0x00, 0x00, 0xF8, 0x07, 0x00, 0x00, 0xF8, 0x07, 0x00, 0x00, 0xFC, 0x07,
    0x00, 0x00, 0xFC, 0x07, 0x00, 0x00, 0xFC, 0x03, 0x00, 0x00, 0xFE, 0x03,
    0x00, 0x00, 0xFF, 0x01, 0x00, 0x80, 0xFF, 0x00, 0x00, 0xC0, 0x7F, 0x00,
    0x00, 0xE0, 0x3F, 0x00, 0x00, 0xF0, 0x1F, 0x00, 0x00, 0xF8, 0x0F, 0x00,
    0x00, 0xFE, 0x07, 0x00, 0x00, 0xFF, 0x03, 0x00, 0x80, 0xFF, 0x01, 0x00,
    0xC0, 0xFF, 0x00, 0x00, 0xE0, 0x7F, 0x00, 0x00, 0xF0, 0x3F, 0x00, 0x00,
    0xF0, 0xFF, 0xFF, 0x07, 0xF0, 0xFF, 0xFF, 0x07, 0xF0, 0xFF, 0xFF, 0x07,
    0xF0, 0xFF, 0xFF, 0x07, 0xF0, 0xFF, 0xFF, 0x07, 0xF0, 0xFF, 0xFF, 0x07,
    0x00, 0x00, 0x00, 0x00, 0x00, 0x00, 0x00, 0x00, 0x00, 0x00, 0x00, 0x00,
    0x00, 0x00, 0x00, 0x00, 0x00, 0x00, 0x00, 0x00, 0x00, 0x00, 0x00, 0x00,
    0x00, 0x00, 0x00, 0x00, 0x00, 0x00, 0x00, 0x00, 0x00, 0x00, 0x00, 0x00,
    0x00, 0x00, 0x00, 0x00, 0x00, 0x00, 0x00, 0x00,
    /* U+0033 '3' */
    0x00, 0x00, 0x00, 0x00, 0x00, 0x00, 0x00, 0x00, 0x00, 0x00, 0x00, 0x00,
    0x00, 0x00, 0x00, 0x00, 0x00, 0x00, 0x00, 0x00, 0x00, 0x00, 0x00, 0x00,
    0x00, 0x00, 0x00, 0x00, 0x00, 0x00, 0x00, 0x00, 0x00, 0xFE, 0x0F, 0x00,
    0xC0, 0xFF, 0x7F, 0x00, 0xF0, 0xFF, 0xFF, 0x00, 0xF0, 0xFF, 0xFF, 0x01,
    0xF0, 0xFF, 0xFF, 0x03, 0xF0, 0xFF, 0xFF, 0x03, 0xF0, 0x01, 0xFF, 0x07,
    0x30, 0x00, 0xFC, 0x07, 0x00, 0x00, 0xFC, 0x07, 0x00, 0x00, 0xFC, 0x07,
    0x00, 0x00, 0xFC, 0x07, 0x00, 0x00, 0xFC, 0x03, 0x00, 0x00, 0xFF, 0x03,
    0x00, 0xFE, 0xFF, 0x00, 0x00, 0xFE, 0x7F, 0x00, 0x00, 0xFE, 0x3F, 0x00,
    0x00, 0xFE, 0xFF, 0x00, 0x00, 0xFE, 0xFF, 0x01, 0x00, 0xFE, 0xFF, 0x03,
    0x00, 0x00, 0xFF, 0x07, 0x00, 0x00, 0xFC, 0x07, 0x00, 0x00, 0xF8, 0x07,
    0x00, 0x00, 0xF8, 0x0F, 0x00, 0x00, 0xF8, 0x0F, 0x00, 0x00, 0xF8, 0x0F,
    0x00, 0x00, 0xF8, 0x0F, 0x08, 0x00, 0xFC, 0x07, 0xF8, 0x00, 0xFF, 0x07,
    0xF8, 0xFF, 0xFF, 0x07, 0xF8, 0xFF, 0xFF, 0x03, 0xF8, 0xFF, 0xFF, 0x01,
    0xF8, 0xFF, 0xFF, 0x00, 0xF8, 0xFF, 0x3F, 0x00, 0xC0, 0xFF, 0x07, 0x00,
    0x00, 0x00, 0x00, 0x00, 0x00, 0x00, 0x00, 0x00, 0x00, 0x00, 0x00, 0x00,
    0x00, 0x00, 0x00, 0x00, 0x00, 0x00, 0x00, 0x00, 0x00, 0x00, 0x00, 0x00,
    0x00, 0x00, 0x00, 0x00, 0x00, 0x00, 0x00, 0x00, 0x00, 0x00, 0x00, 0x00,
    0x00, 0x00, 0x00, 0x00, 0x00, 0x00, 0x00, 0x00,
    /* U+0034 '4' */
    0x00, 0x00, 0x00, 0x00, 0x00, 0x00, 0x00, 0x00, 0x00, 0x00, 0x00, 0x00,
    0x00, 0x00, 0x00, 0x00, 0x00, 0x00, 0x00, 0x00, 0x00, 0x00, 0x00, 0x00,
    0x00, 0x00, 0x00, 0x00, 0x00, 0x00, 0x00, 0x00, 0x00, 0x00, 0x00, 0x00,
    0x00, 0x80, 0xFF, 0x01, 0x00, 0xC0, 0xFF, 0x01, 0x00, 0xE0, 0xFF, 0x01,
    0x00, 0xE0, 0xFF, 0x01, 0x00, 0xF0, 0xFF, 0x01, 0x00, 0xF8, 0xFF, 0x01,
    0x00, 0xF8, 0xFF, 0x01, 0x00, 0xFC, 0xFF, 0x01, 0x00, 0xFE, 0xFE, 0x01,
    0x00, 0x7E, 0xFE, 0x01, 0x00, 0x3F, 0xFE, 0x01, 0x80, 0x3F, 0xFE, 0x01,
    0x80, 0x1F, 0xFE, 0x01, 0xC0, 0x0F, 0xFE, 0x01, 0xE0, 0x0F, 0xFE, 0x01,
    0xE0, 0x07, 0xFE, 0x01, 0xF0, 0x03, 0xFE, 0x01, 0xF8, 0x03, 0xFE, 0x01,
    0xF8, 0x01, 0xFE, 0x01, 0xFC, 0x00, 0xFE, 0x01, 0xFC, 0x00, 0xFE, 0x01,
    0xFC, 0xFF, 0xFF, 0x1F, 0xFC, 0xFF, 0xFF, 0x1F, 0xFC, 0xFF, 0xFF, 0x1F,
    0xFC, 0xFF, 0xFF, 0x1F, 0xFC, 0xFF, 0xFF, 0x1F, 0xFC, 0xFF, 0xFF, 0x1F,
    0x00, 0x00, 0xFE, 0x01, 0x00, 0x00, 0xFE, 0x01, 0x00, 0x00, 0xFE, 0x01,
    0x00, 0x00, 0xFE, 0x01, 0x00, 0x00, 0xFE, 0x01, 0x00, 0x00, 0xFE, 0x01,
    0x00, 0x00, 0x00, 0x00, 0x00, 0x00, 0x00, 0x00, 0x00, 0x00, 0x00, 0x00,
    0x00, 0x00, 0x00, 0x00, 0x00, 0x00, 0x00, 0x00, 0x00, 0x00, 0x00, 0x00,
    0x00, 0x00, 0x00, 0x00, 0x00, 0x00, 0x00, 0x00, 0x00, 0x00, 0x00, 0x00,
    0x00, 0x00, 0x00, 0x00, 0x00, 0x00, 0x00, 0x00,
    /* U+0035 '5' */
    0x00, 0x00, 0x00, 0x00, 0x00, 0x00, 0x00, 0x00, 0x00, 0x00, 0x00, 0x00,
    0x00, 0x00, 0x00, 0x00, 0x00, 0x00, 0x00, 0x00, 0x00, 0x00, 0x00, 0x00,
    0x00, 0x00, 0x00, 0x00, 0x00, 0x00, 0x00, 0x00, 0x00, 0x00, 0x00, 0x00,
    0xE0, 0xFF, 0xFF, 0x03, 0xE0, 0xFF, 0xFF, 0x03, 0xE0, 0xFF, 0xFF, 0x03,
    0xE0, 0xFF, 0xFF, 0x03, 0xE0, 0xFF, 0xFF, 0x03, 0xE0, 0xFF, 0xFF, 0x03,
    0xE0, 0x0F, 0x00, 0x00, 0xE0, 0x0F, 0x00, 0x00, 0xE0, 0x0F, 0x00, 0x00,
    0xE0, 0x0F, 0x00, 0x00, 0xE0, 0xFF, 0x0F, 0x00, 0xE0, 0xFF, 0x3F, 0x00,
    0xE0, 0xFF, 0xFF, 0x00, 0xE0, 0xFF, 0xFF, 0x01, 0xE0, 0xFF, 0xFF, 0x03,
    0xE0, 0xFF, 0xFF, 0x07, 0xE0, 0x01, 0xFF, 0x07, 0x20, 0x00, 0xFC, 0x0F,
    0x00, 0x00, 0xF8, 0x0F, 0x00, 0x00, 0xF8, 0x0F, 0x00, 0x00, 0xF0, 0x0F,
    0x00, 0x00, 0xF0, 0x0F, 0x00, 0x00, 0xF0, 0x0F, 0x00, 0x00, 0xF8, 0x0F,
    0x00, 0x00, 0xF8, 0x0F, 0x78, 0x00, 0xFC, 0x0F, 0xF8, 0x03, 0xFF, 0x07,
    0xF8, 0xFF, 0xFF, 0x07, 0xF8, 0xFF, 0xFF, 0x03, 0xF8, 0xFF, 0xFF, 0x01,
    0xF8, 0xFF, 0xFF, 0x00, 0xE0, 0xFF, 0x3F, 0x00, 0x00, 0xFE, 0x07, 0x00,
    0x00, 0x00, 0x00, 0x00, 0x00, 0x00, 0x00, 0x00, 0x00, 0x00, 0x00, 0x00,
    0x00, 0x00, 0x00, 0x00, 0x00, 0x00, 0x00, 0x00, 0x00, 0x00, 0x00, 0x00,
    0x00, 0x00, 0x00, 0x00, 0x00, 0x00, 0x00, 0x00, 0x00, 0x00, 0x00, 0x00,
    0x00, 0x00, 0x00, 0x00, 0x00, 0x00, 0x00, 0x00,
    /* U+0036 '6' */
    0x00, 0x00, 0x00, 0x00, 0x00, 0x00, 0x00, 0x00, 0x00, 0x00, 0x00, 0x00,
    0x00, 0x00, 0x00, 0x00, 0x00, 0x00, 0x00, 0x00, 0x00, 0x00, 0x00, 0x00,
    0x00, 0x00, 0x00, 0x00, 0x00, 0x00, 0x00, 0x00, 0x00, 0xC0, 0x3F, 0x00,
    0x00, 0xF8, 0xFF, 0x03, 0x00, 0xFE, 0xFF, 0x07, 0x00, 0xFF, 0xFF, 0x07,
    0x80, 0xFF, 0xFF, 0x07, 0xC0, 0xFF, 0xFF, 0x07, 0xC0, 0xFF, 0x80, 0x07,
    0xE0, 0x3F, 0x00, 0x04, 0xF0, 0x1F, 0x00, 0x00, 0xF0, 0x0F, 0x00, 0x00,
    0xF0, 0x0F, 0x00, 0x00, 0xF8, 0x07, 0x00, 0x00, 0xF8, 0xC7, 0x1F, 0x00,
    0xF8, 0xF7, 0xFF, 0x00, 0xF8, 0xFF, 0xFF, 0x01, 0xF8, 0xFF, 0xFF, 0x03,
    0xF8, 0xFF, 0xFF, 0x07, 0xF8, 0xFF, 0xFF, 0x0F, 0xF8, 0x3F, 0xF8, 0x0F,
    0xF8, 0x1F, 0xF0, 0x0F, 0xF8, 0x0F, 0xF0, 0x1F, 0xF8, 0x0F, 0xE0, 0x1F,
    0xF8, 0x0F, 0xE0, 0x1F, 0xF8, 0x0F, 0xE0, 0x1F, 0xF0, 0x0F, 0xE0, 0x1F,
    0xF0, 0x0F, 0xF0, 0x1F, 0xF0, 0x1F, 0xF0, 0x0F, 0xE0, 0x3F, 0xF8, 0x0F,
    0xC0, 0xFF, 0xFF, 0x07, 0xC0, 0xFF, 0xFF, 0x07, 0x80, 0xFF, 0xFF, 0x03,
    0x00, 0xFF, 0xFF, 0x01, 0x00, 0xFC, 0x7F, 0x00, 0x00, 0xF0, 0x0F, 0x00,
    0x00, 0x00, 0x00, 0x00, 0x00, 0x00, 0x00, 0x00, 0x00, 0x00, 0x00, 0x00,
    0x00, 0x00, 0x00, 0x00, 0x00, 0x00, 0x00, 0x00, 0x00, 0x00, 0x00, 0x00,
    0x00, 0x00, 0x00, 0x00, 0x00, 0x00, 0x00, 0x00, 0x00, 0x00, 0x00, 0x00,
    0x00, 0x00, 0x00, 0x00, 0x00, 0x00, 0x00, 0x00,
    /* U+0037 '7' */
    0x00, 0x00, 0x00, 0x00, 0x00, 0x00, 0x00, 0x00, 0x00, 0x00, 0x00, 0x00,
    0x00, 0x00, 0x00, 0x00, 0x00, 0x00, 0x00, 0x00, 0x00, 0x00, 0x00, 0x00,
    0x00, 0x00, 0x00, 0x00, 0x00, 0x00, 0x00, 0x00, 0x00, 0x00, 0x00, 0x00,
    0xF8, 0xFF, 0xFF, 0x0F, 0xF8, 0xFF, 0xFF, 0x0F, 0xF8, 0xFF, 0xFF, 0x0F,
    0xF8, 0xFF, 0xFF, 0x0F, 0xF8, 0xFF, 0xFF, 0x0F, 0xF8, 0xFF, 0xFF, 0x07,
    0x00, 0x00, 0xF8, 0x07, 0x00, 0x00, 0xFC, 0x07, 0x00, 0x00, 0xFC, 0x03,
    0x00, 0x00, 0xFE, 0x03, 0x00, 0x00, 0xFE, 0x01, 0x00, 0x00, 0xFF, 0x01,
    0x00, 0x00, 0xFF, 0x00, 0x00, 0x80, 0xFF, 0x00, 0x00, 0x80, 0x7F, 0x00,
    0x00, 0x80, 0x7F, 0x00, 0x00, 0xC0, 0x3F, 0x00, 0x00, 0xC0, 0x3F, 0x00,
    0x00, 0xE0, 0x3F, 0x00, 0x00, 0xE0, 0x1F, 0x00, 0x00, 0xF0, 0x1F, 0x00,
    0x00, 0xF0, 0x0F, 0x00, 0x00, 0xF8, 0x0F, 0x00, 0x00, 0xF8, 0x07, 0x00,
    0x00, 0xF8, 0x07, 0x00, 0x00, 0xFC, 0x03, 0x00, 0x00, 0xFC, 0x03, 0x00,
    0x00, 0xFE, 0x01, 0x00, 0x00, 0xFE, 0x01, 0x00, 0x00, 0xFF, 0x01, 0x00,
    0x00, 0xFF, 0x00, 0x00, 0x80, 0xFF, 0x00, 0x00, 0x80, 0x7F, 0x00, 0x00,
    0x00, 0x00, 0x00, 0x00, 0x00, 0x00, 0x00, 0x00, 0x00, 0x00, 0x00, 0x00,
    0x00, 0x00, 0x00, 0x00, 0x00, 0x00, 0x00, 0x00, 0x00, 0x00, 0x00, 0x00,
    0x00, 0x00, 0x00, 0x00, 0x00, 0x00, 0x00, 0x00, 0x00, 0x00, 0x00, 0x00,
    0x00, 0x00, 0x00, 0x00, 0x00, 0x00, 0x00, 0x00,
    /* U+0038 '8' */
    0x00, 0x00, 0x00, 0x00, 0x00, 0x00, 0x00, 0x00, 0x00, 0x00, 0x00, 0x00,
    0x00, 0x00, 0x00, 0x00, 0x00, 0x00, 0x00, 0x00, 0x00, 0x00, 0x00, 0x00,
    0x00, 0x00, 0x00, 0x00, 0x00, 0x00, 0x00, 0x00, 0x00, 0xF8, 0x1F, 0x00,
    0x00, 0xFF, 0x7F, 0x00, 0xC0, 0xFF, 0xFF, 0x01, 0xE0, 0xFF, 0xFF, 0x03,
    0xF0, 0xFF, 0xFF, 0x07, 0xF0, 0xFF, 0xFF, 0x07, 0xF0, 0x1F, 0xFC, 0x0F,
    0xF0, 0x0F, 0xF8, 0x0F, 0xF8, 0x0F, 0xF0, 0x0F, 0xF0, 0x07, 0xF0, 0x0F,
    0xF0, 0x0F, 0xF0, 0x0F, 0xF0, 0x0F, 0xF8, 0x07, 0xE0, 0x1F, 0xFC, 0x07,
    0xE0, 0xFF, 0xFF, 0x03, 0x80, 0xFF, 0xFF, 0x01, 0x00, 0xFE, 0x7F, 0x00,
    0x00, 0xFF, 0xFF, 0x00, 0xC0, 0xFF, 0xFF, 0x01, 0xE0, 0xFF, 0xFF, 0x03,
    0xF0, 0x1F, 0xFC, 0x07, 0xF8, 0x0F, 0xF0, 0x0F, 0xF8, 0x07, 0xF0, 0x0F,
    0xF8, 0x07, 0xF0, 0x0F, 0xF8, 0x07, 0xF0, 0x0F, 0xF8, 0x07, 0xF0, 0x0F,
    0xF8, 0x07, 0xF0, 0x0F, 0xF8, 0x0F, 0xF0, 0x0F, 0xF8, 0x1F, 0xFC, 0x0F,
    0xF0, 0xFF, 0xFF, 0x0F, 0xF0, 0xFF, 0xFF, 0x07, 0xE0, 0xFF, 0xFF, 0x03,
    0xC0, 0xFF, 0xFF, 0x01, 0x00, 0xFF, 0xFF, 0x00, 0x00, 0xF8, 0x1F, 0x00,
    0x00, 0x00, 0x00, 0x00, 0x00, 0x00, 0x00, 0x00, 0x00, 0x00, 0x00, 0x00,
    0x00, 0x00, 0x00, 0x00, 0x00, 0x00, 0x00, 0x00, 0x00, 0x00, 0x00, 0x00,
    0x00, 0x00, 0x00, 0x00, 0x00, 0x00, 0x00, 0x00, 0x00, 0x00, 0x00, 0x00,
    0x00, 0x00, 0x00, 0x00, 0x00, 0x00, 0x00, 0x00,
    /* U+0039 '9' */
    0x00, 0x00, 0x00, 0x00, 0x00, 0x00, 0x00, 0x00, 0x00, 0x00, 0x00, 0x00,
    0x00, 0x00, 0x00, 0x00, 0x00, 0x00, 0x00, 0x00, 0x00, 0x00, 0x00, 0x00,
    0x00, 0x00, 0x00, 0x00, 0x00, 0x00, 0x00, 0x00, 0x00, 0xF8, 0x07, 0x00,
    0x00, 0xFF, 0x1F, 0x00, 0x80, 0xFF, 0x7F, 0x00, 0xE0, 0xFF, 0xFF, 0x00,
    0xE0, 0xFF, 0xFF, 0x01, 0xF0, 0xFF, 0xFF, 0x03, 0xF8, 0x1F, 0xFE, 0x03,
    0xF8, 0x07, 0xFC, 0x07, 0xF8, 0x07, 0xF8, 0x07, 0xF8, 0x07, 0xF8, 0x0F,
    0xFC, 0x07, 0xF8, 0x0F, 0xFC, 0x07, 0xF8, 0x0F, 0xFC, 0x07, 0xF8, 0x0F,
    0xF8, 0x07, 0xF8, 0x0F, 0xF8, 0x07, 0xFC, 0x0F, 0xF8, 0x1F, 0xFE, 0x0F,
    0xF8, 0xFF, 0xFF, 0x0F, 0xF0, 0xFF, 0xFF, 0x0F, 0xE0, 0xFF, 0xFF, 0x0F,
    0xC0, 0xFF, 0xFF, 0x0F, 0x80, 0xFF, 0xF7, 0x0F, 0x00, 0xFC, 0xF1, 0x0F,
    0x00, 0x00, 0xF0, 0x0F, 0x00, 0x00, 0xF8, 0x07, 0x00, 0x00, 0xF8, 0x07,
    0x00, 0x00, 0xFC, 0x07, 0x20, 0x00, 0xFE, 0x03, 0xF0, 0x80, 0xFF, 0x03,
    0xF0, 0xFF, 0xFF, 0x01, 0xF0, 0xFF, 0xFF, 0x00, 0xF0, 0xFF, 0x7F, 0x00,
    0xF0, 0xFF, 0x3F, 0x00, 0xC0, 0xFF, 0x0F, 0x00, 0x00, 0xFE, 0x01, 0x00,
    0x00, 0x00, 0x00, 0x00, 0x00, 0x00, 0x00, 0x00, 0x00, 0x00, 0x00, 0x00,
    0x00, 0x00, 0x00, 0x00, 0x00, 0x00, 0x00, 0x00, 0x00, 0x00, 0x00, 0x00,
    0x00, 0x00, 0x00, 0x00, 0x00, 0x00, 0x00, 0x00, 0x00, 0x00, 0x00, 0x00,
    0x00, 0x00, 0x00, 0x00, 0x00, 0x00, 0x00, 0x00,
    /* U+003A ':' */
    0x00, 0x00, 0x00, 0x00, 0x00, 0x00, 0x00, 0x00, 0x00, 0x00, 0x00, 0x00,
    0x00, 0x00, 0x00, 0x00, 0x00, 0x00, 0x00, 0x00, 0x00, 0x00, 0x00, 0x00,
    0x00, 0x00, 0x00, 0x00, 0x00, 0x00, 0x00, 0x00, 0x00, 0x00, 0x00, 0x00,
    0x00, 0x00, 0x00, 0x00, 0x00, 0x00, 0x00, 0x00, 0x00, 0x00, 0x00, 0x00,
    0x00, 0x00, 0x00, 0xE0, 0x1F, 0x00, 0xE0, 0x1F, 0x00, 0xE0, 0x1F, 0x00,
    0xE0, 0x1F, 0x00, 0xE0, 0x1F, 0x00, 0xE0, 0x1F, 0x00, 0xE0, 0x1F, 0x00,
    0xE0, 0x1F, 0x00, 0xE0, 0x1F, 0x00, 0x00, 0x00, 0x00, 0x00, 0x00, 0x00,
    0x00, 0x00, 0x00, 0x00, 0x00, 0x00, 0x00, 0x00, 0x00, 0x00, 0x00, 0x00,
    0x00, 0x00, 0x00, 0xE0, 0x1F, 0x00, 0xE0, 0x1F, 0x00, 0xE0, 0x1F, 0x00,
    0xE0, 0x1F, 0x00, 0xE0, 0x1F, 0x00, 0xE0, 0x1F, 0x00, 0xE0, 0x1F, 0x00,
    0xE0, 0x1F, 0x00, 0xE0, 0x1F, 0x00, 0x00, 0x00, 0x00, 0x00, 0x00, 0x00,
    0x00, 0x00, 0x00, 0x00, 0x00, 0x00, 0x00, 0x00, 0x00, 0x00, 0x00, 0x00,
    0x00, 0x00, 0x00, 0x00, 0x00, 0x00, 0x00, 0x00, 0x00, 0x00, 0x00, 0x00,
    0x00, 0x00, 0x00,
    /* U+003B ';' */
    0x00, 0x00, 0x00, 0x00, 0x00, 0x00, 0x00, 0x00, 0x00, 0x00, 0x00, 0x00,
    0x00, 0x00, 0x00, 0x00, 0x00, 0x00, 0x00, 0x00, 0x00, 0x00, 0x00, 0x00,
    0x00, 0x00, 0x00, 0x00, 0x00, 0x00, 0x00, 0x00, 0x00, 0x00, 0x00, 0x00,
    0x00, 0x00, 0x00, 0x00, 0x00, 0x00, 0x00, 0x00, 0x00, 0x00, 0x00, 0x00,
    0x00, 0x00, 0x00, 0xE0, 0x1F, 0x00, 0xE0, 0x1F, 0x00, 0xE0, 0x1F, 0x00,
    0xE0, 0x1F, 0x00, 0xE0, 0x1F, 0x00, 0xE0, 0x1F, 0x00, 0xE0, 0x1F, 0x00,
    0xE0, 0x1F, 0x00, 0xE0, 0x1F, 0x00, 0x00, 0x00, 0x00, 0x00, 0x00, 0x00,
    0x00, 0x00, 0x00, 0x00, 0x00, 0x00, 0x00, 0x00, 0x00, 0x00, 0x00, 0x00,
    0x00, 0x00, 0x00, 0xE0, 0x1F, 0x00, 0xE0, 0x1F, 0x00, 0xE0, 0x1F, 0x00,
    0xE0, 0x1F, 0x00, 0xE0, 0x1F, 0x00, 0xE0, 0x1F, 0x00, 0xE0, 0x1F, 0x00,
    0xE0, 0x0F, 0x00, 0xE0, 0x0F, 0x00, 0xF0, 0x07, 0x00, 0xF0, 0x03, 0x00,
    0xF0, 0x03, 0x00, 0xF8, 0x01, 0x00, 0xF8, 0x01, 0x00, 0xF8, 0x00, 0x00,
    0x00, 0x00, 0x00, 0x00, 0x00, 0x00, 0x00, 0x00, 0x00, 0x00, 0x00, 0x00,
    0x00, 0x00, 0x00,
    /* U+003C '<' */
    0x00, 0x00, 0x00, 0x00, 0x00, 0x00, 0x00, 0x00, 0x00, 0x00, 0x00, 0x00,
    0x00, 0x00, 0x00, 0x00, 0x00, 0x00, 0x00, 0x00, 0x00, 0x00, 0x00, 0x00,
    0x00, 0x00, 0x00, 0x00, 0x00, 0x00, 0x00, 0x00, 0x00, 0x00, 0x00, 0x00,
    0x00, 0x00, 0x00, 0x00, 0x00, 0x00, 0x00, 0x00, 0x00, 0x00, 0x00, 0x00,
    0x00, 0x00, 0x00, 0x00, 0x00, 0x00, 0x00, 0x00, 0x00, 0x00, 0x00, 0x00,
    0x00, 0x00, 0x00, 0x00, 0x00, 0x00, 0x00, 0x00, 0x00, 0x00, 0x00, 0x00,
    0x00, 0x00, 0x00, 0x00, 0x00, 0x00, 0x00, 0x01, 0x00, 0x00, 0x00, 0xE0,
    0x01, 0x00, 0x00, 0x00, 0xFC, 0x01, 0x00, 0x00, 0x80, 0xFF, 0x01, 0x00,
    0x00, 0xE0, 0xFF, 0x01, 0x00, 0x00, 0xFC, 0xFF, 0x01, 0x00, 0x80, 0xFF,
    0x3F, 0x00, 0x00, 0xE0, 0xFF, 0x0F, 0x00, 0x00, 0xFC, 0xFF, 0x01, 0x00,
    0x80, 0xFF, 0x3F, 0x00, 0x00, 0xE0, 0xFF, 0x07, 0x00, 0x00, 0xE0, 0xFF,
    0x00, 0x00, 0x00, 0xE0, 0x1F, 0x00, 0x00, 0x00, 0xE0, 0x1F, 0x00, 0x00,
    0x00, 0xE0, 0xFF, 0x00, 0x00, 0x00, 0xE0, 0xFF, 0x07, 0x00, 0x00, 0x80,
    0xFF, 0x3F, 0x00, 0x00, 0x00, 0xFC, 0xFF, 0x01, 0x00, 0x00, 0xE0, 0xFF,
    0x07, 0x00, 0x00, 0x80, 0xFF, 0x3F, 0x00, 0x00, 0x00, 0xFC, 0xFF, 0x01,
    0x00, 0x00, 0xE0, 0xFF, 0x01, 0x00, 0x00, 0x80, 0xFF, 0x01, 0x00, 0x00,
    0x00, 0xFC, 0x01, 0x00, 0x00, 0x00, 0xE0, 0x01, 0x00, 0x00, 0x00, 0x00,
    0x01, 0x00, 0x00, 0x00, 0x00, 0x00, 0x00, 0x00, 0x00, 0x00, 0x00, 0x00,
    0x00, 0x00, 0x00, 0x00, 0x00, 0x00, 0x00, 0x00, 0x00, 0x00, 0x00, 0x00,
    0x00, 0x00, 0x00, 0x00, 0x00, 0x00, 0x00, 0x00, 0x00, 0x00, 0x00, 0x00,
    0x00, 0x00, 0x00, 0x00, 0x00, 0x00, 0x00, 0x00, 0x00, 0x00, 0x00, 0x00,
    0x00, 0x00, 0x00, 0x00, 0x00, 0x00, 0x00, 0x00, 0x00, 0x00, 0x00, 0x00,
    0x00,
    /* U+003D '=' */
    0x00, 0x00, 0x00, 0x00, 0x00, 0x00, 0x00, 0x00, 0x00, 0x00, 0x00, 0x00,
    0x00, 0x00, 0x00, 0x00, 0x00, 0x00, 0x00, 0x00, 0x00, 0x00, 0x00, 0x00,
    0x00, 0x00, 0x00, 0x00, 0x00, 0x00, 0x00, 0x00, 0x00, 0x00, 0x00, 0x00,
    0x00, 0x00, 0x00, 0x00, 0x00, 0x00, 0x00, 0x00, 0x00, 0x00, 0x00, 0x00,
    0x00, 0x00, 0x00, 0x00, 0x00, 0x00, 0x00, 0x00, 0x00, 0x00, 0x00, 0x00,
    0x00, 0x00, 0x00, 0x00, 0x00, 0x00, 0x00, 0x00, 0x00, 0x00, 0x00, 0x00,
    0x00, 0x00, 0x00, 0x00, 0x00, 0x00, 0x00, 0x00, 0x00, 0x00, 0x00, 0x00,
    0x00, 0x00, 0x00, 0x00, 0x00, 0x00, 0x00, 0x00, 0x00, 0x00, 0x00, 0x00,
    0x00, 0x00, 0x00, 0x00, 0xE0, 0xFF, 0xFF, 0xFF, 0x01, 0xE0, 0xFF, 0xFF,
    0xFF, 0x01, 0xE0, 0xFF, 0xFF, 0xFF, 0x01, 0xE0, 0xFF, 0xFF, 0xFF, 0x01,
    0xE0, 0xFF, 0xFF, 0xFF, 0x01, 0x00, 0x00, 0x00, 0x00, 0x00, 0x00, 0x00,
    0x00, 0x00, 0x00, 0x00, 0x00, 0x00, 0x00, 0x00, 0x00, 0x00, 0x00, 0x00,
    0x00, 0x00, 0x00, 0x00, 0x00, 0x00, 0xE0, 0xFF, 0xFF, 0xFF, 0x01, 0xE0,
    0xFF, 0xFF, 0xFF, 0x01, 0xE0, 0xFF, 0xFF, 0xFF, 0x01, 0xE0, 0xFF, 0xFF,
    0xFF, 0x01, 0xE0, 0xFF, 0xFF, 0xFF, 0x01, 0x00, 0x00, 0x00, 0x00, 0x00,
    0x00, 0x00, 0x00, 0x00, 0x00, 0x00, 0x00, 0x00, 0x00, 0x00, 0x00, 0x00,
    0x00, 0x00, 0x00, 0x00, 0x00, 0x00, 0x00, 0x00, 0x00, 0x00, 0x00, 0x00,
    0x00, 0x00, 0x00, 0x00, 0x00, 0x00, 0x00, 0x00, 0x00, 0x00, 0x00, 0x00,
    0x00, 0x00, 0x00, 0x00, 0x00, 0x00, 0x00, 0x00, 0x00, 0x00, 0x00, 0x00,
    0x00, 0x00, 0x00, 0x00, 0x00, 0x00, 0x00, 0x00, 0x00, 0x00, 0x00, 0x00,
    0x00, 0x00, 0x00, 0x00, 0x00, 0x00, 0x00, 0x00, 0x00, 0x00, 0x00, 0x00,
    0x00, 0x00, 0x00, 0x00, 0x00, 0x00, 0x00, 0x00, 0x00, 0x00, 0x00, 0x00,
    0x00,
    /* U+003E '>' */
    0x00, 0x00, 0x00, 0x00, 0x00, 0x00, 0x00, 0x00, 0x00, 0x00, 0x00, 0x00,
    0x00, 0x00, 0x00, 0x00, 0x00, 0x00, 0x00, 0x00, 0x00, 0x00, 0x00, 0x00,
    0x00, 0x00, 0x00, 0x00, 0x00, 0x00, 0x00, 0x00, 0x00, 0x00, 0x00, 0x00,
    0x00, 0x00, 0x00, 0x00, 0x00, 0x00, 0x00, 0x00, 0x00, 0x00, 0x00, 0x00,
    0x00, 0x00, 0x00, 0x00, 0x00, 0x00, 0x00, 0x00, 0x00, 0x00, 0x00, 0x00,
    0x00, 0x00, 0x00, 0x00, 0x00, 0x00, 0x00, 0x00, 0x00, 0x00, 0x00, 0x00,
    0x00, 0x00, 0x00, 0x20, 0x00, 0x00, 0x00, 0x00, 0xE0, 0x01, 0x00, 0x00,
    0x00, 0xE0, 0x0F, 0x00, 0x00, 0x00, 0xE0, 0x3F, 0x00, 0x00, 0x00, 0xE0,
    0xFF, 0x01, 0x00, 0x00, 0xE0, 0xFF, 0x0F, 0x00, 0x00, 0x80, 0xFF, 0x3F,
    0x00, 0x00, 0x00, 0xFC, 0xFF, 0x01, 0x00, 0x00, 0xE0, 0xFF, 0x0F, 0x00,
    0x00, 0x00, 0xFF, 0x7F, 0x00, 0x00, 0x00, 0xF8, 0xFF, 0x01, 0x00, 0x00,
    0xC0, 0xFF, 0x01, 0x00, 0x00, 0x00, 0xFF, 0x01, 0x00, 0x00, 0x00, 0xFE,
    0x01, 0x00, 0x00, 0xC0, 0xFF, 0x01, 0x00, 0x00, 0xF8, 0xFF, 0x01, 0x00,
    0x00, 0xFF, 0x7F, 0x00, 0x00, 0xE0, 0xFF, 0x0F, 0x00, 0x00, 0xFC, 0xFF,
    0x01, 0x00, 0x80, 0xFF, 0x3F, 0x00, 0x00, 0xE0, 0xFF, 0x0F, 0x00, 0x00,
    0xE0, 0xFF, 0x01, 0x00, 0x00, 0xE0, 0x3F, 0x00, 0x00, 0x00, 0xE0, 0x0F,
    0x00, 0x00, 0x00, 0xE0, 0x01, 0x00, 0x00, 0x00, 0x20, 0x00, 0x00, 0x00,
    0x00, 0x00, 0x00, 0x00, 0x00, 0x00, 0x00, 0x00, 0x00, 0x00, 0x00, 0x00,
    0x00, 0x00, 0x00, 0x00, 0x00, 0x00, 0x00, 0x00, 0x00, 0x00, 0x00, 0x00,
    0x00, 0x00, 0x00, 0x00, 0x00, 0x00, 0x00, 0x00, 0x00, 0x00, 0x00, 0x00,
    0x00, 0x00, 0x00, 0x00, 0x00, 0x00, 0x00, 0x00, 0x00, 0x00, 0x00, 0x00,
    0x00, 0x00, 0x00, 0x00, 0x00, 0x00, 0x00, 0x00, 0x00, 0x00, 0x00, 0x00,
    0x00,
    /* U+003F '?' */
    0x00, 0x00, 0x00, 0x00, 0x00, 0x00, 0x00, 0x00, 0x00, 0x00, 0x00, 0x00,
    0x00, 0x00, 0x00, 0x00, 0x00, 0x00, 0x00, 0x00, 0x00, 0x00, 0x00, 0x00,
    0x00, 0x00, 0x00, 0x00, 0x00, 0x00, 0x00, 0x00, 0x00, 0x00, 0x00, 0x00,
    0x00, 0xFF, 0x01, 0x00, 0xE0, 0xFF, 0x07, 0x00, 0xF8, 0xFF, 0x1F, 0x00,
    0xF8, 0xFF, 0x3F, 0x00, 0xF8, 0xFF, 0x3F, 0x00, 0xF8, 0xFF, 0x7F, 0x00,
    0xF8, 0xE0, 0x7F, 0x00, 0x38, 0x80, 0x7F, 0x00, 0x08, 0x80, 0x7F, 0x00,
    0x00, 0x80, 0x7F, 0x00, 0x00, 0x80, 0x7F, 0x00, 0x00, 0xC0, 0x7F, 0x00,
    0x00, 0xC0, 0x3F, 0x00, 0x00, 0xE0, 0x3F, 0x00, 0x00, 0xF8, 0x1F, 0x00,
    0x00, 0xFC, 0x0F, 0x00, 0x00, 0xFE, 0x07, 0x00, 0x00, 0xFE, 0x03, 0x00,
    0x00, 0xFF, 0x01, 0x00, 0x00, 0xFF, 0x00, 0x00, 0x00, 0xFF, 0x00, 0x00,
    0x00, 0xFF, 0x00, 0x00, 0x00, 0x00, 0x00, 0x00, 0x00, 0x00, 0x00, 0x00,
    0x00, 0x00, 0x00, 0x00, 0x00, 0xFF, 0x00, 0x00, 0x00, 0xFF, 0x00, 0x00,
    0x00, 0xFF, 0x00, 0x00, 0x00, 0xFF, 0x00, 0x00, 0x00, 0xFF, 0x00, 0x00,
    0x00, 0xFF, 0x00, 0x00, 0x00, 0xFF, 0x00, 0x00, 0x00, 0xFF, 0x00, 0x00,
    0x00, 0x00, 0x00, 0x00, 0x00, 0x00, 0x00, 0x00, 0x00, 0x00, 0x00, 0x00,
    0x00, 0x00, 0x00, 0x00, 0x00, 0x00, 0x00, 0x00, 0x00, 0x00, 0x00, 0x00,
    0x00, 0x00, 0x00, 0x00, 0x00, 0x00, 0x00, 0x00, 0x00, 0x00, 0x00, 0x00,
    0x00, 0x00, 0x00, 0x00, 0x00, 0x00, 0x00, 0x00,
    /* U+0040 '@' */
    0x00, 0x00, 0x00, 0x00, 0x00, 0x00, 0x00, 0x00, 0x00, 0x00, 0x00, 0x00,
    0x00, 0x00, 0x00, 0x00, 0x00, 0x00, 0x00, 0x00, 0x00, 0x00, 0x00, 0x00,
    0x00, 0x00, 0x00, 0x00, 0x00, 0x00, 0x00, 0x00, 0x00, 0x00, 0x00, 0x00,
    0x00, 0x00, 0x00, 0x00, 0x00, 0x00, 0x00, 0x00, 0x00, 0x00, 0x00, 0x00,
    0x00, 0x00, 0x00, 0x00, 0x00, 0x00, 0x00, 0x00, 0x00, 0x00, 0x00, 0x00,
    0x00, 0x00, 0xFC, 0x0F, 0x00, 0x00, 0x00, 0x80, 0xFF, 0x7F, 0x00, 0x00,
    0x00, 0xE0, 0xFF, 0xFF, 0x01, 0x00, 0x00, 0xF8, 0xFF, 0xFF, 0x07, 0x00,
    0x00, 0xFC, 0x07, 0xF8, 0x0F, 0x00, 0x00, 0xFE, 0x00, 0xC0, 0x1F, 0x00,
    0x00, 0x3F, 0x00, 0x00, 0x3F, 0x00, 0x80, 0x1F, 0x00, 0x00, 0x7E, 0x00,
    0xC0, 0x0F, 0x00, 0x00, 0x7C, 0x00, 0xC0, 0x07, 0x00, 0x00, 0xF8, 0x00,
    0xE0, 0x03, 0xF8, 0xF8, 0xF0, 0x00, 0xE0, 0x01, 0xFE, 0xFB, 0xF0, 0x01,
    0xF0, 0x01, 0xFF, 0xFF, 0xE0, 0x01, 0xF0, 0x80, 0xFF, 0xFF, 0xE0, 0x01,
    0xF0, 0xC0, 0x1F, 0xFF, 0xE0, 0x03, 0xF8, 0xC0, 0x07, 0xFC, 0xC0, 0x03,
    0x78, 0xC0, 0x07, 0xFC, 0xC0, 0x03, 0x78, 0xE0, 0x03, 0xF8, 0xC0, 0x03,
    0x78, 0xE0, 0x03, 0xF8, 0xC0, 0x03, 0x78, 0xE0, 0x03, 0xF8, 0xE0, 0x03,
    0x78, 0xE0, 0x03, 0xF8, 0xE0, 0x01, 0x78, 0xE0, 0x07, 0xF8, 0xE0, 0x01,
    0x78, 0xC0, 0x07, 0xFC, 0xF0, 0x01, 0xF8, 0xC0, 0x07, 0xFC, 0xF8, 0x00,
    0xF0, 0xC0, 0x1F, 0xFF, 0x7C, 0x00, 0xF0, 0x80, 0xFF, 0xFF, 0x7F, 0x00,
    0xF0, 0x01, 0xFF, 0xFF, 0x1F, 0x00, 0xE0, 0x01, 0xFE, 0xFB, 0x0F, 0x00,
    0xE0, 0x03, 0xF8, 0xF8, 0x01, 0x00, 0xC0, 0x07, 0x00, 0x00, 0x00, 0x00,
    0xC0, 0x0F, 0x00, 0x00, 0x00, 0x00, 0x80, 0x1F, 0x00, 0x00, 0x01, 0x00,
    0x00, 0x3F, 0x00, 0x80, 0x03, 0x00, 0x00, 0xFE, 0x00, 0xE0, 0x07, 0x00,
    0x00, 0xFC, 0x07, 0xFC, 0x07, 0x00, 0x00, 0xF8, 0xFF, 0xFF, 0x03, 0x00,
    0x00, 0xE0, 0xFF, 0xFF, 0x01, 0x00, 0x00, 0x80, 0xFF, 0x3F, 0x00, 0x00,
    0x00, 0x00, 0xFC, 0x07, 0x00, 0x00, 0x00, 0x00, 0x00, 0x00, 0x00, 0x00,
    0x00, 0x00, 0x00, 0x00, 0x00, 0x00, 0x00, 0x00, 0x00, 0x00, 0x00, 0x00,
    0x00, 0x00, 0x00, 0x00, 0x00, 0x00,
    /* U+0041 'A' */
    0x00, 0x00, 0x00, 0x00, 0x00, 0x00, 0x00, 0x00, 0x00, 0x00, 0x00, 0x00,
    0x00, 0x00, 0x00, 0x00, 0x00, 0x00, 0x00, 0x00, 0x00, 0x00, 0x00, 0x00,
    0x00, 0x00, 0x00, 0x00, 0x00, 0x00, 0x00, 0x00, 0x00, 0x00, 0x00, 0x00,
    0x00, 0x00, 0x00, 0x00, 0x00, 0x00, 0x00, 0x00, 0x00, 0x00, 0xF0, 0x7F,
    0x00, 0x00, 0x00, 0xF0, 0x7F, 0x00, 0x00, 0x00, 0xF8, 0x7F, 0x00, 0x00,
    0x00, 0xF8, 0xFF, 0x00, 0x00, 0x00, 0xF8, 0xFF, 0x00, 0x00, 0x00, 0xFC,
    0xFF, 0x00, 0x00, 0x00, 0xFC, 0xFF, 0x01, 0x00, 0x00, 0xFC, 0xFF, 0x01,
    0x00, 0x00, 0xFE, 0xFF, 0x03, 0x00, 0x00, 0xFE, 0xFD, 0x03, 0x00, 0x00,
    0xFE, 0xFC, 0x03, 0x00, 0x00, 0xFF, 0xF8, 0x07, 0x00, 0x00, 0xFF, 0xF8,
    0x07, 0x00, 0x80, 0x7F, 0xF8, 0x07, 0x00, 0x80, 0x7F, 0xF0, 0x0F, 0x00,
    0x80, 0x7F, 0xF0, 0x0F, 0x00, 0xC0, 0x3F, 0xF0, 0x1F, 0x00, 0xC0, 0x3F,
    0xE0, 0x1F, 0x00, 0xC0, 0x3F, 0xE0, 0x1F, 0x00, 0xE0, 0x1F, 0xE0, 0x3F,
    0x00, 0xE0, 0x1F, 0xC0, 0x3F, 0x00, 0xF0, 0xFF, 0xFF, 0x3F, 0x00, 0xF0,
    0xFF, 0xFF, 0x7F, 0x00, 0xF0, 0xFF, 0xFF, 0x7F, 0x00, 0xF8, 0xFF, 0xFF,
    0x7F, 0x00, 0xF8, 0xFF, 0xFF, 0xFF, 0x00, 0xF8, 0xFF, 0xFF, 0xFF, 0x00,
    0xFC, 0x07, 0x00, 0xFF, 0x01, 0xFC, 0x03, 0x00, 0xFE, 0x01, 0xFC, 0x03,
    0x00, 0xFE, 0x01, 0xFE, 0x03, 0x00, 0xFE, 0x03, 0xFE, 0x01, 0x00, 0xFC,
    0x03, 0xFF, 0x01, 0x00, 0xFC, 0x03, 0x00, 0x00, 0x00, 0x00, 0x00, 0x00,
    0x00, 0x00, 0x00, 0x00, 0x00, 0x00, 0x00, 0x00, 0x00, 0x00, 0x00, 0x00,
    0x00, 0x00, 0x00, 0x00, 0x00, 0x00, 0x00, 0x00, 0x00, 0x00, 0x00, 0x00,
    0x00, 0x00, 0x00, 0x00, 0x00, 0x00, 0x00, 0x00, 0x00, 0x00, 0x00, 0x00,
    0x00, 0x00, 0x00, 0x00, 0x00, 0x00, 0x00, 0x00, 0x00, 0x00, 0x00, 0x00,
    0x00,
    /* U+0042 'B' */
    0x00, 0x00, 0x00, 0x00, 0x00, 0x00, 0x00, 0x00, 0x00, 0x00, 0x00, 0x00,
    0x00, 0x00, 0x00, 0x00, 0x00, 0x00, 0x00, 0x00, 0x00, 0x00, 0x00, 0x00,
    0x00, 0x00, 0x00, 0x00, 0x00, 0x00, 0x00, 0x00, 0x00, 0x00, 0x00, 0x00,
    0x00, 0x00, 0x00, 0x00, 0x00, 0x00, 0x00, 0x00, 0x00, 0xF0, 0xFF, 0x3F,
    0x00, 0x00, 0xF0, 0xFF, 0xFF, 0x03, 0x00, 0xF0, 0xFF, 0xFF, 0x07, 0x00,
    0xF0, 0xFF, 0xFF, 0x0F, 0x00, 0xF0, 0xFF, 0xFF, 0x1F, 0x00, 0xF0, 0xFF,
    0xFF, 0x1F, 0x00, 0xF0, 0x1F, 0xF0, 0x3F, 0x00, 0xF0, 0x1F, 0xE0, 0x3F,
    0x00, 0xF0, 0x1F, 0xE0, 0x3F, 0x00, 0xF0, 0x1F, 0xE0, 0x3F, 0x00, 0xF0,
    0x1F, 0xE0, 0x3F, 0x00, 0xF0, 0x1F, 0xE0, 0x1F, 0x00, 0xF0, 0x1F, 0xF0,
    0x1F, 0x00, 0xF0, 0xFF, 0xFF, 0x0F, 0x00, 0xF0, 0xFF, 0xFF, 0x07, 0x00,
    0xF0, 0xFF, 0xFF, 0x03, 0x00, 0xF0, 0xFF, 0xFF, 0x07, 0x00, 0xF0, 0xFF,
    0xFF, 0x1F, 0x00, 0xF0, 0xFF, 0xFF, 0x3F, 0x00, 0xF0, 0x1F, 0xF0, 0x3F,
    0x00, 0xF0, 0x1F, 0xC0, 0x7F, 0x00, 0xF0, 0x1F, 0xC0, 0x7F, 0x00, 0xF0,
    0x1F, 0x80, 0x7F, 0x00, 0xF0, 0x1F, 0x80, 0x7F, 0x00, 0xF0, 0x1F, 0xC0,
    0x7F, 0x00, 0xF0, 0x1F, 0xC0, 0x7F, 0x00, 0xF0, 0x1F, 0xF0, 0x7F, 0x00,
    0xF0, 0xFF, 0xFF, 0x3F, 0x00, 0xF0, 0xFF, 0xFF, 0x3F, 0x00, 0xF0, 0xFF,
    0xFF, 0x1F, 0x00, 0xF0, 0xFF, 0xFF, 0x0F, 0x00, 0xF0, 0xFF, 0xFF, 0x03,
    0x00, 0xF0, 0xFF, 0x7F, 0x00, 0x00, 0x00, 0x00, 0x00, 0x00, 0x00, 0x00,
    0x00, 0x00, 0x00, 0x00, 0x00, 0x00, 0x00, 0x00, 0x00, 0x00, 0x00, 0x00,
    0x00, 0x00, 0x00, 0x00, 0x00, 0x00, 0x00, 0x00, 0x00, 0x00, 0x00, 0x00,
    0x00, 0x00, 0x00, 0x00, 0x00, 0x00, 0x00, 0x00, 0x00, 0x00, 0x00, 0x00,
    0x00, 0x00, 0x00, 0x00, 0x00, 0x00, 0x00, 0x00, 0x00, 0x00, 0x00, 0x00,
    0x00,
    /* U+0043 'C' */
    0x00, 0x00, 0x00, 0x00, 0x00, 0x00, 0x00, 0x00, 0x00, 0x00, 0x00, 0x00,
    0x00, 0x00, 0x00, 0x00, 0x00, 0x00, 0x00, 0x00, 0x00, 0x00, 0x00, 0x00,
    0x00, 0x00, 0x00, 0x00, 0x00, 0x00, 0x00, 0x00, 0x00, 0x00, 0x00, 0x00,
    0x00, 0x00, 0x00, 0x00, 0x00, 0x80, 0xFF, 0x01, 0x00, 0x00, 0xF0, 0xFF,
    0x0F, 0x00, 0x00, 0xFC, 0xFF, 0x3F, 0x00, 0x00, 0xFF, 0xFF, 0x3F, 0x00,
    0x80, 0xFF, 0xFF, 0x3F, 0x00, 0xC0, 0xFF, 0xFF, 0x3F, 0x00, 0xE0, 0xFF,
    0x01, 0x3F, 0x00, 0xE0, 0x7F, 0x00, 0x38, 0x00, 0xF0, 0x3F, 0x00, 0x20,
    0x00, 0xF0, 0x1F, 0x00, 0x00, 0x00, 0xF8, 0x0F, 0x00, 0x00, 0x00, 0xF8,
    0x0F, 0x00, 0x00, 0x00, 0xF8, 0x0F, 0x00, 0x00, 0x00, 0xF8, 0x07, 0x00,
    0x00, 0x00, 0xFC, 0x07, 0x00, 0x00, 0x00, 0xFC, 0x07, 0x00, 0x00, 0x00,
    0xFC, 0x07, 0x00, 0x00, 0x00, 0xFC, 0x07, 0x00, 0x00, 0x00, 0xFC, 0x07,
    0x00, 0x00, 0x00, 0xFC, 0x07, 0x00, 0x00, 0x00, 0xF8, 0x07, 0x00, 0x00,
    0x00, 0xF8, 0x0F, 0x00, 0x00, 0x00, 0xF8, 0x0F, 0x00, 0x00, 0x00, 0xF8,
    0x0F, 0x00, 0x00, 0x00, 0xF0, 0x1F, 0x00, 0x00, 0x00, 0xF0, 0x3F, 0x00,
    0x20, 0x00, 0xE0, 0x7F, 0x00, 0x38, 0x00, 0xE0, 0xFF, 0x01, 0x3E, 0x00,
    0xC0, 0xFF, 0xFF, 0x3F, 0x00, 0x80, 0xFF, 0xFF, 0x3F, 0x00, 0x00, 0xFF,
    0xFF, 0x3F, 0x00, 0x00, 0xFC, 0xFF, 0x3F, 0x00, 0x00, 0xF0, 0xFF, 0x0F,
    0x00, 0x00, 0x80, 0xFF, 0x01, 0x00, 0x00, 0x00, 0x00, 0x00, 0x00, 0x00,
    0x00, 0x00, 0x00, 0x00, 0x00, 0x00, 0x00, 0x00, 0x00, 0x00, 0x00, 0x00,
    0x00, 0x00, 0x00, 0x00, 0x00, 0x00, 0x00, 0x00, 0x00, 0x00, 0x00, 0x00,
    0x00, 0x00, 0x00, 0x00, 0x00, 0x00, 0x00, 0x00, 0x00, 0x00, 0x00, 0x00,
    0x00, 0x00, 0x00, 0x00, 0x00, 0x00, 0x00, 0x00, 0x00, 0x00, 0x00, 0x00,
    0x00,
    /* U+0044 'D' */
    0x00, 0x00, 0x00, 0x00, 0x00, 0x00, 0x00, 0x00, 0x00, 0x00, 0x00, 0x00,
    0x00, 0x00, 0x00, 0x00, 0x00, 0x00, 0x00, 0x00, 0x00, 0x00, 0x00, 0x00,
    0x00, 0x00, 0x00, 0x00, 0x00, 0x00, 0x00, 0x00, 0x00, 0x00, 0x00, 0x00,
    0x00, 0x00, 0x00, 0x00, 0x00, 0x00, 0x00, 0x00, 0x00, 0xF0, 0xFF, 0x1F,
    0x00, 0x00, 0xF0, 0xFF, 0xFF, 0x01, 0x00, 0xF0, 0xFF, 0xFF, 0x0F, 0x00,
    0xF0, 0xFF, 0xFF, 0x1F, 0x00, 0xF0, 0xFF, 0xFF, 0x3F, 0x00, 0xF0, 0xFF,
    0xFF, 0x7F, 0x00, 0xF0, 0x1F, 0xF8, 0xFF, 0x00, 0xF0, 0x1F, 0xC0, 0xFF,
    0x01, 0xF0, 0x1F, 0x80, 0xFF, 0x01, 0xF0, 0x1F, 0x00, 0xFF, 0x03, 0xF0,
    0x1F, 0x00, 0xFE, 0x03, 0xF0, 0x1F, 0x00, 0xFE, 0x03, 0xF0, 0x1F, 0x00,
    0xFC, 0x07, 0xF0, 0x1F, 0x00, 0xFC, 0x07, 0xF0, 0x1F, 0x00, 0xFC, 0x07,
    0xF0, 0x1F, 0x00, 0xFC, 0x07, 0xF0, 0x1F, 0x00, 0xFC, 0x07, 0xF0, 0x1F,
    0x00, 0xFC, 0x07, 0xF0, 0x1F, 0x00, 0xFC, 0x07, 0xF0, 0x1F, 0x00, 0xFC,
    0x07, 0xF0, 0x1F, 0x00, 0xFC, 0x07, 0xF0, 0x1F, 0x00, 0xFE, 0x03, 0xF0,
    0x1F, 0x00, 0xFE, 0x03, 0xF0, 0x1F, 0x00, 0xFF, 0x03, 0xF0, 0x1F, 0x80,
    0xFF, 0x01, 0xF0, 0x1F, 0xC0, 0xFF, 0x01, 0xF0, 0x1F, 0xF8, 0xFF, 0x00,
    0xF0, 0xFF, 0xFF, 0x7F, 0x00, 0xF0, 0xFF, 0xFF, 0x3F, 0x00, 0xF0, 0xFF,
    0xFF, 0x1F, 0x00, 0xF0, 0xFF, 0xFF, 0x07, 0x00, 0xF0, 0xFF, 0xFF, 0x01,
    0x00, 0xF0, 0xFF, 0x1F, 0x00, 0x00, 0x00, 0x00, 0x00, 0x00, 0x00, 0x00,
    0x00, 0x00, 0x00, 0x00, 0x00, 0x00, 0x00, 0x00, 0x00, 0x00, 0x00, 0x00,
    0x00, 0x00, 0x00, 0x00, 0x00, 0x00, 0x00, 0x00, 0x00, 0x00, 0x00, 0x00,
    0x00, 0x00, 0x00, 0x00, 0x00, 0x00, 0x00, 0x00, 0x00, 0x00, 0x00, 0x00,
    0x00, 0x00, 0x00, 0x00, 0x00, 0x00, 0x00, 0x00, 0x00, 0x00, 0x00, 0x00,
    0x00,
    /* U+0045 'E' */
    0x00, 0x00, 0x00, 0x00, 0x00, 0x00, 0x00, 0x00, 0x00, 0x00, 0x00, 0x00,
    0x00, 0x00, 0x00, 0x00, 0x00, 0x00, 0x00, 0x00, 0x00, 0x00, 0x00, 0x00,
    0x00, 0x00, 0x00, 0x00, 0x00, 0x00, 0x00, 0x00, 0x00, 0x00, 0x00, 0x00,
    0xF0, 0xFF, 0xFF, 0x07, 0xF0, 0xFF, 0xFF, 0x07, 0xF0, 0xFF, 0xFF, 0x07,
    0xF0, 0xFF, 0xFF, 0x07, 0xF0, 0xFF, 0xFF, 0x07, 0xF0, 0xFF, 0xFF, 0x07,
    0xF0, 0x1F, 0x00, 0x00, 0xF0, 0x1F, 0x00, 0x00, 0xF0, 0x1F, 0x00, 0x00,
    0xF0, 0x1F, 0x00, 0x00, 0xF0, 0x1F, 0x00, 0x00, 0xF0, 0x1F, 0x00, 0x00,
    0xF0, 0x1F, 0x00, 0x00, 0xF0, 0xFF, 0xFF, 0x03, 0xF0, 0xFF, 0xFF, 0x03,
    0xF0, 0xFF, 0xFF, 0x03, 0xF0, 0xFF, 0xFF, 0x03, 0xF0, 0xFF, 0xFF, 0x03,
    0xF0, 0xFF, 0xFF, 0x03, 0xF0, 0x1F, 0x00, 0x00, 0xF0, 0x1F, 0x00, 0x00,
    0xF0, 0x1F, 0x00, 0x00, 0xF0, 0x1F, 0x00, 0x00, 0xF0, 0x1F, 0x00, 0x00,
    0xF0, 0x1F, 0x00, 0x00, 0xF0, 0x1F, 0x00, 0x00, 0xF0, 0x1F, 0x00, 0x00,
    0xF0, 0xFF, 0xFF, 0x07, 0xF0, 0xFF, 0xFF, 0x07, 0xF0, 0xFF, 0xFF, 0x07,
    0xF0, 0xFF, 0xFF, 0x07, 0xF0, 0xFF, 0xFF, 0x07, 0xF0, 0xFF, 0xFF, 0x07,
    0x00, 0x00, 0x00, 0x00, 0x00, 0x00, 0x00, 0x00, 0x00, 0x00, 0x00, 0x00,
    0x00, 0x00, 0x00, 0x00, 0x00, 0x00, 0x00, 0x00, 0x00, 0x00, 0x00, 0x00,
    0x00, 0x00, 0x00, 0x00, 0x00, 0x00, 0x00, 0x00, 0x00, 0x00, 0x00, 0x00,
    0x00, 0x00, 0x00, 0x00, 0x00, 0x00, 0x00, 0x00,
    /* U+0046 'F' */
    0x00, 0x00, 0x00, 0x00, 0x00, 0x00, 0x00, 0x00, 0x00, 0x00, 0x00, 0x00,
    0x00, 0x00, 0x00, 0x00, 0x00, 0x00, 0x00, 0x00, 0x00, 0x00, 0x00, 0x00,
    0x00, 0x00, 0x00, 0x00, 0x00, 0x00, 0x00, 0x00, 0x00, 0x00, 0x00, 0x00,
    0xF0, 0xFF, 0xFF, 0x07, 0xF0, 0xFF, 0xFF, 0x07, 0xF0, 0xFF, 0xFF, 0x07,
    0xF0, 0xFF, 0xFF, 0x07, 0xF0, 0xFF, 0xFF, 0x07, 0xF0, 0xFF, 0xFF, 0x07,
    0xF0, 0x1F, 0x00, 0x00, 0xF0, 0x1F, 0x00, 0x00, 0xF0, 0x1F, 0x00, 0x00,
    0xF0, 0x1F, 0x00, 0x00, 0xF0, 0x1F, 0x00, 0x00, 0xF0, 0x1F, 0x00, 0x00,
    0xF0, 0x1F, 0x00, 0x00, 0xF0, 0xFF, 0xFF, 0x03, 0xF0, 0xFF, 0xFF, 0x03,
    0xF0, 0xFF, 0xFF, 0x03, 0xF0, 0xFF, 0xFF, 0x03, 0xF0, 0xFF, 0xFF, 0x03,
    0xF0, 0xFF, 0xFF, 0x03, 0xF0, 0x1F, 0x00, 0x00, 0xF0, 0x1F, 0x00, 0x00,
    0xF0, 0x1F, 0x00, 0x00, 0xF0, 0x1F, 0x00, 0x00, 0xF0, 0x1F, 0x00, 0x00,
    0xF0, 0x1F, 0x00, 0x00, 0xF0, 0x1F, 0x00, 0x00, 0xF0, 0x1F, 0x00, 0x00,
    0xF0, 0x1F, 0x00, 0x00, 0xF0, 0x1F, 0x00, 0x00, 0xF0, 0x1F, 0x00, 0x00,
    0xF0, 0x1F, 0x00, 0x00, 0xF0, 0x1F, 0x00, 0x00, 0xF0, 0x1F, 0x00, 0x00,
    0x00, 0x00, 0x00, 0x00, 0x00, 0x00, 0x00, 0x00, 0x00, 0x00, 0x00, 0x00,
    0x00, 0x00, 0x00, 0x00, 0x00, 0x00, 0x00, 0x00, 0x00, 0x00, 0x00, 0x00,
    0x00, 0x00, 0x00, 0x00, 0x00, 0x00, 0x00, 0x00, 0x00, 0x00, 0x00, 0x00,
    0x00, 0x00, 0x00, 0x00, 0x00, 0x00, 0x00, 0x00,
    /* U+0047 'G' */
    0x00, 0x00, 0x00, 0x00, 0x00, 0x00, 0x00, 0x00, 0x00, 0x00, 0x00, 0x00,
    0x00, 0x00, 0x00, 0x00, 0x00, 0x00, 0x00, 0x00, 0x00, 0x00, 0x00, 0x00,
    0x00, 0x00, 0x00, 0x00, 0x00, 0x00, 0x00, 0x00, 0x00, 0x00, 0x00, 0x00,
    0x00, 0x00, 0x00, 0x00, 0x00, 0x80, 0xFF, 0x03, 0x00, 0x00, 0xF0, 0xFF,
    0x3F, 0x00, 0x00, 0xFC, 0xFF, 0xFF, 0x00, 0x00, 0xFF, 0xFF, 0xFF, 0x00,
    0x80, 0xFF, 0xFF, 0xFF, 0x00, 0xC0, 0xFF, 0xFF, 0xFF, 0x00, 0xE0, 0xFF,
    0x03, 0xFC, 0x00, 0xE0, 0x7F, 0x00, 0xE0, 0x00, 0xF0, 0x3F, 0x00, 0x80,
    0x00, 0xF0, 0x1F, 0x00, 0x00, 0x00, 0xF8, 0x1F, 0x00, 0x00, 0x00, 0xF8,
    0x0F, 0x00, 0x00, 0x00, 0xF8, 0x0F, 0x00, 0x00, 0x00, 0xF8, 0x07, 0x00,
    0x00, 0x00, 0xFC, 0x07, 0x00, 0x00, 0x00, 0xFC, 0x07, 0x00, 0x00, 0x00,
    0xFC, 0x07, 0xF0, 0xFF, 0x03, 0xFC, 0x07, 0xF0, 0xFF, 0x03, 0xFC, 0x07,
    0xF0, 0xFF, 0x03, 0xFC, 0x07, 0xF0, 0xFF, 0x03, 0xF8, 0x07, 0xF0, 0xFF,
    0x03, 0xF8, 0x0F, 0xF0, 0xFF, 0x03, 0xF8, 0x0F, 0x00, 0xFC, 0x03, 0xF8,
    0x0F, 0x00, 0xFC, 0x03, 0xF0, 0x1F, 0x00, 0xFC, 0x03, 0xF0, 0x3F, 0x00,
    0xFC, 0x03, 0xE0, 0x7F, 0x00, 0xFC, 0x03, 0xE0, 0xFF, 0x03, 0xFE, 0x03,
    0xC0, 0xFF, 0xFF, 0xFF, 0x03, 0x80, 0xFF, 0xFF, 0xFF, 0x03, 0x00, 0xFF,
    0xFF, 0xFF, 0x03, 0x00, 0xFC, 0xFF, 0xFF, 0x00, 0x00, 0xF0, 0xFF, 0x3F,
    0x00, 0x00, 0x80, 0xFF, 0x03, 0x00, 0x00, 0x00, 0x00, 0x00, 0x00, 0x00,
    0x00, 0x00, 0x00, 0x00, 0x00, 0x00, 0x00, 0x00, 0x00, 0x00, 0x00, 0x00,
    0x00, 0x00, 0x00, 0x00, 0x00, 0x00, 0x00, 0x00, 0x00, 0x00, 0x00, 0x00,
    0x00, 0x00, 0x00, 0x00, 0x00, 0x00, 0x00, 0x00, 0x00, 0x00, 0x00, 0x00,
    0x00, 0x00, 0x00, 0x00, 0x00, 0x00, 0x00, 0x00, 0x00, 0x00, 0x00, 0x00,
    0x00,
    /* U+0048 'H' */
    0x00, 0x00, 0x00, 0x00, 0x00, 0x00, 0x00, 0x00, 0x00, 0x00, 0x00, 0x00,
    0x00, 0x00, 0x00, 0x00, 0x00, 0x00, 0x00, 0x00, 0x00, 0x00, 0x00, 0x00,
    0x00, 0x00, 0x00, 0x00, 0x00, 0x00, 0x00, 0x00, 0x00, 0x00, 0x00, 0x00,
    0x00, 0x00, 0x00, 0x00, 0x00, 0x00, 0x00, 0x00, 0x00, 0xF0, 0x1F, 0x00,
    0xFE, 0x03, 0xF0, 0x1F, 0x00, 0xFE, 0x03, 0xF0, 0x1F, 0x00, 0xFE, 0x03,
    0xF0, 0x1F, 0x00, 0xFE, 0x03, 0xF0, 0x1F, 0x00, 0xFE, 0x03, 0xF0, 0x1F,
    0x00, 0xFE, 0x03, 0xF0, 0x1F, 0x00, 0xFE, 0x03, 0xF0, 0x1F, 0x00, 0xFE,
    0x03, 0xF0, 0x1F, 0x00, 0xFE, 0x03, 0xF0, 0x1F, 0x00, 0xFE, 0x03, 0xF0,
    0x1F, 0x00, 0xFE, 0x03, 0xF0, 0x1F, 0x00, 0xFE, 0x03, 0xF0, 0x1F, 0x00,
    0xFE, 0x03, 0xF0, 0xFF, 0xFF, 0xFF, 0x03, 0xF0, 0xFF, 0xFF, 0xFF, 0x03,
    0xF0, 0xFF, 0xFF, 0xFF, 0x03, 0xF0, 0xFF, 0xFF, 0xFF, 0x03, 0xF0, 0xFF,
    0xFF, 0xFF, 0x03, 0xF0, 0xFF, 0xFF, 0xFF, 0x03, 0xF0, 0x1F, 0x00, 0xFE,
    0x03, 0xF0, 0x1F, 0x00, 0xFE, 0x03, 0xF0, 0x1F, 0x00, 0xFE, 0x03, 0xF0,
    0x1F, 0x00, 0xFE, 0x03, 0xF0, 0x1F, 0x00, 0xFE, 0x03, 0xF0, 0x1F, 0x00,
    0xFE, 0x03, 0xF0, 0x1F, 0x00, 0xFE, 0x03, 0xF0, 0x1F, 0x00, 0xFE, 0x03,
    0xF0, 0x1F, 0x00, 0xFE, 0x03, 0xF0, 0x1F, 0x00, 0xFE, 0x03, 0xF0, 0x1F,
    0x00, 0xFE, 0x03, 0xF0, 0x1F, 0x00, 0xFE, 0x03, 0xF0, 0x1F, 0x00, 0xFE,
    0x03, 0xF0, 0x1F, 0x00, 0xFE, 0x03, 0x00, 0x00, 0x00, 0x00, 0x00, 0x00,
    0x00, 0x00, 0x00, 0x00, 0x00, 0x00, 0x00, 0x00, 0x00, 0x00, 0x00, 0x00,
    0x00, 0x00, 0x00, 0x00, 0x00, 0x00, 0x00, 0x00, 0x00, 0x00, 0x00, 0x00,
    0x00, 0x00, 0x00, 0x00, 0x00, 0x00, 0x00, 0x00, 0x00, 0x00, 0x00, 0x00,
    0x00, 0x00, 0x00, 0x00, 0x00, 0x00, 0x00, 0x00, 0x00, 0x00, 0x00, 0x00,
    0x00,
    /* U+0049 'I' */
    0x00, 0x00, 0x00, 0x00, 0x00, 0x00, 0x00, 0x00, 0x00, 0x00, 0x00, 0x00,
    0x00, 0x00, 0x00, 0x00, 0x00, 0x00, 0x00, 0x00, 0x00, 0x00, 0x00, 0x00,
    0x00, 0x00, 0x00, 0xF0, 0x1F, 0x00, 0xF0, 0x1F, 0x00, 0xF0, 0x1F, 0x00,
    0xF0, 0x1F, 0x00, 0xF0, 0x1F, 0x00, 0xF0, 0x1F, 0x00, 0xF0, 0x1F, 0x00,
    0xF0, 0x1F, 0x00, 0xF0, 0x1F, 0x00, 0xF0, 0x1F, 0x00, 0xF0, 0x1F, 0x00,
    0xF0, 0x1F, 0x00, 0xF0, 0x1F, 0x00, 0xF0, 0x1F, 0x00, 0xF0, 0x1F, 0x00,
    0xF0, 0x1F, 0x00, 0xF0, 0x1F, 0x00, 0xF0, 0x1F, 0x00, 0xF0, 0x1F, 0x00,
    0xF0, 0x1F, 0x00, 0xF0, 0x1F, 0x00, 0xF0, 0x1F, 0x00, 0xF0, 0x1F, 0x00,
    0xF0, 0x1F, 0x00, 0xF0, 0x1F, 0x00, 0xF0, 0x1F, 0x00, 0xF0, 0x1F, 0x00,
    0xF0, 0x1F, 0x00, 0xF0, 0x1F, 0x00, 0xF0, 0x1F, 0x00, 0xF0, 0x1F, 0x00,
    0xF0, 0x1F, 0x00, 0xF0, 0x1F, 0x00, 0x00, 0x00, 0x00, 0x00, 0x00, 0x00,
    0x00, 0x00, 0x00, 0x00, 0x00, 0x00, 0x00, 0x00, 0x00, 0x00, 0x00, 0x00,
    0x00, 0x00, 0x00, 0x00, 0x00, 0x00, 0x00, 0x00, 0x00, 0x00, 0x00, 0x00,
    0x00, 0x00, 0x00,
    /* U+004A 'J' */
    0x00, 0x00, 0x00, 0x00, 0x00, 0x00, 0x00, 0x00, 0x00, 0x00, 0x00, 0x00,
    0x00, 0x00, 0x00, 0x00, 0x00, 0x00, 0x00, 0x00, 0x00, 0x00, 0x00, 0x00,
    0x00, 0x00, 0x00, 0x80, 0xFF, 0x00, 0x80, 0xFF, 0x00, 0x80, 0xFF, 0x00,
    0x80, 0xFF, 0x00, 0x80, 0xFF, 0x00, 0x80, 0xFF, 0x00, 0x80, 0xFF, 0x00,
    0x80, 0xFF, 0x00, 0x80, 0xFF, 0x00, 0x80, 0xFF, 0x00, 0x80, 0xFF, 0x00,
    0x80, 0xFF, 0x00, 0x80, 0xFF, 0x00, 0x80, 0xFF, 0x00, 0x80, 0xFF, 0x00,
    0x80, 0xFF, 0x00, 0x80, 0xFF, 0x00, 0x80, 0xFF, 0x00, 0x80, 0xFF, 0x00,
    0x80, 0xFF, 0x00, 0x80, 0xFF, 0x00, 0x80, 0xFF, 0x00, 0x80, 0xFF, 0x00,
    0x80, 0xFF, 0x00, 0x80, 0xFF, 0x00, 0x80, 0xFF, 0x00, 0x80, 0xFF, 0x00,
    0x80, 0xFF, 0x00, 0x80, 0xFF, 0x00, 0x80, 0xFF, 0x00, 0x80, 0xFF, 0x00,
    0x80, 0x7F, 0x00, 0x80, 0x7F, 0x00, 0xC0, 0x7F, 0x00, 0xC0, 0x7F, 0x00,
    0xF0, 0x7F, 0x00, 0xFF, 0x3F, 0x00, 0xFF, 0x3F, 0x00, 0xFF, 0x1F, 0x00,
    0xFF, 0x0F, 0x00, 0xFF, 0x03, 0x00, 0x7F, 0x00, 0x00, 0x00, 0x00, 0x00,
    0x00, 0x00, 0x00,
    /* U+004B 'K' */
    0x00, 0x00, 0x00, 0x00, 0x00, 0x00, 0x00, 0x00, 0x00, 0x00, 0x00, 0x00,
    0x00, 0x00, 0x00, 0x00, 0x00, 0x00, 0x00, 0x00, 0x00, 0x00, 0x00, 0x00,
    0x00, 0x00, 0x00, 0x00, 0x00, 0x00, 0x00, 0x00, 0x00, 0x00, 0x00, 0x00,
    0x00, 0x00, 0x00, 0x00, 0x00, 0x00, 0x00, 0x00, 0x00, 0xF0, 0x1F, 0x00,
    0xFF, 0x03, 0xF0, 0x1F, 0x80, 0xFF, 0x01, 0xF0, 0x1F, 0xC0, 0xFF, 0x00,
    0xF0, 0x1F, 0xE0, 0x7F, 0x00, 0xF0, 0x1F, 0xF0, 0x3F, 0x00, 0xF0, 0x1F,
    0xF8, 0x1F, 0x00, 0xF0, 0x1F, 0xFC, 0x0F, 0x00, 0xF0, 0x1F, 0xFE, 0x07,
    0x00, 0xF0, 0x1F, 0xFF, 0x03, 0x00, 0xF0, 0x9F, 0xFF, 0x01, 0x00, 0xF0,
    0xDF, 0xFF, 0x00, 0x00, 0xF0, 0xFF, 0x7F, 0x00, 0x00, 0xF0, 0xFF, 0x3F,
    0x00, 0x00, 0xF0, 0xFF, 0x1F, 0x00, 0x00, 0xF0, 0xFF, 0x0F, 0x00, 0x00,
    0xF0, 0xFF, 0x07, 0x00, 0x00, 0xF0, 0xFF, 0x0F, 0x00, 0x00, 0xF0, 0xFF,
    0x1F, 0x00, 0x00, 0xF0, 0xFF, 0x3F, 0x00, 0x00, 0xF0, 0xFF, 0x7F, 0x00,
    0x00, 0xF0, 0xFF, 0xFF, 0x00, 0x00, 0xF0, 0xDF, 0xFF, 0x01, 0x00, 0xF0,
    0x9F, 0xFF, 0x03, 0x00, 0xF0, 0x1F, 0xFF, 0x07, 0x00, 0xF0, 0x1F, 0xFE,
    0x0F, 0x00, 0xF0, 0x1F, 0xFC, 0x1F, 0x00, 0xF0, 0x1F, 0xF8, 0x3F, 0x00,
    0xF0, 0x1F, 0xF0, 0x7F, 0x00, 0xF0, 0x1F, 0xE0, 0xFF, 0x00, 0xF0, 0x1F,
    0xC0, 0xFF, 0x01, 0xF0, 0x1F, 0x80, 0xFF, 0x03, 0xF0, 0x1F, 0x00, 0xFF,
    0x07, 0xF0, 0x1F, 0x00, 0xFE, 0x0F, 0x00, 0x00, 0x00, 0x00, 0x00, 0x00,
    0x00, 0x00, 0x00, 0x00, 0x00, 0x00, 0x00, 0x00, 0x00, 0x00, 0x00, 0x00,
    0x00, 0x00, 0x00, 0x00, 0x00, 0x00, 0x00, 0x00, 0x00, 0x00, 0x00, 0x00,
    0x00, 0x00, 0x00, 0x00, 0x00, 0x00, 0x00, 0x00, 0x00, 0x00, 0x00, 0x00,
    0x00, 0x00, 0x00, 0x00, 0x00, 0x00, 0x00, 0x00, 0x00, 0x00, 0x00, 0x00,
    0x00,
    /* U+004C 'L' */
    0x00, 0x00, 0x00, 0x00, 0x00, 0x00, 0x00, 0x00, 0x00, 0x00, 0x00, 0x00,
    0x00, 0x00, 0x00, 0x00, 0x00, 0x00, 0x00, 0x00, 0x00, 0x00, 0x00, 0x00,
    0x00, 0x00, 0x00, 0x00, 0x00, 0x00, 0x00, 0x00, 0x00, 0x00, 0x00, 0x00,
    0xF0, 0x1F, 0x00, 0x00, 0xF0, 0x1F, 0x00, 0x00, 0xF0, 0x1F, 0x00, 0x00,
    0xF0, 0x1F, 0x00, 0x00, 0xF0, 0x1F, 0x00, 0x00, 0xF0, 0x1F, 0x00, 0x00,
    0xF0, 0x1F, 0x00, 0x00, 0xF0, 0x1F, 0x00, 0x00, 0xF0, 0x1F, 0x00, 0x00,
    0xF0, 0x1F, 0x00, 0x00, 0xF0, 0x1F, 0x00, 0x00, 0xF0, 0x1F, 0x00, 0x00,
    0xF0, 0x1F, 0x00, 0x00, 0xF0, 0x1F, 0x00, 0x00, 0xF0, 0x1F, 0x00, 0x00,
    0xF0, 0x1F, 0x00, 0x00, 0xF0, 0x1F, 0x00, 0x00, 0xF0, 0x1F, 0x00, 0x00,
    0xF0, 0x1F, 0x00, 0x00, 0xF0, 0x1F, 0x00, 0x00, 0xF0, 0x1F, 0x00, 0x00,
    0xF0, 0x1F, 0x00, 0x00, 0xF0, 0x1F, 0x00, 0x00, 0xF0, 0x1F, 0x00, 0x00,
    0xF0, 0x1F, 0x00, 0x00, 0xF0, 0x1F, 0x00, 0x00, 0xF0, 0x1F, 0x00, 0x00,
    0xF0, 0xFF, 0xFF, 0x07, 0xF0, 0xFF, 0xFF, 0x07, 0xF0, 0xFF, 0xFF, 0x07,
    0xF0, 0xFF, 0xFF, 0x07, 0xF0, 0xFF, 0xFF, 0x07, 0xF0, 0xFF, 0xFF, 0x07,
    0x00, 0x00, 0x00, 0x00, 0x00, 0x00, 0x00, 0x00, 0x00, 0x00, 0x00, 0x00,
    0x00, 0x00, 0x00, 0x00, 0x00, 0x00, 0x00, 0x00, 0x00, 0x00, 0x00, 0x00,
    0x00, 0x00, 0x00, 0x00, 0x00, 0x00, 0x00, 0x00, 0x00, 0x00, 0x00, 0x00,
    0x00, 0x00, 0x00, 0x00, 0x00, 0x00, 0x00, 0x00,
    /* U+004D 'M' */
    0x00, 0x00, 0x00, 0x00, 0x00, 0x00, 0x00, 0x00, 0x00, 0x00, 0x00, 0x00,
    0x00, 0x00, 0x00, 0x00, 0x00, 0x00, 0x00, 0x00, 0x00, 0x00, 0x00, 0x00,
    0x00, 0x00, 0x00, 0x00, 0x00, 0x00, 0x00, 0x00, 0x00, 0x00, 0x00, 0x00,
    0x00, 0x00, 0x00, 0x00, 0x00, 0x00, 0x00, 0x00, 0x00, 0x00, 0x00, 0x00,
    0x00, 0x00, 0x00, 0x00, 0x00, 0x00, 0xF0, 0x7F, 0x00, 0xC0, 0xFF, 0x01,
    0xF0, 0xFF, 0x00, 0xE0, 0xFF, 0x01, 0xF0, 0xFF, 0x00, 0xE0, 0xFF, 0x01,
    0xF0, 0xFF, 0x00, 0xF0, 0xFF, 0x01, 0xF0, 0xFF, 0x01, 0xF0, 0xFF, 0x01,
    0xF0, 0xFF, 0x01, 0xF0, 0xFF, 0x01, 0xF0, 0xFF, 0x03, 0xF8, 0xFF, 0x01,
    0xF0, 0xFF, 0x03, 0xF8, 0xFF, 0x01, 0xF0, 0xFF, 0x03, 0xFC, 0xFF, 0x01,
    0xF0, 0xFF, 0x07, 0xFC, 0xFF, 0x01, 0xF0, 0xEF, 0x07, 0xFE, 0xFE, 0x01,
    0xF0, 0xEF, 0x0F, 0xFE, 0xFE, 0x01, 0xF0, 0xCF, 0x0F, 0x7E, 0xFE, 0x01,
    0xF0, 0xCF, 0x1F, 0x7F, 0xFE, 0x01, 0xF0, 0xCF, 0x1F, 0x3F, 0xFE, 0x01,
    0xF0, 0x8F, 0x9F, 0x3F, 0xFE, 0x01, 0xF0, 0x8F, 0xBF, 0x1F, 0xFE, 0x01,
    0xF0, 0x0F, 0xFF, 0x1F, 0xFE, 0x01, 0xF0, 0x0F, 0xFF, 0x1F, 0xFE, 0x01,
    0xF0, 0x0F, 0xFE, 0x0F, 0xFE, 0x01, 0xF0, 0x0F, 0xFE, 0x0F, 0xFE, 0x01,
    0xF0, 0x0F, 0xFE, 0x07, 0xFE, 0x01, 0xF0, 0x0F, 0xFC, 0x07, 0xFE, 0x01,
    0xF0, 0x0F, 0xFC, 0x07, 0xFE, 0x01, 0xF0, 0x0F, 0xF8, 0x03, 0xFE, 0x01,
    0xF0, 0x0F, 0xF8, 0x03, 0xFE, 0x01, 0xF0, 0x0F, 0xF8, 0x01, 0xFE, 0x01,
    0xF0, 0x0F, 0x00, 0x00, 0xFE, 0x01, 0xF0, 0x0F, 0x00, 0x00, 0xFE, 0x01,
    0xF0, 0x0F, 0x00, 0x00, 0xFE, 0x01, 0xF0, 0x0F, 0x00, 0x00, 0xFE, 0x01,
    0xF0, 0x0F, 0x00, 0x00, 0xFE, 0x01, 0xF0, 0x0F, 0x00, 0x00, 0xFE, 0x01,
    0x00, 0x00, 0x00, 0x00, 0x00, 0x00, 0x00, 0x00, 0x00, 0x00, 0x00, 0x00,
    0x00, 0x00, 0x00, 0x00, 0x00, 0x00, 0x00, 0x00, 0x00, 0x00, 0x00, 0x00,
    0x00, 0x00, 0x00, 0x00, 0x00, 0x00, 0x00, 0x00, 0x00, 0x00, 0x00, 0x00,
    0x00, 0x00, 0x00, 0x00, 0x00, 0x00, 0x00, 0x00, 0x00, 0x00, 0x00, 0x00,
    0x00, 0x00, 0x00, 0x00, 0x00, 0x00, 0x00, 0x00, 0x00, 0x00, 0x00, 0x00,
    0x00, 0x00, 0x00, 0x00, 0x00, 0x00,
    /* U+004E 'N' */
    0x00, 0x00, 0x00, 0x00, 0x00, 0x00, 0x00, 0x00, 0x00, 0x00, 0x00, 0x00,
    0x00, 0x00, 0x00, 0x00, 0x00, 0x00, 0x00, 0x00, 0x00, 0x00, 0x00, 0x00,
    0x00, 0x00, 0x00, 0x00, 0x00, 0x00, 0x00, 0x00, 0x00, 0x00, 0x00, 0x00,
    0x00, 0x00, 0x00, 0x00, 0x00, 0x00, 0x00, 0x00, 0x00, 0xF0, 0x3F, 0x00,
    0xFC, 0x03, 0xF0, 0x3F, 0x00, 0xFC, 0x03, 0xF0, 0x7F, 0x00, 0xFC, 0x03,
    0xF0, 0x7F, 0x00, 0xFC, 0x03, 0xF0, 0xFF, 0x00, 0xFC, 0x03, 0xF0, 0xFF,
    0x00, 0xFC, 0x03, 0xF0, 0xFF, 0x01, 0xFC, 0x03, 0xF0, 0xFF, 0x03, 0xFC,
    0x03, 0xF0, 0xFF, 0x03, 0xFC, 0x03, 0xF0, 0xFF, 0x07, 0xFC, 0x03, 0xF0,
    0xFF, 0x07, 0xFC, 0x03, 0xF0, 0xEF, 0x0F, 0xFC, 0x03, 0xF0, 0xEF, 0x0F,
    0xFC, 0x03, 0xF0, 0xCF, 0x1F, 0xFC, 0x03, 0xF0, 0xCF, 0x1F, 0xFC, 0x03,
    0xF0, 0x8F, 0x3F, 0xFC, 0x03, 0xF0, 0x8F, 0x3F, 0xFC, 0x03, 0xF0, 0x0F,
    0x7F, 0xFC, 0x03, 0xF0, 0x0F, 0x7F, 0xFC, 0x03, 0xF0, 0x0F, 0xFE, 0xFC,
    0x03, 0xF0, 0x0F, 0xFE, 0xFC, 0x03, 0xF0, 0x0F, 0xFC, 0xFF, 0x03, 0xF0,
    0x0F, 0xF8, 0xFF, 0x03, 0xF0, 0x0F, 0xF8, 0xFF, 0x03, 0xF0, 0x0F, 0xF0,
    0xFF, 0x03, 0xF0, 0x0F, 0xF0, 0xFF, 0x03, 0xF0, 0x0F, 0xE0, 0xFF, 0x03,
    0xF0, 0x0F, 0xE0, 0xFF, 0x03, 0xF0, 0x0F, 0xC0, 0xFF, 0x03, 0xF0, 0x0F,
    0xC0, 0xFF, 0x03, 0xF0, 0x0F, 0x80, 0xFF, 0x03, 0xF0, 0x0F, 0x80, 0xFF,
    0x03, 0xF0, 0x0F, 0x00, 0xFF, 0x03, 0x00, 0x00, 0x00, 0x00, 0x00, 0x00,
    0x00, 0x00, 0x00, 0x00, 0x00, 0x00, 0x00, 0x00, 0x00, 0x00, 0x00, 0x00,
    0x00, 0x00, 0x00, 0x00, 0x00, 0x00, 0x00, 0x00, 0x00, 0x00, 0x00, 0x00,
    0x00, 0x00, 0x00, 0x00, 0x00, 0x00, 0x00, 0x00, 0x00, 0x00, 0x00, 0x00,
    0x00, 0x00, 0x00, 0x00, 0x00, 0x00, 0x00, 0x00, 0x00, 0x00, 0x00, 0x00,
    0x00,
    /* U+004F 'O' */
    0x00, 0x00, 0x00, 0x00, 0x00, 0x00, 0x00, 0x00, 0x00, 0x00, 0x00, 0x00,
    0x00, 0x00, 0x00, 0x00, 0x00, 0x00, 0x00, 0x00, 0x00, 0x00, 0x00, 0x00,
    0x00, 0x00, 0x00, 0x00, 0x00, 0x00, 0x00, 0x00, 0x00, 0x00, 0x00, 0x00,
    0x00, 0x00, 0x00, 0x00, 0x00, 0xC0, 0xFF, 0x00, 0x00, 0x00, 0xF8, 0xFF,
    0x07, 0x00, 0x00, 0xFE, 0xFF, 0x1F, 0x00, 0x00, 0xFF, 0xFF, 0x3F, 0x00,
    0x80, 0xFF, 0xFF, 0x7F, 0x00, 0xC0, 0xFF, 0xFF, 0xFF, 0x00, 0xE0, 0xFF,
    0xC0, 0xFF, 0x01, 0xF0, 0x7F, 0x00, 0xFF, 0x03, 0xF0, 0x1F, 0x00, 0xFE,
    0x03, 0xF0, 0x1F, 0x00, 0xFE, 0x07, 0xF8, 0x0F, 0x00, 0xFC, 0x07, 0xF8,
    0x0F, 0x00, 0xFC, 0x07, 0xF8, 0x0F, 0x00, 0xF8, 0x0F, 0xFC, 0x07, 0x00,
    0xF8, 0x0F, 0xFC, 0x07, 0x00, 0xF8, 0x0F, 0xFC, 0x07, 0x00, 0xF8, 0x0F,
    0xFC, 0x07, 0x00, 0xF8, 0x0F, 0xFC, 0x07, 0x00, 0xF8, 0x0F, 0xFC, 0x07,
    0x00, 0xF8, 0x0F, 0xFC, 0x07, 0x00, 0xF8, 0x0F, 0xFC, 0x07, 0x00, 0xF8,
    0x0F, 0xF8, 0x07, 0x00, 0xF8, 0x0F, 0xF8, 0x0F, 0x00, 0xFC, 0x07, 0xF8,
    0x0F, 0x00, 0xFC, 0x07, 0xF0, 0x1F, 0x00, 0xFE, 0x07, 0xF0, 0x1F, 0x00,
    0xFE, 0x03, 0xF0, 0x3F, 0x00, 0xFF, 0x03, 0xE0, 0xFF, 0xC0, 0xFF, 0x01,
    0xC0, 0xFF, 0xFF, 0xFF, 0x00, 0x80, 0xFF, 0xFF, 0x7F, 0x00, 0x00, 0xFF,
    0xFF, 0x3F, 0x00, 0x00, 0xFE, 0xFF, 0x1F, 0x00, 0x00, 0xF8, 0xFF, 0x07,
    0x00, 0x00, 0xC0, 0xFF, 0x00, 0x00, 0x00, 0x00, 0x00, 0x00, 0x00, 0x00,
    0x00, 0x00, 0x00, 0x00, 0x00, 0x00, 0x00, 0x00, 0x00, 0x00, 0x00, 0x00,
    0x00, 0x00, 0x00, 0x00, 0x00, 0x00, 0x00, 0x00, 0x00, 0x00, 0x00, 0x00,
    0x00, 0x00, 0x00, 0x00, 0x00, 0x00, 0x00, 0x00, 0x00, 0x00, 0x00, 0x00,
    0x00, 0x00, 0x00, 0x00, 0x00, 0x00, 0x00, 0x00, 0x00, 0x00, 0x00, 0x00,
    0x00,
    /* U+0050 'P' */
    0x00, 0x00, 0x00, 0x00, 0x00, 0x00, 0x00, 0x00, 0x00, 0x00, 0x00, 0x00,
    0x00, 0x00, 0x00, 0x00, 0x00, 0x00, 0x00, 0x00, 0x00, 0x00, 0x00, 0x00,
    0x00, 0x00, 0x00, 0x00, 0x00, 0x00, 0x00, 0x00, 0x00, 0x00, 0x00, 0x00,
    0x00, 0x00, 0x00, 0x00, 0x00, 0x00, 0x00, 0x00, 0x00, 0xF0, 0xFF, 0x7F,
    0x00, 0x00, 0xF0, 0xFF, 0xFF, 0x03, 0x00, 0xF0, 0xFF, 0xFF, 0x07, 0x00,
    0xF0, 0xFF, 0xFF, 0x1F, 0x00, 0xF0, 0xFF, 0xFF, 0x1F, 0x00, 0xF0, 0xFF,
    0xFF, 0x3F, 0x00, 0xF0, 0x1F, 0xF0, 0x3F, 0x00, 0xF0, 0x1F, 0xE0, 0x7F,
    0x00, 0xF0, 0x1F, 0xC0, 0x7F, 0x00, 0xF0, 0x1F, 0xC0, 0x7F, 0x00, 0xF0,
    0x1F, 0xC0, 0x7F, 0x00, 0xF0, 0x1F, 0xC0, 0x7F, 0x00, 0xF0, 0x1F, 0xC0,
    0x7F, 0x00, 0xF0, 0x1F, 0xE0, 0x7F, 0x00, 0xF0, 0x1F, 0xF0, 0x3F, 0x00,
    0xF0, 0xFF, 0xFF, 0x3F, 0x00, 0xF0, 0xFF, 0xFF, 0x1F, 0x00, 0xF0, 0xFF,
    0xFF, 0x1F, 0x00, 0xF0, 0xFF, 0xFF, 0x07, 0x00, 0xF0, 0xFF, 0xFF, 0x03,
    0x00, 0xF0, 0xFF, 0x7F, 0x00, 0x00, 0xF0, 0x1F, 0x00, 0x00, 0x00, 0xF0,
    0x1F, 0x00, 0x00, 0x00, 0xF0, 0x1F, 0x00, 0x00, 0x00, 0xF0, 0x1F, 0x00,
    0x00, 0x00, 0xF0, 0x1F, 0x00, 0x00, 0x00, 0xF0, 0x1F, 0x00, 0x00, 0x00,
    0xF0, 0x1F, 0x00, 0x00, 0x00, 0xF0, 0x1F, 0x00, 0x00, 0x00, 0xF0, 0x1F,
    0x00, 0x00, 0x00, 0xF0, 0x1F, 0x00, 0x00, 0x00, 0xF0, 0x1F, 0x00, 0x00,
    0x00, 0xF0, 0x1F, 0x00, 0x00, 0x00, 0x00, 0x00, 0x00, 0x00, 0x00, 0x00,
    0x00, 0x00, 0x00, 0x00, 0x00, 0x00, 0x00, 0x00, 0x00, 0x00, 0x00, 0x00,
    0x00, 0x00, 0x00, 0x00, 0x00, 0x00, 0x00, 0x00, 0x00, 0x00, 0x00, 0x00,
    0x00, 0x00, 0x00, 0x00, 0x00, 0x00, 0x00, 0x00, 0x00, 0x00, 0x00, 0x00,
    0x00, 0x00, 0x00, 0x00, 0x00, 0x00, 0x00, 0x00, 0x00, 0x00, 0x00, 0x00,
    0x00,
    /* U+0051 'Q' */
    0x00, 0x00, 0x00, 0x00, 0x00, 0x00, 0x00, 0x00, 0x00, 0x00, 0x00, 0x00,
    0x00, 0x00, 0x00, 0x00, 0x00, 0x00, 0x00, 0x00, 0x00, 0x00, 0x00, 0x00,
    0x00, 0x00, 0x00, 0x00, 0x00, 0x00, 0x00, 0x00, 0x00, 0x00, 0x00, 0x00,
    0x00, 0x00, 0x00, 0x00, 0x00, 0xC0, 0xFF, 0x00, 0x00, 0x00, 0xF8, 0xFF,
    0x07, 0x00, 0x00, 0xFE, 0xFF, 0x1F, 0x00, 0x00, 0xFF, 0xFF, 0x3F, 0x00,
    0x80, 0xFF, 0xFF, 0xFF, 0x00, 0xC0, 0xFF, 0xFF, 0xFF, 0x00, 0xE0, 0xFF,
    0xC0, 0xFF, 0x01, 0xF0, 0x7F, 0x00, 0xFF, 0x03, 0xF0, 0x1F, 0x00, 0xFE,
    0x03, 0xF0, 0x1F, 0x00, 0xFE, 0x07, 0xF8, 0x0F, 0x00, 0xFC, 0x07, 0xF8,
    0x0F, 0x00, 0xFC, 0x07, 0xF8, 0x0F, 0x00, 0xF8, 0x0F, 0xFC, 0x07, 0x00,
    0xF8, 0x0F, 0xFC, 0x07, 0x00, 0xF8, 0x0F, 0xFC, 0x07, 0x00, 0xF8, 0x0F,
    0xFC, 0x07, 0x00, 0xF8, 0x0F, 0xFC, 0x07, 0x00, 0xF8, 0x0F, 0xFC, 0x07,
    0x00, 0xF8, 0x0F, 0xFC, 0x07, 0x00, 0xF8, 0x0F, 0xFC, 0x07, 0x00, 0xF8,
    0x0F, 0xF8, 0x07, 0x00, 0xF8, 0x0F, 0xF8, 0x0F, 0x00, 0xFC, 0x07, 0xF8,
    0x0F, 0x00, 0xFC, 0x07, 0xF0, 0x1F, 0x00, 0xFE, 0x07, 0xF0, 0x1F, 0x00,
    0xFE, 0x03, 0xF0, 0x3F, 0x00, 0xFF, 0x03, 0xE0, 0xFF, 0xC0, 0xFF, 0x01,
    0xC0, 0xFF, 0xFF, 0xFF, 0x00, 0x80, 0xFF, 0xFF, 0x7F, 0x00, 0x00, 0xFF,
    0xFF, 0x3F, 0x00, 0x00, 0xFE, 0xFF, 0x1F, 0x00, 0x00, 0xF8, 0xFF, 0x07,
    0x00, 0x00, 0xC0, 0xFF, 0x0F, 0x00, 0x00, 0x00, 0xF0, 0x0F, 0x00, 0x00,
    0x00, 0xE0, 0x1F, 0x00, 0x00, 0x00, 0xC0, 0x3F, 0x00, 0x00, 0x00, 0x80,
    0x7F, 0x00, 0x00, 0x00, 0x80, 0x7F, 0x00, 0x00, 0x00, 0x00, 0xFF, 0x00,
    0x00, 0x00, 0x00, 0xFE, 0x01, 0x00, 0x00, 0x00, 0x00, 0x00, 0x00, 0x00,
    0x00, 0x00, 0x00, 0x00, 0x00, 0x00, 0x00, 0x00, 0x00, 0x00, 0x00, 0x00,
    0x00,
    /* U+0052 'R' */
    0x00, 0x00, 0x00, 0x00, 0x00, 0x00, 0x00, 0x00, 0x00, 0x00, 0x00, 0x00,
    0x00, 0x00, 0x00, 0x00, 0x00, 0x00, 0x00, 0x00, 0x00, 0x00, 0x00, 0x00,
    0x00, 0x00, 0x00, 0x00, 0x00, 0x00, 0x00, 0x00, 0x00, 0x00, 0x00, 0x00,
    0x00, 0x00, 0x00, 0x00, 0x00, 0x00, 0x00, 0x00, 0x00, 0xF0, 0xFF, 0x3F,
    0x00, 0x00, 0xF0, 0xFF, 0xFF, 0x01, 0x00, 0xF0, 0xFF, 0xFF, 0x07, 0x00,
    0xF0, 0xFF, 0xFF, 0x0F, 0x00, 0xF0, 0xFF, 0xFF, 0x1F, 0x00, 0xF0, 0xFF,
    0xFF, 0x1F, 0x00, 0xF0, 0x1F, 0xF8, 0x1F, 0x00, 0xF0, 0x1F, 0xF0, 0x1F,
    0x00, 0xF0, 0x1F, 0xE0, 0x3F, 0x00, 0xF0, 0x1F, 0xE0, 0x3F, 0x00, 0xF0,
    0x1F, 0xE0, 0x1F, 0x00, 0xF0, 0x1F, 0xE0, 0x1F, 0x00, 0xF0, 0x1F, 0xF0,
    0x1F, 0x00, 0xF0, 0x1F, 0xF8, 0x0F, 0x00, 0xF0, 0xFF, 0xFF, 0x0F, 0x00,
    0xF0, 0xFF, 0xFF, 0x03, 0x00, 0xF0, 0xFF, 0xFF, 0x01, 0x00, 0xF0, 0xFF,
    0xFF, 0x01, 0x00, 0xF0, 0xFF, 0xFF, 0x03, 0x00, 0xF0, 0xFF, 0xFF, 0x07,
    0x00, 0xF0, 0x1F, 0xFE, 0x0F, 0x00, 0xF0, 0x1F, 0xF8, 0x0F, 0x00, 0xF0,
    0x1F, 0xF0, 0x1F, 0x00, 0xF0, 0x1F, 0xF0, 0x1F, 0x00, 0xF0, 0x1F, 0xE0,
    0x3F, 0x00, 0xF0, 0x1F, 0xE0, 0x3F, 0x00, 0xF0, 0x1F, 0xC0, 0x7F, 0x00,
    0xF0, 0x1F, 0xC0, 0x7F, 0x00, 0xF0, 0x1F, 0x80, 0xFF, 0x00, 0xF0, 0x1F,
    0x80, 0xFF, 0x00, 0xF0, 0x1F, 0x00, 0xFF, 0x01, 0xF0, 0x1F, 0x00, 0xFF,
    0x01, 0xF0, 0x1F, 0x00, 0xFF, 0x03, 0x00, 0x00, 0x00, 0x00, 0x00, 0x00,
    0x00, 0x00, 0x00, 0x00, 0x00, 0x00, 0x00, 0x00, 0x00, 0x00, 0x00, 0x00,
    0x00, 0x00, 0x00, 0x00, 0x00, 0x00, 0x00, 0x00, 0x00, 0x00, 0x00, 0x00,
    0x00, 0x00, 0x00, 0x00, 0x00, 0x00, 0x00, 0x00, 0x00, 0x00, 0x00, 0x00,
    0x00, 0x00, 0x00, 0x00, 0x00, 0x00, 0x00, 0x00, 0x00, 0x00, 0x00, 0x00,
    0x00,
    /* U+0053 'S' */
    0x00, 0x00, 0x00, 0x00, 0x00, 0x00, 0x00, 0x00, 0x00, 0x00, 0x00, 0x00,
    0x00, 0x00, 0x00, 0x00, 0x00, 0x00, 0x00, 0x00, 0x00, 0x00, 0x00, 0x00,
    0x00, 0x00, 0x00, 0x00, 0x00, 0x00, 0x00, 0x00, 0x00, 0xF8, 0x3F, 0x00,
    0x00, 0xFF, 0xFF, 0x03, 0x80, 0xFF, 0xFF, 0x07, 0xC0, 0xFF, 0xFF, 0x07,
    0xE0, 0xFF, 0xFF, 0x07, 0xF0, 0xFF, 0xFF, 0x07, 0xF0, 0x1F, 0xC0, 0x07,
    0xF0, 0x0F, 0x00, 0x06, 0xF8, 0x07, 0x00, 0x00, 0xF8, 0x07, 0x00, 0x00,
    0xF8, 0x07, 0x00, 0x00, 0xF8, 0x0F, 0x00, 0x00, 0xF8, 0x7F, 0x00, 0x00,
    0xF0, 0xFF, 0x0F, 0x00, 0xF0, 0xFF, 0x7F, 0x00, 0xE0, 0xFF, 0xFF, 0x01,
    0xC0, 0xFF, 0xFF, 0x03, 0x80, 0xFF, 0xFF, 0x07, 0x00, 0xFF, 0xFF, 0x0F,
    0x00, 0xF8, 0xFF, 0x1F, 0x00, 0x80, 0xFF, 0x1F, 0x00, 0x00, 0xF8, 0x1F,
    0x00, 0x00, 0xF0, 0x1F, 0x00, 0x00, 0xE0, 0x1F, 0x00, 0x00, 0xE0, 0x1F,
    0x10, 0x00, 0xE0, 0x1F, 0x70, 0x00, 0xF0, 0x1F, 0xF0, 0x07, 0xF8, 0x0F,
    0xF0, 0xFF, 0xFF, 0x0F, 0xF0, 0xFF, 0xFF, 0x07, 0xF0, 0xFF, 0xFF, 0x07,
    0xF0, 0xFF, 0xFF, 0x03, 0xC0, 0xFF, 0xFF, 0x00, 0x00, 0xFC, 0x1F, 0x00,
    0x00, 0x00, 0x00, 0x00, 0x00, 0x00, 0x00, 0x00, 0x00, 0x00, 0x00, 0x00,
    0x00, 0x00, 0x00, 0x00, 0x00, 0x00, 0x00, 0x00, 0x00, 0x00, 0x00, 0x00,
    0x00, 0x00, 0x00, 0x00, 0x00, 0x00, 0x00, 0x00, 0x00, 0x00, 0x00, 0x00,
    0x00, 0x00, 0x00, 0x00, 0x00, 0x00, 0x00, 0x00,
    /* U+0054 'T' */
    0x00, 0x00, 0x00, 0x00, 0x00, 0x00, 0x00, 0x00, 0x00, 0x00, 0x00, 0x00,
    0x00, 0x00, 0x00, 0x00, 0x00, 0x00, 0x00, 0x00, 0x00, 0x00, 0x00, 0x00,
    0x00, 0x00, 0x00, 0x00, 0x00, 0x00, 0x00, 0x00, 0x00, 0x00, 0x00, 0x00,
    0xFF, 0xFF, 0xFF, 0x3F, 0xFF, 0xFF, 0xFF, 0x3F, 0xFF, 0xFF, 0xFF, 0x3F,
    0xFF, 0xFF, 0xFF, 0x3F, 0xFF, 0xFF, 0xFF, 0x3F, 0xFF, 0xFF, 0xFF, 0x3F,
    0x00, 0xF8, 0x0F, 0x00, 0x00, 0xF8, 0x0F, 0x00, 0x00, 0xF8, 0x0F, 0x00,
    0x00, 0xF8, 0x0F, 0x00, 0x00, 0xF8, 0x0F, 0x00, 0x00, 0xF8, 0x0F, 0x00,
    0x00, 0xF8, 0x0F, 0x00, 0x00, 0xF8, 0x0F, 0x00, 0x00, 0xF8, 0x0F, 0x00,
    0x00, 0xF8, 0x0F, 0x00, 0x00, 0xF8, 0x0F, 0x00, 0x00, 0xF8, 0x0F, 0x00,
    0x00, 0xF8, 0x0F, 0x00, 0x00, 0xF8, 0x0F, 0x00, 0x00, 0xF8, 0x0F, 0x00,
    0x00, 0xF8, 0x0F, 0x00, 0x00, 0xF8, 0x0F, 0x00, 0x00, 0xF8, 0x0F, 0x00,
    0x00, 0xF8, 0x0F, 0x00, 0x00, 0xF8, 0x0F, 0x00, 0x00, 0xF8, 0x0F, 0x00,
    0x00, 0xF8, 0x0F, 0x00, 0x00, 0xF8, 0x0F, 0x00, 0x00, 0xF8, 0x0F, 0x00,
    0x00, 0xF8, 0x0F, 0x00, 0x00, 0xF8, 0x0F, 0x00, 0x00, 0xF8, 0x0F, 0x00,
    0x00, 0x00, 0x00, 0x00, 0x00, 0x00, 0x00, 0x00, 0x00, 0x00, 0x00, 0x00,
    0x00, 0x00, 0x00, 0x00, 0x00, 0x00, 0x00, 0x00, 0x00, 0x00, 0x00, 0x00,
    0x00, 0x00, 0x00, 0x00, 0x00, 0x00, 0x00, 0x00, 0x00, 0x00, 0x00, 0x00,
    0x00, 0x00, 0x00, 0x00, 0x00, 0x00, 0x00, 0x00,
    /* U+0055 'U' */
    0x00, 0x00, 0x00, 0x00, 0x00, 0x00, 0x00, 0x00, 0x00, 0x00, 0x00, 0x00,
    0x00, 0x00, 0x00, 0x00, 0x00, 0x00, 0x00, 0x00, 0x00, 0x00, 0x00, 0x00,
    0x00, 0x00, 0x00, 0x00, 0x00, 0x00, 0x00, 0x00, 0x00, 0x00, 0x00, 0x00,
    0x00, 0x00, 0x00, 0x00, 0x00, 0x00, 0x00, 0x00, 0x00, 0xF0, 0x1F, 0x00,
    0xFF, 0x00, 0xF0, 0x1F, 0x00, 0xFF, 0x00, 0xF0, 0x1F, 0x00, 0xFF, 0x00,
    0xF0, 0x1F, 0x00, 0xFF, 0x00, 0xF0, 0x1F, 0x00, 0xFF, 0x00, 0xF0, 0x1F,
    0x00, 0xFF, 0x00, 0xF0, 0x1F, 0x00, 0xFF, 0x00, 0xF0, 0x1F, 0x00, 0xFF,
    0x00, 0xF0, 0x1F, 0x00, 0xFF, 0x00, 0xF0, 0x1F, 0x00, 0xFF, 0x00, 0xF0,
    0x1F, 0x00, 0xFF, 0x00, 0xF0, 0x1F, 0x00, 0xFF, 0x00, 0xF0, 0x1F, 0x00,
    0xFF, 0x00, 0xF0, 0x1F, 0x00, 0xFF, 0x00, 0xF0, 0x1F, 0x00, 0xFF, 0x00,
    0xF0, 0x1F, 0x00, 0xFF, 0x00, 0xF0, 0x1F, 0x00, 0xFF, 0x00, 0xF0, 0x1F,
    0x00, 0xFF, 0x00, 0xF0, 0x1F, 0x00, 0xFF, 0x00, 0xF0, 0x1F, 0x00, 0xFF,
    0x00, 0xF0, 0x1F, 0x00, 0xFF, 0x00, 0xF0, 0x1F, 0x00, 0xFF, 0x00, 0xF0,
    0x1F, 0x00, 0xFF, 0x00, 0xE0, 0x1F, 0x80, 0xFF, 0x00, 0xE0, 0x1F, 0x80,
    0xFF, 0x00, 0xE0, 0x3F, 0xC0, 0x7F, 0x00, 0xE0, 0xFF, 0xE0, 0x7F, 0x00,
    0xC0, 0xFF, 0xFF, 0x7F, 0x00, 0x80, 0xFF, 0xFF, 0x3F, 0x00, 0x80, 0xFF,
    0xFF, 0x1F, 0x00, 0x00, 0xFE, 0xFF, 0x0F, 0x00, 0x00, 0xFC, 0xFF, 0x03,
    0x00, 0x00, 0xC0, 0x7F, 0x00, 0x00, 0x00, 0x00, 0x00, 0x00, 0x00, 0x00,
    0x00, 0x00, 0x00, 0x00, 0x00, 0x00, 0x00, 0x00, 0x00, 0x00, 0x00, 0x00,
    0x00, 0x00, 0x00, 0x00, 0x00, 0x00, 0x00, 0x00, 0x00, 0x00, 0x00, 0x00,
    0x00, 0x00, 0x00, 0x00, 0x00, 0x00, 0x00, 0x00, 0x00, 0x00, 0x00, 0x00,
    0x00, 0x00, 0x00, 0x00, 0x00, 0x00, 0x00, 0x00, 0x00, 0x00, 0x00, 0x00,
    0x00,
    /* U+0056 'V' */
    0x00, 0x00, 0x00, 0x00, 0x00, 0x00, 0x00, 0x00, 0x00, 0x00, 0x00, 0x00,
    0x00, 0x00, 0x00, 0x00, 0x00, 0x00, 0x00, 0x00, 0x00, 0x00, 0x00, 0x00,
    0x00, 0x00, 0x00, 0x00, 0x00, 0x00, 0x00, 0x00, 0x00, 0x00, 0x00, 0x00,
    0x00, 0x00, 0x00, 0x00, 0x00, 0x00, 0x00, 0x00, 0x00, 0xFF, 0x01, 0x00,
    0xFC, 0x03, 0xFE, 0x01, 0x00, 0xFC, 0x03, 0xFE, 0x03, 0x00, 0xFE, 0x03,
    0xFC, 0x03, 0x00, 0xFE, 0x01, 0xFC, 0x03, 0x00, 0xFE, 0x01, 0xFC, 0x07,
    0x00, 0xFF, 0x01, 0xF8, 0x07, 0x00, 0xFF, 0x00, 0xF8, 0x07, 0x80, 0xFF,
    0x00, 0xF8, 0x0F, 0x80, 0x7F, 0x00, 0xF0, 0x0F, 0x80, 0x7F, 0x00, 0xF0,
    0x0F, 0xC0, 0x7F, 0x00, 0xF0, 0x1F, 0xC0, 0x3F, 0x00, 0xE0, 0x1F, 0xC0,
    0x3F, 0x00, 0xE0, 0x3F, 0xE0, 0x3F, 0x00, 0xC0, 0x3F, 0xE0, 0x1F, 0x00,
    0xC0, 0x3F, 0xE0, 0x1F, 0x00, 0xC0, 0x7F, 0xF0, 0x1F, 0x00, 0x80, 0x7F,
    0xF0, 0x0F, 0x00, 0x80, 0x7F, 0xF0, 0x0F, 0x00, 0x80, 0xFF, 0xF8, 0x07,
    0x00, 0x00, 0xFF, 0xF8, 0x07, 0x00, 0x00, 0xFF, 0xFC, 0x07, 0x00, 0x00,
    0xFE, 0xFD, 0x03, 0x00, 0x00, 0xFE, 0xFD, 0x03, 0x00, 0x00, 0xFE, 0xFF,
    0x03, 0x00, 0x00, 0xFC, 0xFF, 0x01, 0x00, 0x00, 0xFC, 0xFF, 0x01, 0x00,
    0x00, 0xFC, 0xFF, 0x00, 0x00, 0x00, 0xF8, 0xFF, 0x00, 0x00, 0x00, 0xF8,
    0xFF, 0x00, 0x00, 0x00, 0xF8, 0x7F, 0x00, 0x00, 0x00, 0xF0, 0x7F, 0x00,
    0x00, 0x00, 0xF0, 0x7F, 0x00, 0x00, 0x00, 0x00, 0x00, 0x00, 0x00, 0x00,
    0x00, 0x00, 0x00, 0x00, 0x00, 0x00, 0x00, 0x00, 0x00, 0x00, 0x00, 0x00,
    0x00, 0x00, 0x00, 0x00, 0x00, 0x00, 0x00, 0x00, 0x00, 0x00, 0x00, 0x00,
    0x00, 0x00, 0x00, 0x00, 0x00, 0x00, 0x00, 0x00, 0x00, 0x00, 0x00, 0x00,
    0x00, 0x00, 0x00, 0x00, 0x00, 0x00, 0x00, 0x00, 0x00, 0x00, 0x00, 0x00,
    0x00,
    /* U+0057 'W' */
    0x00, 0x00, 0x00, 0x00, 0x00, 0x00, 0x00, 0x00, 0x00, 0x00, 0x00, 0x00,
    0x00, 0x00, 0x00, 0x00, 0x00, 0x00, 0x00, 0x00, 0x00, 0x00, 0x00, 0x00,
    0x00, 0x00, 0x00, 0x00, 0x00, 0x00, 0x00, 0x00, 0x00, 0x00, 0x00, 0x00,
    0x00, 0x00, 0x00, 0x00, 0x00, 0x00, 0x00, 0x00, 0x00, 0x00, 0x00, 0x00,
    0x00, 0x00, 0x00, 0x00, 0x00, 0x00, 0x00, 0x00, 0x00, 0x00, 0x00, 0x00,
    0x00, 0x00, 0x00, 0xFE, 0x03, 0xE0, 0x1F, 0x00, 0xFF, 0x00, 0xFC, 0x03,
    0xF0, 0x1F, 0x00, 0xFF, 0x00, 0xFC, 0x03, 0xF0, 0x1F, 0x00, 0xFF, 0x00,
    0xFC, 0x03, 0xF0, 0x3F, 0x80, 0x7F, 0x00, 0xFC, 0x07, 0xF0, 0x3F, 0x80,
    0x7F, 0x00, 0xF8, 0x07, 0xF8, 0x3F, 0x80, 0x7F, 0x00, 0xF8, 0x07, 0xF8,
    0x3F, 0x80, 0x7F, 0x00, 0xF8, 0x07, 0xF8, 0x7F, 0xC0, 0x3F, 0x00, 0xF8,
    0x07, 0xF8, 0x7F, 0xC0, 0x3F, 0x00, 0xF0, 0x0F, 0xF8, 0x7E, 0xC0, 0x3F,
    0x00, 0xF0, 0x0F, 0xFC, 0x7E, 0xC0, 0x3F, 0x00, 0xF0, 0x0F, 0xFC, 0xFC,
    0xE0, 0x3F, 0x00, 0xF0, 0x0F, 0xFC, 0xFC, 0xE0, 0x1F, 0x00, 0xE0, 0x1F,
    0x7C, 0xFC, 0xE0, 0x1F, 0x00, 0xE0, 0x1F, 0x7E, 0xFC, 0xE0, 0x1F, 0x00,
    0xE0, 0x1F, 0x7E, 0xF8, 0xE1, 0x1F, 0x00, 0xE0, 0x1F, 0x7E, 0xF8, 0xF1,
    0x0F, 0x00, 0xE0, 0x3F, 0x7E, 0xF8, 0xF1, 0x0F, 0x00, 0xC0, 0x3F, 0x3F,
    0xF8, 0xF1, 0x0F, 0x00, 0xC0, 0x3F, 0x3F, 0xF0, 0xF1, 0x0F, 0x00, 0xC0,
    0x3F, 0x3F, 0xF0, 0xFB, 0x07, 0x00, 0xC0, 0x7F, 0x3F, 0xF0, 0xFB, 0x07,
    0x00, 0x80, 0xFF, 0x1F, 0xF0, 0xFB, 0x07, 0x00, 0x80, 0xFF, 0x1F, 0xF0,
    0xFF, 0x07, 0x00, 0x80, 0xFF, 0x1F, 0xE0, 0xFF, 0x03, 0x00, 0x80, 0xFF,
    0x1F, 0xE0, 0xFF, 0x03, 0x00, 0x00, 0xFF, 0x0F, 0xE0, 0xFF, 0x03, 0x00,
    0x00, 0xFF, 0x0F, 0xE0, 0xFF, 0x03, 0x00, 0x00, 0xFF, 0x0F, 0xC0, 0xFF,
    0x03, 0x00, 0x00, 0xFF, 0x0F, 0xC0, 0xFF, 0x01, 0x00, 0x00, 0xFE, 0x07,
    0xC0, 0xFF, 0x01, 0x00, 0x00, 0xFE, 0x07, 0xC0, 0xFF, 0x01, 0x00, 0x00,
    0xFE, 0x07, 0x80, 0xFF, 0x01, 0x00, 0x00, 0x00, 0x00, 0x00, 0x00, 0x00,
    0x00, 0x00, 0x00, 0x00, 0x00, 0x00, 0x00, 0x00, 0x00, 0x00, 0x00, 0x00,
    0x00, 0x00, 0x00, 0x00, 0x00, 0x00, 0x00, 0x00, 0x00, 0x00, 0x00, 0x00,
    0x00, 0x00, 0x00, 0x00, 0x00, 0x00, 0x00, 0x00, 0x00, 0x00, 0x00, 0x00,
    0x00, 0x00, 0x00, 0x00, 0x00, 0x00, 0x00, 0x00, 0x00, 0x00, 0x00, 0x00,
    0x00, 0x00, 0x00, 0x00, 0x00, 0x00, 0x00, 0x00, 0x00, 0x00, 0x00, 0x00,
    0x00, 0x00, 0x00, 0x00, 0x00, 0x00, 0x00, 0x00, 0x00, 0x00, 0x00,
    /* U+0058 'X' */
    0x00, 0x00, 0x00, 0x00, 0x00, 0x00, 0x00, 0x00, 0x00, 0x00, 0x00, 0x00,
    0x00, 0x00, 0x00, 0x00, 0x00, 0x00, 0x00, 0x00, 0x00, 0x00, 0x00, 0x00,
    0x00, 0x00, 0x00, 0x00, 0x00, 0x00, 0x00, 0x00, 0x00, 0x00, 0x00, 0x00,
    0x00, 0x00, 0x00, 0x00, 0x00, 0x00, 0x00, 0x00, 0x00, 0xFC, 0x03, 0x00,
    0xFF, 0x01, 0xFC, 0x07, 0x80, 0xFF, 0x00, 0xF8, 0x0F, 0x80, 0xFF, 0x00,
    0xF0, 0x0F, 0xC0, 0x7F, 0x00, 0xF0, 0x1F, 0xE0, 0x3F, 0x00, 0xE0, 0x3F,
    0xE0, 0x3F, 0x00, 0xC0, 0x7F, 0xF0, 0x1F, 0x00, 0xC0, 0x7F, 0xF8, 0x0F,
    0x00, 0x80, 0xFF, 0xF8, 0x0F, 0x00, 0x00, 0xFF, 0xFD, 0x07, 0x00, 0x00,
    0xFF, 0xFF, 0x03, 0x00, 0x00, 0xFE, 0xFF, 0x03, 0x00, 0x00, 0xFC, 0xFF,
    0x01, 0x00, 0x00, 0xFC, 0xFF, 0x00, 0x00, 0x00, 0xF8, 0xFF, 0x00, 0x00,
    0x00, 0xF0, 0x7F, 0x00, 0x00, 0x00, 0xF0, 0x7F, 0x00, 0x00, 0x00, 0xF8,
    0x7F, 0x00, 0x00, 0x00, 0xF8, 0xFF, 0x00, 0x00, 0x00, 0xFC, 0xFF, 0x01,
    0x00, 0x00, 0xFE, 0xFF, 0x01, 0x00, 0x00, 0xFE, 0xFF, 0x03, 0x00, 0x00,
    0xFF, 0xFD, 0x07, 0x00, 0x80, 0xFF, 0xF8, 0x07, 0x00, 0x80, 0x7F, 0xF8,
    0x0F, 0x00, 0xC0, 0x7F, 0xF0, 0x1F, 0x00, 0xE0, 0x3F, 0xE0, 0x1F, 0x00,
    0xE0, 0x1F, 0xE0, 0x3F, 0x00, 0xF0, 0x1F, 0xC0, 0x7F, 0x00, 0xF8, 0x0F,
    0x80, 0x7F, 0x00, 0xF8, 0x07, 0x80, 0xFF, 0x00, 0xFC, 0x07, 0x00, 0xFF,
    0x01, 0xFE, 0x03, 0x00, 0xFE, 0x01, 0x00, 0x00, 0x00, 0x00, 0x00, 0x00,
    0x00, 0x00, 0x00, 0x00, 0x00, 0x00, 0x00, 0x00, 0x00, 0x00, 0x00, 0x00,
    0x00, 0x00, 0x00, 0x00, 0x00, 0x00, 0x00, 0x00, 0x00, 0x00, 0x00, 0x00,
    0x00, 0x00, 0x00, 0x00, 0x00, 0x00, 0x00, 0x00, 0x00, 0x00, 0x00, 0x00,
    0x00, 0x00, 0x00, 0x00, 0x00, 0x00, 0x00, 0x00, 0x00, 0x00, 0x00, 0x00,
    0x00,
    /* U+0059 'Y' */
    0x00, 0x00, 0x00, 0x00, 0x00, 0x00, 0x00, 0x00, 0x00, 0x00, 0x00, 0x00,
    0x00, 0x00, 0x00, 0x00, 0x00, 0x00, 0x00, 0x00, 0x00, 0x00, 0x00, 0x00,
    0x00, 0x00, 0x00, 0x00, 0x00, 0x00, 0x00, 0x00, 0x00, 0x00, 0x00, 0x00,
    0x00, 0x00, 0x00, 0x00, 0x00, 0x00, 0x00, 0x00, 0x00, 0xFE, 0x03, 0x00,
    0xFF, 0x03, 0xFC, 0x07, 0x00, 0xFF, 0x01, 0xFC, 0x07, 0x80, 0xFF, 0x00,
    0xF8, 0x0F, 0x80, 0xFF, 0x00, 0xF0, 0x1F, 0xC0, 0x7F, 0x00, 0xF0, 0x1F,
    0xE0, 0x3F, 0x00, 0xE0, 0x3F, 0xE0, 0x3F, 0x00, 0xE0, 0x7F, 0xF0, 0x1F,
    0x00, 0xC0, 0x7F, 0xF8, 0x0F, 0x00, 0x80, 0xFF, 0xF8, 0x0F, 0x00, 0x80,
    0xFF, 0xFC, 0x07, 0x00, 0x00, 0xFF, 0xFF, 0x03, 0x00, 0x00, 0xFE, 0xFF,
    0x03, 0x00, 0x00, 0xFE, 0xFF, 0x01, 0x00, 0x00, 0xFC, 0xFF, 0x01, 0x00,
    0x00, 0xF8, 0xFF, 0x00, 0x00, 0x00, 0xF8, 0x7F, 0x00, 0x00, 0x00, 0xF0,
    0x7F, 0x00, 0x00, 0x00, 0xE0, 0x3F, 0x00, 0x00, 0x00, 0xE0, 0x3F, 0x00,
    0x00, 0x00, 0xE0, 0x3F, 0x00, 0x00, 0x00, 0xE0, 0x3F, 0x00, 0x00, 0x00,
    0xE0, 0x3F, 0x00, 0x00, 0x00, 0xE0, 0x3F, 0x00, 0x00, 0x00, 0xE0, 0x3F,
    0x00, 0x00, 0x00, 0xE0, 0x3F, 0x00, 0x00, 0x00, 0xE0, 0x3F, 0x00, 0x00,
    0x00, 0xE0, 0x3F, 0x00, 0x00, 0x00, 0xE0, 0x3F, 0x00, 0x00, 0x00, 0xE0,
    0x3F, 0x00, 0x00, 0x00, 0xE0, 0x3F, 0x00, 0x00, 0x00, 0xE0, 0x3F, 0x00,
    0x00, 0x00, 0xE0, 0x3F, 0x00, 0x00, 0x00, 0x00, 0x00, 0x00, 0x00, 0x00,
    0x00, 0x00, 0x00, 0x00, 0x00, 0x00, 0x00, 0x00, 0x00, 0x00, 0x00, 0x00,
    0x00, 0x00, 0x00, 0x00, 0x00, 0x00, 0x00, 0x00, 0x00, 0x00, 0x00, 0x00,
    0x00, 0x00, 0x00, 0x00, 0x00, 0x00, 0x00, 0x00, 0x00, 0x00, 0x00, 0x00,
    0x00, 0x00, 0x00, 0x00, 0x00, 0x00, 0x00, 0x00, 0x00, 0x00, 0x00, 0x00,
    0x00,
    /* U+005A 'Z' */
    0x00, 0x00, 0x00, 0x00, 0x00, 0x00, 0x00, 0x00, 0x00, 0x00, 0x00, 0x00,
    0x00, 0x00, 0x00, 0x00, 0x00, 0x00, 0x00, 0x00, 0x00, 0x00, 0x00, 0x00,
    0x00, 0x00, 0x00, 0x00, 0x00, 0x00, 0x00, 0x00, 0x00, 0x00, 0x00, 0x00,
    0x00, 0x00, 0x00, 0x00, 0x00, 0x00, 0x00, 0x00, 0x00, 0xF8, 0xFF, 0xFF,
    0x3F, 0x00, 0xF8, 0xFF, 0xFF, 0x3F, 0x00, 0xF8, 0xFF, 0xFF, 0x3F, 0x00,
    0xF8, 0xFF, 0xFF, 0x3F, 0x00, 0xF8, 0xFF, 0xFF, 0x3F, 0x00, 0xF8, 0xFF,
    0xFF, 0x3F, 0x00, 0x00, 0x00, 0xF8, 0x1F, 0x00, 0x00, 0x00, 0xFC, 0x0F,
    0x00, 0x00, 0x00, 0xFC, 0x07, 0x00, 0x00, 0x00, 0xFE, 0x07, 0x00, 0x00,
    0x00, 0xFF, 0x03, 0x00, 0x00, 0x80, 0xFF, 0x01, 0x00, 0x00, 0xC0, 0xFF,
    0x00, 0x00, 0x00, 0xC0, 0x7F, 0x00, 0x00, 0x00, 0xE0, 0x7F, 0x00, 0x00,
    0x00, 0xF0, 0x3F, 0x00, 0x00, 0x00, 0xF8, 0x1F, 0x00, 0x00, 0x00, 0xFC,
    0x0F, 0x00, 0x00, 0x00, 0xFC, 0x07, 0x00, 0x00, 0x00, 0xFE, 0x07, 0x00,
    0x00, 0x00, 0xFF, 0x03, 0x00, 0x00, 0x80, 0xFF, 0x01, 0x00, 0x00, 0xC0,
    0xFF, 0x00, 0x00, 0x00, 0xE0, 0x7F, 0x00, 0x00, 0x00, 0xE0, 0x7F, 0x00,
    0x00, 0x00, 0xF0, 0x3F, 0x00, 0x00, 0x00, 0xF8, 0x1F, 0x00, 0x00, 0x00,
    0xFC, 0xFF, 0xFF, 0x7F, 0x00, 0xFC, 0xFF, 0xFF, 0x7F, 0x00, 0xFC, 0xFF,
    0xFF, 0x7F, 0x00, 0xFC, 0xFF, 0xFF, 0x7F, 0x00, 0xFC, 0xFF, 0xFF, 0x7F,
    0x00, 0xFC, 0xFF, 0xFF, 0x7F, 0x00, 0x00, 0x00, 0x00, 0x00, 0x00, 0x00,
    0x00, 0x00, 0x00, 0x00, 0x00, 0x00, 0x00, 0x00, 0x00, 0x00, 0x00, 0x00,
    0x00, 0x00, 0x00, 0x00, 0x00, 0x00, 0x00, 0x00, 0x00, 0x00, 0x00, 0x00,
    0x00, 0x00, 0x00, 0x00, 0x00, 0x00, 0x00, 0x00, 0x00, 0x00, 0x00, 0x00,
    0x00, 0x00, 0x00, 0x00, 0x00, 0x00, 0x00, 0x00, 0x00, 0x00, 0x00, 0x00,
    0x00,
    /* U+005B '[' */
    0x00, 0x00, 0x00, 0x00, 0x00, 0x00, 0x00, 0x00, 0x00, 0x00, 0x00, 0x00,
    0x00, 0x00, 0x00, 0x00, 0x00, 0x00, 0x00, 0x00, 0x00, 0x00, 0x00, 0x00,
    0xF0, 0xFF, 0x03, 0xF0, 0xFF, 0x03, 0xF0, 0xFF, 0x03, 0xF0, 0xFF, 0x03,
    0xF0, 0xFF, 0x03, 0xF0, 0x07, 0x00, 0xF0, 0x07, 0x00, 0xF0, 0x07, 0x00,
    0xF0, 0x07, 0x00, 0xF0, 0x07, 0x00, 0xF0, 0x07, 0x00, 0xF0, 0x07, 0x00,
    0xF0, 0x07, 0x00, 0xF0, 0x07, 0x00, 0xF0, 0x07, 0x00, 0xF0, 0x07, 0x00,
    0xF0, 0x07, 0x00, 0xF0, 0x07, 0x00, 0xF0, 0x07, 0x00, 0xF0, 0x07, 0x00,
    0xF0, 0x07, 0x00, 0xF0, 0x07, 0x00, 0xF0, 0x07, 0x00, 0xF0, 0x07, 0x00,
    0xF0, 0x07, 0x00, 0xF0, 0x07, 0x00, 0xF0, 0x07, 0x00, 0xF0, 0x07, 0x00,
    0xF0, 0x07, 0x00, 0xF0, 0x07, 0x00, 0xF0, 0x07, 0x00, 0xF0, 0x07, 0x00,
    0xF0, 0x07, 0x00, 0xF0, 0x07, 0x00, 0xF0, 0x07, 0x00, 0xF0, 0xFF, 0x03,
    0xF0, 0xFF, 0x03, 0xF0, 0xFF, 0x03, 0xF0, 0xFF, 0x03, 0xF0, 0xFF, 0x03,
    0x00, 0x00, 0x00, 0x00, 0x00, 0x00, 0x00, 0x00, 0x00, 0x00, 0x00, 0x00,
    0x00, 0x00, 0x00,
    /* U+005C '\' */
    0x00, 0x00, 0x00, 0x00, 0x00, 0x00, 0x00, 0x00, 0x00, 0x00, 0x00, 0x00,
    0x00, 0x00, 0x00, 0x00, 0x00, 0x00, 0x00, 0x00, 0x00, 0x00, 0x00, 0x00,
    0x00, 0x00, 0x00, 0x1F, 0x00, 0x00, 0x1F, 0x00, 0x00, 0x3E, 0x00, 0x00,
    0x3E, 0x00, 0x00, 0x3E, 0x00, 0x00, 0x7C, 0x00, 0x00, 0x7C, 0x00, 0x00,
    0x7C, 0x00, 0x00, 0xF8, 0x00, 0x00, 0xF8, 0x00, 0x00, 0xF8, 0x00, 0x00,
    0xF0, 0x00, 0x00, 0xF0, 0x01, 0x00, 0xF0, 0x01, 0x00, 0xE0, 0x01, 0x00,
    0xE0, 0x03, 0x00, 0xE0, 0x03, 0x00, 0xE0, 0x03, 0x00, 0xC0, 0x07, 0x00,
    0xC0, 0x07, 0x00, 0xC0, 0x07, 0x00, 0x80, 0x0F, 0x00, 0x80, 0x0F, 0x00,
    0x80, 0x0F, 0x00, 0x00, 0x1F, 0x00, 0x00, 0x1F, 0x00, 0x00, 0x1F, 0x00,
    0x00, 0x1E, 0x00, 0x00, 0x3E, 0x00, 0x00, 0x3E, 0x00, 0x00, 0x3C, 0x00,
    0x00, 0x7C, 0x00, 0x00, 0x7C, 0x00, 0x00, 0x7C, 0x00, 0x00, 0xF8, 0x00,
    0x00, 0xF8, 0x00, 0x00, 0xF8, 0x00, 0x00, 0x00, 0x00, 0x00, 0x00, 0x00,
    0x00, 0x00, 0x00, 0x00, 0x00, 0x00, 0x00, 0x00, 0x00, 0x00, 0x00, 0x00,
    0x00, 0x00, 0x00,
    /* U+005D ']' */
    0x00, 0x00, 0x00, 0x00, 0x00, 0x00, 0x00, 0x00, 0x00, 0x00, 0x00, 0x00,
    0x00, 0x00, 0x00, 0x00, 0x00, 0x00, 0x00, 0x00, 0x00, 0x00, 0x00, 0x00,
    0xF8, 0xFF, 0x01, 0xF8, 0xFF, 0x01, 0xF8, 0xFF, 0x01, 0xF8, 0xFF, 0x01,
    0xF8, 0xFF, 0x01, 0x00, 0xFE, 0x01, 0x00, 0xFE, 0x01, 0x00, 0xFE, 0x01,
    0x00, 0xFE, 0x01, 0x00, 0xFE, 0x01, 0x00, 0xFE, 0x01, 0x00, 0xFE, 0x01,
    0x00, 0xFE, 0x01, 0x00, 0xFE, 0x01, 0x00, 0xFE, 0x01, 0x00, 0xFE, 0x01,
    0x00, 0xFE, 0x01, 0x00, 0xFE, 0x01, 0x00, 0xFE, 0x01, 0x00, 0xFE, 0x01,
    0x00, 0xFE, 0x01, 0x00, 0xFE, 0x01, 0x00, 0xFE, 0x01, 0x00, 0xFE, 0x01,
    0x00, 0xFE, 0x01, 0x00, 0xFE, 0x01, 0x00, 0xFE, 0x01, 0x00, 0xFE, 0x01,
    0x00, 0xFE, 0x01, 0x00, 0xFE, 0x01, 0x00, 0xFE, 0x01, 0x00, 0xFE, 0x01,
    0x00, 0xFE, 0x01, 0x00, 0xFE, 0x01, 0x00, 0xFE, 0x01, 0xF8, 0xFF, 0x01,
    0xF8, 0xFF, 0x01, 0xF8, 0xFF, 0x01, 0xF8, 0xFF, 0x01, 0xF8, 0xFF, 0x01,
    0x00, 0x00, 0x00, 0x00, 0x00, 0x00, 0x00, 0x00, 0x00, 0x00, 0x00, 0x00,
    0x00, 0x00, 0x00,
    /* U+005E '^' */
    0x00, 0x00, 0x00, 0x00, 0x00, 0x00, 0x00, 0x00, 0x00, 0x00, 0x00, 0x00,
    0x00, 0x00, 0x00, 0x00, 0x00, 0x00, 0x00, 0x00, 0x00, 0x00, 0x00, 0x00,
    0x00, 0x00, 0x00, 0x00, 0x00, 0x00, 0x00, 0x00, 0x00, 0x00, 0x00, 0x00,
    0x00, 0x00, 0x00, 0x00, 0x00, 0x00, 0x00, 0x00, 0x00, 0x00, 0x00, 0x3F,
    0x00, 0x00, 0x00, 0x80, 0x7F, 0x00, 0x00, 0x00, 0xC0, 0xFF, 0x00, 0x00,
    0x00, 0xE0, 0xFF, 0x01, 0x00, 0x00, 0xF0, 0xFF, 0x03, 0x00, 0x00, 0xF8,
    0xFF, 0x07, 0x00, 0x00, 0xFC, 0xF1, 0x0F, 0x00, 0x00, 0xFE, 0xC0, 0x1F,
    0x00, 0x00, 0x7F, 0x80, 0x3F, 0x00, 0x80, 0x1F, 0x00, 0x7F, 0x00, 0xC0,
    0x0F, 0x00, 0xFC, 0x00, 0xE0, 0x07, 0x00, 0xF8, 0x01, 0x00, 0x00, 0x00,
    0x00, 0x00, 0x00, 0x00, 0x00, 0x00, 0x00, 0x00, 0x00, 0x00, 0x00, 0x00,
    0x00, 0x00, 0x00, 0x00, 0x00, 0x00, 0x00, 0x00, 0x00, 0x00, 0x00, 0x00,
    0x00, 0x00, 0x00, 0x00, 0x00, 0x00, 0x00, 0x00, 0x00, 0x00, 0x00, 0x00,
    0x00, 0x00, 0x00, 0x00, 0x00, 0x00, 0x00, 0x00, 0x00, 0x00, 0x00, 0x00,
    0x00, 0x00, 0x00, 0x00, 0x00, 0x00, 0x00, 0x00, 0x00, 0x00, 0x00, 0x00,
    0x00, 0x00, 0x00, 0x00, 0x00, 0x00, 0x00, 0x00, 0x00, 0x00, 0x00, 0x00,
    0x00, 0x00, 0x00, 0x00, 0x00, 0x00, 0x00, 0x00, 0x00, 0x00, 0x00, 0x00,
    0x00, 0x00, 0x00, 0x00, 0x00, 0x00, 0x00, 0x00, 0x00, 0x00, 0x00, 0x00,
    0x00, 0x00, 0x00, 0x00, 0x00, 0x00, 0x00, 0x00, 0x00, 0x00, 0x00, 0x00,
    0x00, 0x00, 0x00, 0x00, 0x00, 0x00, 0x00, 0x00, 0x00, 0x00, 0x00, 0x00,
    0x00, 0x00, 0x00, 0x00, 0x00, 0x00, 0x00, 0x00, 0x00, 0x00, 0x00, 0x00,
    0x00, 0x00, 0x00, 0x00, 0x00, 0x00, 0x00, 0x00, 0x00, 0x00, 0x00, 0x00,
    0x00, 0x00, 0x00, 0x00, 0x00, 0x00, 0x00, 0x00, 0x00, 0x00, 0x00, 0x00,
    0x00,
    /* U+005F '_' */
    0x00, 0x00, 0x00, 0x00, 0x00, 0x00, 0x00, 0x00, 0x00, 0x00, 0x00, 0x00,
    0x00, 0x00, 0x00, 0x00, 0x00, 0x00, 0x00, 0x00, 0x00, 0x00, 0x00, 0x00,
    0x00, 0x00, 0x00, 0x00, 0x00, 0x00, 0x00, 0x00, 0x00, 0x00, 0x00, 0x00,
    0x00, 0x00, 0x00, 0x00, 0x00, 0x00, 0x00, 0x00, 0x00, 0x00, 0x00, 0x00,
    0x00, 0x00, 0x00, 0x00, 0x00, 0x00, 0x00, 0x00, 0x00, 0x00, 0x00, 0x00,
    0x00, 0x00, 0x00, 0x00, 0x00, 0x00, 0x00, 0x00, 0x00, 0x00, 0x00, 0x00,
    0x00, 0x00, 0x00, 0x00, 0x00, 0x00, 0x00, 0x00, 0x00, 0x00, 0x00, 0x00,
    0x00, 0x00, 0x00, 0x00, 0x00, 0x00, 0x00, 0x00, 0x00, 0x00, 0x00, 0x00,
    0x00, 0x00, 0x00, 0x00, 0x00, 0x00, 0x00, 0x00, 0x00, 0x00, 0x00, 0x00,
    0x00, 0x00, 0x00, 0x00, 0x00, 0x00, 0x00, 0x00, 0x00, 0x00, 0x00, 0x00,
    0x00, 0x00, 0x00, 0x00, 0x00, 0x00, 0x00, 0x00, 0x00, 0x00, 0x00, 0x00,
    0x00, 0x00, 0x00, 0x00, 0x00, 0x00, 0x00, 0x00, 0x00, 0x00, 0x00, 0x00,
    0x00, 0x00, 0x00, 0xFF, 0xFF, 0x7F, 0xFF, 0xFF, 0x7F, 0xFF, 0xFF, 0x7F,
    0xFF, 0xFF, 0x7F,
    /* U+0060 '`' */
    0x00, 0x00, 0x00, 0x00, 0x00, 0x00, 0x00, 0x00, 0x00, 0x00, 0x00, 0x00,
    0x00, 0x00, 0x00, 0x00, 0x00, 0x00, 0xF8, 0x01, 0x00, 0xF0, 0x01, 0x00,
    0xE0, 0x03, 0x00, 0xC0, 0x07, 0x00, 0x80, 0x0F, 0x00, 0x00, 0x1F, 0x00,
    0x00, 0x1E, 0x00, 0x00, 0x3C, 0x00, 0x00, 0x00, 0x00, 0x00, 0x00, 0x00,
    0x00, 0x00, 0x00, 0x00, 0x00, 0x00, 0x00, 0x00, 0x00, 0x00, 0x00, 0x00,
    0x00, 0x00, 0x00, 0x00, 0x00, 0x00, 0x00, 0x00, 0x00, 0x00, 0x00, 0x00,
    0x00, 0x00, 0x00, 0x00, 0x00, 0x00, 0x00, 0x00, 0x00, 0x00, 0x00, 0x00,
    0x00, 0x00, 0x00, 0x00, 0x00, 0x00, 0x00, 0x00, 0x00, 0x00, 0x00, 0x00,
    0x00, 0x00, 0x00, 0x00, 0x00, 0x00, 0x00, 0x00, 0x00, 0x00, 0x00, 0x00,
    0x00, 0x00, 0x00, 0x00, 0x00, 0x00, 0x00, 0x00, 0x00, 0x00, 0x00, 0x00,
    0x00, 0x00, 0x00, 0x00, 0x00, 0x00, 0x00, 0x00, 0x00, 0x00, 0x00, 0x00,
    0x00, 0x00, 0x00, 0x00, 0x00, 0x00, 0x00, 0x00, 0x00, 0x00, 0x00, 0x00,
    0x00, 0x00, 0x00, 0x00, 0x00, 0x00, 0x00, 0x00, 0x00, 0x00, 0x00, 0x00,
    0x00, 0x00, 0x00,
    /* U+0061 'a' */
    0x00, 0x00, 0x00, 0x00, 0x00, 0x00, 0x00, 0x00, 0x00, 0x00, 0x00, 0x00,
    0x00, 0x00, 0x00, 0x00, 0x00, 0x00, 0x00, 0x00, 0x00, 0x00, 0x00, 0x00,
    0x00, 0x00, 0x00, 0x00, 0x00, 0x00, 0x00, 0x00, 0x00, 0x00, 0x00, 0x00,
    0x00, 0x00, 0x00, 0x00, 0x00, 0x00, 0x00, 0x00, 0x00, 0x00, 0x00, 0x00,
    0x00, 0x00, 0x00, 0x00, 0x00, 0x00, 0x00, 0x00, 0x00, 0x00, 0x00, 0x00,
    0x00, 0x00, 0x00, 0x00, 0x00, 0xFF, 0x07, 0x00, 0xF0, 0xFF, 0x3F, 0x00,
    0xF0, 0xFF, 0x7F, 0x00, 0xF0, 0xFF, 0xFF, 0x00, 0xF0, 0xFF, 0xFF, 0x01,
    0xF0, 0x00, 0xFF, 0x03, 0x10, 0x00, 0xFC, 0x03, 0x00, 0x00, 0xF8, 0x03,
    0x00, 0x00, 0xF8, 0x07, 0x00, 0x00, 0xF8, 0x07, 0x00, 0xFE, 0xFF, 0x07,
    0xC0, 0xFF, 0xFF, 0x07, 0xF0, 0xFF, 0xFF, 0x07, 0xF8, 0xFF, 0xFF, 0x07,
    0xF8, 0xFF, 0xFF, 0x07, 0xFC, 0x0F, 0xF8, 0x07, 0xFC, 0x03, 0xF8, 0x07,
    0xFC, 0x03, 0xF8, 0x07, 0xFC, 0x03, 0xFC, 0x07, 0xFC, 0x03, 0xFE, 0x07,
    0xFC, 0x07, 0xFF, 0x07, 0xF8, 0xFF, 0xFF, 0x07, 0xF8, 0xFF, 0xFF, 0x07,
    0xF0, 0xFF, 0xFB, 0x07, 0xE0, 0xFF, 0xF8, 0x07, 0x80, 0x3F, 0xF8, 0x07,
    0x00, 0x00, 0x00, 0x00, 0x00, 0x00, 0x00, 0x00, 0x00, 0x00, 0x00, 0x00,
    0x00, 0x00, 0x00, 0x00, 0x00, 0x00, 0x00, 0x00, 0x00, 0x00, 0x00, 0x00,
    0x00, 0x00, 0x00, 0x00, 0x00, 0x00, 0x00, 0x00, 0x00, 0x00, 0x00, 0x00,
    0x00, 0x00, 0x00, 0x00, 0x00, 0x00, 0x00, 0x00,
    /* U+0062 'b' */
    0x00, 0x00, 0x00, 0x00, 0x00, 0x00, 0x00, 0x00, 0x00, 0x00, 0x00, 0x00,
    0x00, 0x00, 0x00, 0x00, 0x00, 0x00, 0x00, 0x00, 0x00, 0x00, 0x00, 0x00,
    0x00, 0x00, 0x00, 0x00, 0x00, 0x00, 0x00, 0x00, 0xF0, 0x0F, 0x00, 0x00,
    0xF0, 0x0F, 0x00, 0x00, 0xF0, 0x0F, 0x00, 0x00, 0xF0, 0x0F, 0x00, 0x00,
    0xF0, 0x0F, 0x00, 0x00, 0xF0, 0x0F, 0x00, 0x00, 0xF0, 0x0F, 0x00, 0x00,
    0xF0, 0x0F, 0x00, 0x00, 0xF0, 0x0F, 0x7E, 0x00, 0xF0, 0xCF, 0xFF, 0x01,
    0xF0, 0xEF, 0xFF, 0x03, 0xF0, 0xFF, 0xFF, 0x07, 0xF0, 0xFF, 0xFF, 0x0F,
    0xF0, 0xFF, 0xFF, 0x0F, 0xF0, 0x7F, 0xF8, 0x1F, 0xF0, 0x1F, 0xF0, 0x1F,
    0xF0, 0x1F, 0xE0, 0x3F, 0xF0, 0x0F, 0xC0, 0x3F, 0xF0, 0x0F, 0xC0, 0x3F,
    0xF0, 0x0F, 0xC0, 0x3F, 0xF0, 0x0F, 0xC0, 0x3F, 0xF0, 0x0F, 0xC0, 0x3F,
    0xF0, 0x0F, 0xC0, 0x3F, 0xF0, 0x0F, 0xC0, 0x3F, 0xF0, 0x0F, 0xC0, 0x3F,
    0xF0, 0x1F, 0xE0, 0x3F, 0xF0, 0x1F, 0xF0, 0x1F, 0xF0, 0x7F, 0xF8, 0x1F,
    0xF0, 0xFF, 0xFF, 0x0F, 0xF0, 0xFF, 0xFF, 0x0F, 0xF0, 0xFF, 0xFF, 0x07,
    0xF0, 0xEF, 0xFF, 0x03, 0xF0, 0xCF, 0xFF, 0x01, 0xF0, 0x0F, 0x7E, 0x00,
    0x00, 0x00, 0x00, 0x00, 0x00, 0x00, 0x00, 0x00, 0x00, 0x00, 0x00, 0x00,
    0x00, 0x00, 0x00, 0x00, 0x00, 0x00, 0x00, 0x00, 0x00, 0x00, 0x00, 0x00,
    0x00, 0x00, 0x00, 0x00, 0x00, 0x00, 0x00, 0x00, 0x00, 0x00, 0x00, 0x00,
    0x00, 0x00, 0x00, 0x00, 0x00, 0x00, 0x00, 0x00,
    /* U+0063 'c' */
    0x00, 0x00, 0x00, 0x00, 0x00, 0x00, 0x00, 0x00, 0x00, 0x00, 0x00, 0x00,
    0x00, 0x00, 0x00, 0x00, 0x00, 0x00, 0x00, 0x00, 0x00, 0x00, 0x00, 0x00,
    0x00, 0x00, 0x00, 0x00, 0x00, 0x00, 0x00, 0x00, 0x00, 0x00, 0x00, 0x00,
    0x00, 0x00, 0x00, 0x00, 0x00, 0x00, 0x00, 0x00, 0x00, 0x00, 0x00, 0x00,
    0x00, 0x00, 0x00, 0x00, 0x00, 0x00, 0x00, 0x00, 0x00, 0x00, 0x00, 0x00,
    0x00, 0x00, 0x00, 0x00, 0x00, 0xF0, 0x0F, 0x00, 0x00, 0xFE, 0x7F, 0x00,
    0x80, 0xFF, 0xFF, 0x00, 0xC0, 0xFF, 0xFF, 0x00, 0xE0, 0xFF, 0xFF, 0x00,
    0xF0, 0xFF, 0xFF, 0x00, 0xF8, 0x3F, 0xF0, 0x00, 0xF8, 0x0F, 0x80, 0x00,
    0xF8, 0x07, 0x00, 0x00, 0xFC, 0x07, 0x00, 0x00, 0xFC, 0x03, 0x00, 0x00,
    0xFC, 0x03, 0x00, 0x00, 0xFC, 0x03, 0x00, 0x00, 0xFC, 0x03, 0x00, 0x00,
    0xFC, 0x03, 0x00, 0x00, 0xFC, 0x03, 0x00, 0x00, 0xFC, 0x07, 0x00, 0x00,
    0xF8, 0x07, 0x00, 0x00, 0xF8, 0x0F, 0x80, 0x00, 0xF8, 0x3F, 0xE0, 0x00,
    0xF0, 0xFF, 0xFF, 0x00, 0xE0, 0xFF, 0xFF, 0x00, 0xC0, 0xFF, 0xFF, 0x00,
    0x80, 0xFF, 0xFF, 0x00, 0x00, 0xFE, 0x7F, 0x00, 0x00, 0xF0, 0x0F, 0x00,
    0x00, 0x00, 0x00, 0x00, 0x00, 0x00, 0x00, 0x00, 0x00, 0x00, 0x00, 0x00,
    0x00, 0x00, 0x00, 0x00, 0x00, 0x00, 0x00, 0x00, 0x00, 0x00, 0x00, 0x00,
    0x00, 0x00, 0x00, 0x00, 0x00, 0x00, 0x00, 0x00, 0x00, 0x00, 0x00, 0x00,
    0x00, 0x00, 0x00, 0x00, 0x00, 0x00, 0x00, 0x00,
    /* U+0064 'd' */
    0x00, 0x00, 0x00, 0x00, 0x00, 0x00, 0x00, 0x00, 0x00, 0x00, 0x00, 0x00,
    0x00, 0x00, 0x00, 0x00, 0x00, 0x00, 0x00, 0x00, 0x00, 0x00, 0x00, 0x00,
    0x00, 0x00, 0x00, 0x00, 0x00, 0x00, 0x00, 0x00, 0x00, 0x00, 0xE0, 0x0F,
    0x00, 0x00, 0xE0, 0x0F, 0x00, 0x00, 0xE0, 0x0F, 0x00, 0x00, 0xE0, 0x0F,
    0x00, 0x00, 0xE0, 0x0F, 0x00, 0x00, 0xE0, 0x0F, 0x00, 0x00, 0xE0, 0x0F,
    0x00, 0x00, 0xE0, 0x0F, 0x00, 0xFE, 0xE0, 0x0F, 0x80, 0xFF, 0xE3, 0x0F,
    0xC0, 0xFF, 0xE7, 0x0F, 0xE0, 0xFF, 0xFF, 0x0F, 0xF0, 0xFF, 0xFF, 0x0F,
    0xF0, 0xFF, 0xFF, 0x0F, 0xF8, 0x1F, 0xFC, 0x0F, 0xF8, 0x0F, 0xF8, 0x0F,
    0xF8, 0x07, 0xF0, 0x0F, 0xFC, 0x07, 0xF0, 0x0F, 0xFC, 0x03, 0xF0, 0x0F,
    0xFC, 0x03, 0xF0, 0x0F, 0xFC, 0x03, 0xF0, 0x0F, 0xFC, 0x03, 0xF0, 0x0F,
    0xFC, 0x03, 0xF0, 0x0F, 0xFC, 0x03, 0xF0, 0x0F, 0xFC, 0x07, 0xF0, 0x0F,
    0xF8, 0x07, 0xF0, 0x0F, 0xF8, 0x0F, 0xF8, 0x0F, 0xF8, 0x1F, 0xFC, 0x0F,
    0xF0, 0xFF, 0xFF, 0x0F, 0xF0, 0xFF, 0xFF, 0x0F, 0xE0, 0xFF, 0xFF, 0x0F,
    0xC0, 0xFF, 0xE7, 0x0F, 0x80, 0xFF, 0xE3, 0x0F, 0x00, 0xFE, 0xE0, 0x0F,
    0x00, 0x00, 0x00, 0x00, 0x00, 0x00, 0x00, 0x00, 0x00, 0x00, 0x00, 0x00,
    0x00, 0x00, 0x00, 0x00, 0x00, 0x00, 0x00, 0x00, 0x00, 0x00, 0x00, 0x00,
    0x00, 0x00, 0x00, 0x00, 0x00, 0x00, 0x00, 0x00, 0x00, 0x00, 0x00, 0x00,
    0x00, 0x00, 0x00, 0x00, 0x00, 0x00, 0x00, 0x00,
    /* U+0065 'e' */
    0x00, 0x00, 0x00, 0x00, 0x00, 0x00, 0x00, 0x00, 0x00, 0x00, 0x00, 0x00,
    0x00, 0x00, 0x00, 0x00, 0x00, 0x00, 0x00, 0x00, 0x00, 0x00, 0x00, 0x00,
    0x00, 0x00, 0x00, 0x00, 0x00, 0x00, 0x00, 0x00, 0x00, 0x00, 0x00, 0x00,
    0x00, 0x00, 0x00, 0x00, 0x00, 0x00, 0x00, 0x00, 0x00, 0x00, 0x00, 0x00,
    0x00, 0x00, 0x00, 0x00, 0x00, 0x00, 0x00, 0x00, 0x00, 0x00, 0x00, 0x00,
    0x00, 0x00, 0x00, 0x00, 0x00, 0xF8, 0x07, 0x00, 0x00, 0xFE, 0x3F, 0x00,
    0x80, 0xFF, 0xFF, 0x00, 0xC0, 0xFF, 0xFF, 0x01, 0xE0, 0xFF, 0xFF, 0x03,
    0xF0, 0x1F, 0xFC, 0x03, 0xF8, 0x0F, 0xF8, 0x07, 0xF8, 0x07, 0xF0, 0x07,
    0xF8, 0x03, 0xF0, 0x0F, 0xFC, 0x03, 0xF0, 0x0F, 0xFC, 0xFF, 0xFF, 0x0F,
    0xFC, 0xFF, 0xFF, 0x0F, 0xFC, 0xFF, 0xFF, 0x0F, 0xFC, 0xFF, 0xFF, 0x0F,
    0xFC, 0xFF, 0xFF, 0x0F, 0xFC, 0x03, 0x00, 0x00, 0xFC, 0x03, 0x00, 0x00,
    0xF8, 0x07, 0x00, 0x00, 0xF8, 0x07, 0x00, 0x04, 0xF8, 0x0F, 0x00, 0x07,
    0xF0, 0x3F, 0xE0, 0x07, 0xE0, 0xFF, 0xFF, 0x07, 0xC0, 0xFF, 0xFF, 0x07,
    0x80, 0xFF, 0xFF, 0x07, 0x00, 0xFE, 0xFF, 0x03, 0x00, 0xF0, 0x3F, 0x00,
    0x00, 0x00, 0x00, 0x00, 0x00, 0x00, 0x00, 0x00, 0x00, 0x00, 0x00, 0x00,
    0x00, 0x00, 0x00, 0x00, 0x00, 0x00, 0x00, 0x00, 0x00, 0x00, 0x00, 0x00,
    0x00, 0x00, 0x00, 0x00, 0x00, 0x00, 0x00, 0x00, 0x00, 0x00, 0x00, 0x00,
    0x00, 0x00, 0x00, 0x00, 0x00, 0x00, 0x00, 0x00,
    /* U+0066 'f' */
    0x00, 0x00, 0x00, 0x00, 0x00, 0x00, 0x00, 0x00, 0x00, 0x00, 0x00, 0x00,
    0x00, 0x00, 0x00, 0x00, 0x00, 0x00, 0x00, 0x00, 0x00, 0x00, 0x00, 0x00,
    0x00, 0xFC, 0x0F, 0x00, 0xFF, 0x0F, 0xC0, 0xFF, 0x0F, 0xC0, 0xFF, 0x0F,
    0xE0, 0xFF, 0x0F, 0xE0, 0x1F, 0x00, 0xE0, 0x1F, 0x00, 0xE0, 0x1F, 0x00,
    0xE0, 0x1F, 0x00, 0xFE, 0xFF, 0x07, 0xFE, 0xFF, 0x07, 0xFE, 0xFF, 0x07,
    0xFE, 0xFF, 0x07, 0xFE, 0xFF, 0x07, 0xFE, 0xFF, 0x07, 0xE0, 0x1F, 0x00,
    0xE0, 0x1F, 0x00, 0xE0, 0x1F, 0x00, 0xE0, 0x1F, 0x00, 0xE0, 0x1F, 0x00,
    0xE0, 0x1F, 0x00, 0xE0, 0x1F, 0x00, 0xE0, 0x1F, 0x00, 0xE0, 0x1F, 0x00,
    0xE0, 0x1F, 0x00, 0xE0, 0x1F, 0x00, 0xE0, 0x1F, 0x00, 0xE0, 0x1F, 0x00,
    0xE0, 0x1F, 0x00, 0xE0, 0x1F, 0x00, 0xE0, 0x1F, 0x00, 0xE0, 0x1F, 0x00,
    0xE0, 0x1F, 0x00, 0xE0, 0x1F, 0x00, 0x00, 0x00, 0x00, 0x00, 0x00, 0x00,
    0x00, 0x00, 0x00, 0x00, 0x00, 0x00, 0x00, 0x00, 0x00, 0x00, 0x00, 0x00,
    0x00, 0x00, 0x00, 0x00, 0x00, 0x00, 0x00, 0x00, 0x00, 0x00, 0x00, 0x00,
    0x00, 0x00, 0x00,
    /* U+0067 'g' */
    0x00, 0x00, 0x00, 0x00, 0x00, 0x00, 0x00, 0x00, 0x00, 0x00, 0x00, 0x00,
    0x00, 0x00, 0x00, 0x00, 0x00, 0x00, 0x00, 0x00, 0x00, 0x00, 0x00, 0x00,
    0x00, 0x00, 0x00, 0x00, 0x00, 0x00, 0x00, 0x00, 0x00, 0x00, 0x00, 0x00,
    0x00, 0x00, 0x00, 0x00, 0x00, 0x00, 0x00, 0x00, 0x00, 0x00, 0x00, 0x00,
    0x00, 0x00, 0x00, 0x00, 0x00, 0x00, 0x00, 0x00, 0x00, 0x00, 0x00, 0x00,
    0x00, 0x00, 0x00, 0x00, 0x00, 0xFE, 0x00, 0x00, 0x80, 0xFF, 0xE3, 0x0F,
    0xC0, 0xFF, 0xE7, 0x0F, 0xE0, 0xFF, 0xFF, 0x0F, 0xF0, 0xFF, 0xFF, 0x0F,
    0xF0, 0xFF, 0xFF, 0x0F, 0xF8, 0x1F, 0xFC, 0x0F, 0xF8, 0x0F, 0xF8, 0x0F,
    0xF8, 0x07, 0xF0, 0x0F, 0xFC, 0x07, 0xF0, 0x0F, 0xFC, 0x03, 0xF0, 0x0F,
    0xFC, 0x03, 0xF0, 0x0F, 0xFC, 0x03, 0xF0, 0x0F, 0xFC, 0x03, 0xF0, 0x0F,
    0xFC, 0x03, 0xF0, 0x0F, 0xFC, 0x03, 0xF0, 0x0F, 0xFC, 0x07, 0xF0, 0x0F,
    0xF8, 0x07, 0xF0, 0x0F, 0xF8, 0x0F, 0xF8, 0x0F, 0xF8, 0x1F, 0xFC, 0x0F,
    0xF0, 0xFF, 0xFF, 0x0F, 0xF0, 0xFF, 0xFF, 0x0F, 0xE0, 0xFF, 0xFF, 0x0F,
    0xC0, 0xFF, 0xE7, 0x0F, 0x80, 0xFF, 0xF3, 0x0F, 0x00, 0xFE, 0xF0, 0x0F,
    0x00, 0x00, 0xF0, 0x0F, 0x00, 0x00, 0xF0, 0x0F, 0x00, 0x00, 0xF8, 0x0F,
    0x20, 0x00, 0xFC, 0x07, 0xE0, 0x01, 0xFF, 0x07, 0xE0, 0xFF, 0xFF, 0x03,
    0xE0, 0xFF, 0xFF, 0x01, 0xE0, 0xFF, 0xFF, 0x00, 0xE0, 0xFF, 0x3F, 0x00,
    0x00, 0xFF, 0x07, 0x00, 0x00, 0x00, 0x00, 0x00,
    /* U+0068 'h' */
    0x00, 0x00, 0x00, 0x00, 0x00, 0x00, 0x00, 0x00, 0x00, 0x00, 0x00, 0x00,
    0x00, 0x00, 0x00, 0x00, 0x00, 0x00, 0x00, 0x00, 0x00, 0x00, 0x00, 0x00,
    0x00, 0x00, 0x00, 0x00, 0x00, 0x00, 0x00, 0x00, 0xF0, 0x0F, 0x00, 0x00,
    0xF0, 0x0F, 0x00, 0x00, 0xF0, 0x0F, 0x00, 0x00, 0xF0, 0x0F, 0x00, 0x00,
    0xF0, 0x0F, 0x00, 0x00, 0xF0, 0x0F, 0x00, 0x00, 0xF0, 0x0F, 0x00, 0x00,
    0xF0, 0x0F, 0x00, 0x00, 0xF0, 0x0F, 0x7E, 0x00, 0xF0, 0x8F, 0xFF, 0x01,
    0xF0, 0xEF, 0xFF, 0x03, 0xF0, 0xFF, 0xFF, 0x07, 0xF0, 0xFF, 0xFF, 0x07,
    0xF0, 0xFF, 0xFF, 0x0F, 0xF0, 0x7F, 0xF8, 0x0F, 0xF0, 0x1F, 0xF0, 0x0F,
    0xF0, 0x1F, 0xF0, 0x0F, 0xF0, 0x0F, 0xF0, 0x0F, 0xF0, 0x0F, 0xE0, 0x1F,
    0xF0, 0x0F, 0xE0, 0x1F, 0xF0, 0x0F, 0xE0, 0x1F, 0xF0, 0x0F, 0xE0, 0x1F,
    0xF0, 0x0F, 0xE0, 0x1F, 0xF0, 0x0F, 0xE0, 0x1F, 0xF0, 0x0F, 0xE0, 0x1F,
    0xF0, 0x0F, 0xE0, 0x1F, 0xF0, 0x0F, 0xE0, 0x1F, 0xF0, 0x0F, 0xE0, 0x1F,
    0xF0, 0x0F, 0xE0, 0x1F, 0xF0, 0x0F, 0xE0, 0x1F, 0xF0, 0x0F, 0xE0, 0x1F,
    0xF0, 0x0F, 0xE0, 0x1F, 0xF0, 0x0F, 0xE0, 0x1F, 0xF0, 0x0F, 0xE0, 0x1F,
    0x00, 0x00, 0x00, 0x00, 0x00, 0x00, 0x00, 0x00, 0x00, 0x00, 0x00, 0x00,
    0x00, 0x00, 0x00, 0x00, 0x00, 0x00, 0x00, 0x00, 0x00, 0x00, 0x00, 0x00,
    0x00, 0x00, 0x00, 0x00, 0x00, 0x00, 0x00, 0x00, 0x00, 0x00, 0x00, 0x00,
    0x00, 0x00, 0x00, 0x00, 0x00, 0x00, 0x00, 0x00,
    /* U+0069 'i' */
    0x00, 0x00, 0x00, 0x00, 0x00, 0x00, 0x00, 0x00, 0x00, 0x00, 0x00, 0x00,
    0x00, 0x00, 0x00, 0x00, 0xF0, 0x0F, 0xF0, 0x0F, 0xF0, 0x0F, 0xF0, 0x0F,
    0xF0, 0x0F, 0xF0, 0x0F, 0x00, 0x00, 0x00, 0x00, 0x00, 0x00, 0xF0, 0x0F,
    0xF0, 0x0F, 0xF0, 0x0F, 0xF0, 0x0F, 0xF0, 0x0F, 0xF0, 0x0F, 0xF0, 0x0F,
    0xF0, 0x0F, 0xF0, 0x0F, 0xF0, 0x0F, 0xF0, 0x0F, 0xF0, 0x0F, 0xF0, 0x0F,
    0xF0, 0x0F, 0xF0, 0x0F, 0xF0, 0x0F, 0xF0, 0x0F, 0xF0, 0x0F, 0xF0, 0x0F,
    0xF0, 0x0F, 0xF0, 0x0F, 0xF0, 0x0F, 0xF0, 0x0F, 0xF0, 0x0F, 0xF0, 0x0F,
    0x00, 0x00, 0x00, 0x00, 0x00, 0x00, 0x00, 0x00, 0x00, 0x00, 0x00, 0x00,
    0x00, 0x00, 0x00, 0x00, 0x00, 0x00, 0x00, 0x00, 0x00, 0x00,
    /* U+006A 'j' */
    0x00, 0x00, 0x00, 0x00, 0x00, 0x00, 0x00, 0x00, 0x00, 0x00, 0x00, 0x00,
    0x00, 0x00, 0x00, 0x00, 0x00, 0x00, 0x00, 0x00, 0x00, 0x00, 0x00, 0x00,
    0xC0, 0x3F, 0x00, 0xC0, 0x3F, 0x00, 0xC0, 0x3F, 0x00, 0xC0, 0x3F, 0x00,
    0xC0, 0x3F, 0x00, 0xC0, 0x3F, 0x00, 0x00, 0x00, 0x00, 0x00, 0x00, 0x00,
    0x00, 0x00, 0x00, 0xC0, 0x3F, 0x00, 0xC0, 0x3F, 0x00, 0xC0, 0x3F, 0x00,
    0xC0, 0x3F, 0x00, 0xC0, 0x3F, 0x00, 0xC0, 0x3F, 0x00, 0xC0, 0x3F, 0x00,
    0xC0, 0x3F, 0x00, 0xC0, 0x3F, 0x00, 0xC0, 0x3F, 0x00, 0xC0, 0x3F, 0x00,
    0xC0, 0x3F, 0x00, 0xC0, 0x3F, 0x00, 0xC0, 0x3F, 0x00, 0xC0, 0x3F, 0x00,
    0xC0, 0x3F, 0x00, 0xC0, 0x3F, 0x00, 0xC0, 0x3F, 0x00, 0xC0, 0x3F, 0x00,
    0xC0, 0x3F, 0x00, 0xC0, 0x3F, 0x00, 0xC0, 0x3F, 0x00, 0xC0, 0x3F, 0x00,
    0xC0, 0x3F, 0x00, 0xC0, 0x3F, 0x00, 0xC0, 0x3F, 0x00, 0xC0, 0x3F, 0x00,
    0xC0, 0x1F, 0x00, 0xE0, 0x1F, 0x00, 0xF0, 0x1F, 0x00, 0xFF, 0x1F, 0x00,
    0xFF, 0x0F, 0x00, 0xFF, 0x07, 0x00, 0xFF, 0x03, 0x00, 0xFF, 0x00, 0x00,
    0x00, 0x00, 0x00,
    /* U+006B 'k' */
    0x00, 0x00, 0x00, 0x00, 0x00, 0x00, 0x00, 0x00, 0x00, 0x00, 0x00, 0x00,
    0x00, 0x00, 0x00, 0x00, 0x00, 0x00, 0x00, 0x00, 0x00, 0x00, 0x00, 0x00,
    0x00, 0x00, 0x00, 0x00, 0x00, 0x00, 0x00, 0x00, 0xF0, 0x0F, 0x00, 0x00,
    0xF0, 0x0F, 0x00, 0x00, 0xF0, 0x0F, 0x00, 0x00, 0xF0, 0x0F, 0x00, 0x00,
    0xF0, 0x0F, 0x00, 0x00, 0xF0, 0x0F, 0x00, 0x00, 0xF0, 0x0F, 0x00, 0x00,
    0xF0, 0x0F, 0x00, 0x00, 0xF0, 0x0F, 0x00, 0x00, 0xF0, 0x0F, 0xF0, 0x1F,
    0xF0, 0x0F, 0xF8, 0x0F, 0xF0, 0x0F, 0xFC, 0x07, 0xF0, 0x0F, 0xFE, 0x03,
    0xF0, 0x0F, 0xFF, 0x01, 0xF0, 0x8F, 0xFF, 0x00, 0xF0, 0xCF, 0x7F, 0x00,
    0xF0, 0xEF, 0x3F, 0x00, 0xF0, 0xFF, 0x1F, 0x00, 0xF0, 0xFF, 0x0F, 0x00,
    0xF0, 0xFF, 0x07, 0x00, 0xF0, 0xFF, 0x03, 0x00, 0xF0, 0xFF, 0x07, 0x00,
    0xF0, 0xFF, 0x0F, 0x00, 0xF0, 0xFF, 0x1F, 0x00, 0xF0, 0xFF, 0x3F, 0x00,
    0xF0, 0xEF, 0x7F, 0x00, 0xF0, 0xCF, 0xFF, 0x00, 0xF0, 0x8F, 0xFF, 0x01,
    0xF0, 0x0F, 0xFF, 0x03, 0xF0, 0x0F, 0xFE, 0x03, 0xF0, 0x0F, 0xFC, 0x07,
    0xF0, 0x0F, 0xF8, 0x0F, 0xF0, 0x0F, 0xF0, 0x1F, 0xF0, 0x0F, 0xE0, 0x3F,
    0x00, 0x00, 0x00, 0x00, 0x00, 0x00, 0x00, 0x00, 0x00, 0x00, 0x00, 0x00,
    0x00, 0x00, 0x00, 0x00, 0x00, 0x00, 0x00, 0x00, 0x00, 0x00, 0x00, 0x00,
    0x00, 0x00, 0x00, 0x00, 0x00, 0x00, 0x00, 0x00, 0x00, 0x00, 0x00, 0x00,
    0x00, 0x00, 0x00, 0x00, 0x00, 0x00, 0x00, 0x00,
    /* U+006C 'l' */
    0x00, 0x00, 0x00, 0x00, 0x00, 0x00, 0x00, 0x00, 0x00, 0x00, 0x00, 0x00,
    0x00, 0x00, 0x00, 0x00, 0xF0, 0x0F, 0xF0, 0x0F, 0xF0, 0x0F, 0xF0, 0x0F,
    0xF0, 0x0F, 0xF0, 0x0F, 0xF0, 0x0F, 0xF0, 0x0F, 0xF0, 0x0F, 0xF0, 0x0F,
    0xF0, 0x0F, 0xF0, 0x0F, 0xF0, 0x0F, 0xF0, 0x0F, 0xF0, 0x0F, 0xF0, 0x0F,
    0xF0, 0x0F, 0xF0, 0x0F, 0xF0, 0x0F, 0xF0, 0x0F, 0xF0, 0x0F, 0xF0, 0x0F,
    0xF0, 0x0F, 0xF0, 0x0F, 0xF0, 0x0F, 0xF0, 0x0F, 0xF0, 0x0F, 0xF0, 0x0F,
    0xF0, 0x0F, 0xF0, 0x0F, 0xF0, 0x0F, 0xF0, 0x0F, 0xF0, 0x0F, 0xF0, 0x0F,
    0x00, 0x00, 0x00, 0x00, 0x00, 0x00, 0x00, 0x00, 0x00, 0x00, 0x00, 0x00,
    0x00, 0x00, 0x00, 0x00, 0x00, 0x00, 0x00, 0x00, 0x00, 0x00,
    /* U+006D 'm' */
    0x00, 0x00, 0x00, 0x00, 0x00, 0x00, 0x00, 0x00, 0x00, 0x00, 0x00, 0x00,
    0x00, 0x00, 0x00, 0x00, 0x00, 0x00, 0x00, 0x00, 0x00, 0x00, 0x00, 0x00,
    0x00, 0x00, 0x00, 0x00, 0x00, 0x00, 0x00, 0x00, 0x00, 0x00, 0x00, 0x00,
    0x00, 0x00, 0x00, 0x00, 0x00, 0x00, 0x00, 0x00, 0x00, 0x00, 0x00, 0x00,
    0x00, 0x00, 0x00, 0x00, 0x00, 0x00, 0x00, 0x00, 0x00, 0x00, 0x00, 0x00,
    0x00, 0x00, 0x00, 0x00, 0x00, 0x00, 0x00, 0x00, 0x00, 0x00, 0x00, 0x00,
    0x00, 0x00, 0x00, 0x00, 0x00, 0x00, 0x00, 0x00, 0x00, 0x00, 0x00, 0x00,
    0x00, 0x00, 0x00, 0x00, 0x00, 0x00, 0x00, 0x00, 0x00, 0x00, 0x00, 0x00,
    0x00, 0x00, 0x3F, 0x00, 0x3F, 0x00, 0xF0, 0xCF, 0xFF, 0xC0, 0xFF, 0x00,
    0xF0, 0xEF, 0xFF, 0xF1, 0xFF, 0x01, 0xF0, 0xFF, 0xFF, 0xFB, 0xFF, 0x03,
    0xF0, 0xFF, 0xFF, 0xFF, 0xFF, 0x03, 0xF0, 0xFF, 0xFF, 0xFF, 0xFF, 0x07,
    0xF0, 0x3F, 0xFC, 0x3F, 0xFC, 0x07, 0xF0, 0x1F, 0xF8, 0x1F, 0xF8, 0x07,
    0xF0, 0x1F, 0xF8, 0x0F, 0xF8, 0x07, 0xF0, 0x0F, 0xF8, 0x0F, 0xF8, 0x07,
    0xF0, 0x0F, 0xF0, 0x0F, 0xF8, 0x07, 0xF0, 0x0F, 0xF0, 0x0F, 0xF8, 0x07,
    0xF0, 0x0F, 0xF0, 0x0F, 0xF8, 0x07, 0xF0, 0x0F, 0xF0, 0x07, 0xF8, 0x07,
    0xF0, 0x0F, 0xF0, 0x07, 0xF8, 0x07, 0xF0, 0x0F, 0xF0, 0x07, 0xF8, 0x07,
    0xF0, 0x0F, 0xF0, 0x07, 0xF8, 0x07, 0xF0, 0x0F, 0xF0, 0x07, 0xF8, 0x07,
    0xF0, 0x0F, 0xF0, 0x07, 0xF8, 0x07, 0xF0, 0x0F, 0xF0, 0x07, 0xF8, 0x07,
    0xF0, 0x0F, 0xF0, 0x07, 0xF8, 0x07, 0xF0, 0x0F, 0xF0, 0x07, 0xF8, 0x07,
    0xF0, 0x0F, 0xF0, 0x07, 0xF8, 0x07, 0xF0, 0x0F, 0xF0, 0x07, 0xF8, 0x07,
    0xF0, 0x0F, 0xF0, 0x07, 0xF8, 0x07, 0xF0, 0x0F, 0xF0, 0x07, 0xF8, 0x07,
    0x00, 0x00, 0x00, 0x00, 0x00, 0x00, 0x00, 0x00, 0x00, 0x00, 0x00, 0x00,
    0x00, 0x00, 0x00, 0x00, 0x00, 0x00, 0x00, 0x00, 0x00, 0x00, 0x00, 0x00,
    0x00, 0x00, 0x00, 0x00, 0x00, 0x00, 0x00, 0x00, 0x00, 0x00, 0x00, 0x00,
    0x00, 0x00, 0x00, 0x00, 0x00, 0x00, 0x00, 0x00, 0x00, 0x00, 0x00, 0x00,
    0x00, 0x00, 0x00, 0x00, 0x00, 0x00, 0x00, 0x00, 0x00, 0x00, 0x00, 0x00,
    0x00, 0x00, 0x00, 0x00, 0x00, 0x00,
    /* U+006E 'n' */
    0x00, 0x00, 0x00, 0x00, 0x00, 0x00, 0x00, 0x00, 0x00, 0x00, 0x00, 0x00,
    0x00, 0x00, 0x00, 0x00, 0x00, 0x00, 0x00, 0x00, 0x00, 0x00, 0x00, 0x00,
    0x00, 0x00, 0x00, 0x00, 0x00, 0x00, 0x00, 0x00, 0x00, 0x00, 0x00, 0x00,
    0x00, 0x00, 0x00, 0x00, 0x00, 0x00, 0x00, 0x00, 0x00, 0x00, 0x00, 0x00,
    0x00, 0x00, 0x00, 0x00, 0x00, 0x00, 0x00, 0x00, 0x00, 0x00, 0x00, 0x00,
    0x00, 0x00, 0x00, 0x00, 0x00, 0x00, 0x7E, 0x00, 0xF0, 0x8F, 0xFF, 0x01,
    0xF0, 0xEF, 0xFF, 0x03, 0xF0, 0xFF, 0xFF, 0x07, 0xF0, 0xFF, 0xFF, 0x07,
    0xF0, 0xFF, 0xFF, 0x0F, 0xF0, 0x7F, 0xF8, 0x0F, 0xF0, 0x1F, 0xF0, 0x0F,
    0xF0, 0x1F, 0xF0, 0x0F, 0xF0, 0x0F, 0xF0, 0x0F, 0xF0, 0x0F, 0xE0, 0x1F,
    0xF0, 0x0F, 0xE0, 0x1F, 0xF0, 0x0F, 0xE0, 0x1F, 0xF0, 0x0F, 0xE0, 0x1F,
    0xF0, 0x0F, 0xE0, 0x1F, 0xF0, 0x0F, 0xE0, 0x1F, 0xF0, 0x0F, 0xE0, 0x1F,
    0xF0, 0x0F, 0xE0, 0x1F, 0xF0, 0x0F, 0xE0, 0x1F, 0xF0, 0x0F, 0xE0, 0x1F,
    0xF0, 0x0F, 0xE0, 0x1F, 0xF0, 0x0F, 0xE0, 0x1F, 0xF0, 0x0F, 0xE0, 0x1F,
    0xF0, 0x0F, 0xE0, 0x1F, 0xF0, 0x0F, 0xE0, 0x1F, 0xF0, 0x0F, 0xE0, 0x1F,
    0x00, 0x00, 0x00, 0x00, 0x00, 0x00, 0x00, 0x00, 0x00, 0x00, 0x00, 0x00,
    0x00, 0x00, 0x00, 0x00, 0x00, 0x00, 0x00, 0x00, 0x00, 0x00, 0x00, 0x00,
    0x00, 0x00, 0x00, 0x00, 0x00, 0x00, 0x00, 0x00, 0x00, 0x00, 0x00, 0x00,
    0x00, 0x00, 0x00, 0x00, 0x00, 0x00, 0x00, 0x00,
    /* U+006F 'o' */
    0x00, 0x00, 0x00, 0x00, 0x00, 0x00, 0x00, 0x00, 0x00, 0x00, 0x00, 0x00,
    0x00, 0x00, 0x00, 0x00, 0x00, 0x00, 0x00, 0x00, 0x00, 0x00, 0x00, 0x00,
    0x00, 0x00, 0x00, 0x00, 0x00, 0x00, 0x00, 0x00, 0x00, 0x00, 0x00, 0x00,
    0x00, 0x00, 0x00, 0x00, 0x00, 0x00, 0x00, 0x00, 0x00, 0x00, 0x00, 0x00,
    0x00, 0x00, 0x00, 0x00, 0x00, 0x00, 0x00, 0x00, 0x00, 0x00, 0x00, 0x00,
    0x00, 0x00, 0x00, 0x00, 0x00, 0xF8, 0x0F, 0x00, 0x00, 0xFF, 0x7F, 0x00,
    0x80, 0xFF, 0xFF, 0x00, 0xC0, 0xFF, 0xFF, 0x01, 0xE0, 0xFF, 0xFF, 0x03,
    0xF0, 0xFF, 0xFF, 0x07, 0xF8, 0x1F, 0xFC, 0x0F, 0xF8, 0x0F, 0xF8, 0x0F,
    0xF8, 0x07, 0xF0, 0x0F, 0xFC, 0x07, 0xF0, 0x1F, 0xFC, 0x03, 0xE0, 0x1F,
    0xFC, 0x03, 0xE0, 0x1F, 0xFC, 0x03, 0xE0, 0x1F, 0xFC, 0x03, 0xE0, 0x1F,
    0xFC, 0x03, 0xE0, 0x1F, 0xFC, 0x03, 0xE0, 0x1F, 0xFC, 0x07, 0xF0, 0x1F,
    0xF8, 0x07, 0xF0, 0x0F, 0xF8, 0x0F, 0xF8, 0x0F, 0xF8, 0x1F, 0xFC, 0x0F,
    0xF0, 0xFF, 0xFF, 0x07, 0xE0, 0xFF, 0xFF, 0x03, 0xC0, 0xFF, 0xFF, 0x01,
    0x80, 0xFF, 0xFF, 0x00, 0x00, 0xFF, 0x7F, 0x00, 0x00, 0xF8, 0x0F, 0x00,
    0x00, 0x00, 0x00, 0x00, 0x00, 0x00, 0x00, 0x00, 0x00, 0x00, 0x00, 0x00,
    0x00, 0x00, 0x00, 0x00, 0x00, 0x00, 0x00, 0x00, 0x00, 0x00, 0x00, 0x00,
    0x00, 0x00, 0x00, 0x00, 0x00, 0x00, 0x00, 0x00, 0x00, 0x00, 0x00, 0x00,
    0x00, 0x00, 0x00, 0x00, 0x00, 0x00, 0x00, 0x00,
    /* U+0070 'p' */
    0x00, 0x00, 0x00, 0x00, 0x00, 0x00, 0x00, 0x00, 0x00, 0x00, 0x00, 0x00,
    0x00, 0x00, 0x00, 0x00, 0x00, 0x00, 0x00, 0x00, 0x00, 0x00, 0x00, 0x00,
    0x00, 0x00, 0x00, 0x00, 0x00, 0x00, 0x00, 0x00, 0x00, 0x00, 0x00, 0x00,
    0x00, 0x00, 0x00, 0x00, 0x00, 0x00, 0x00, 0x00, 0x00, 0x00, 0x00, 0x00,
    0x00, 0x00, 0x00, 0x00, 0x00, 0x00, 0x00, 0x00, 0x00, 0x00, 0x00, 0x00,
    0x00, 0x00, 0x00, 0x00, 0x00, 0x00, 0x7E, 0x00, 0xF0, 0xCF, 0xFF, 0x01,
    0xF0, 0xEF, 0xFF, 0x03, 0xF0, 0xFF, 0xFF, 0x07, 0xF0, 0xFF, 0xFF, 0x0F,
    0xF0, 0xFF, 0xFF, 0x0F, 0xF0, 0x7F, 0xF8, 0x1F, 0xF0, 0x1F, 0xF0, 0x1F,
    0xF0, 0x1F, 0xE0, 0x3F, 0xF0, 0x0F, 0xC0, 0x3F, 0xF0, 0x0F, 0xC0, 0x3F,
    0xF0, 0x0F, 0xC0, 0x3F, 0xF0, 0x0F, 0xC0, 0x3F, 0xF0, 0x0F, 0xC0, 0x3F,
    0xF0, 0x0F, 0xC0, 0x3F, 0xF0, 0x0F, 0xC0, 0x3F, 0xF0, 0x0F, 0xC0, 0x3F,
    0xF0, 0x1F, 0xE0, 0x3F, 0xF0, 0x1F, 0xF0, 0x1F, 0xF0, 0x7F, 0xF8, 0x1F,
    0xF0, 0xFF, 0xFF, 0x0F, 0xF0, 0xFF, 0xFF, 0x0F, 0xF0, 0xFF, 0xFF, 0x07,
    0xF0, 0xEF, 0xFF, 0x03, 0xF0, 0xCF, 0xFF, 0x01, 0xF0, 0x0F, 0x7E, 0x00,
    0xF0, 0x0F, 0x00, 0x00, 0xF0, 0x0F, 0x00, 0x00, 0xF0, 0x0F, 0x00, 0x00,
    0xF0, 0x0F, 0x00, 0x00, 0xF0, 0x0F, 0x00, 0x00, 0xF0, 0x0F, 0x00, 0x00,
    0xF0, 0x0F, 0x00, 0x00, 0xF0, 0x0F, 0x00, 0x00, 0xF0, 0x0F, 0x00, 0x00,
    0x00, 0x00, 0x00, 0x00, 0x00, 0x00, 0x00, 0x00,
    /* U+0071 'q' */
    0x00, 0x00, 0x00, 0x00, 0x00, 0x00, 0x00, 0x00, 0x00, 0x00, 0x00, 0x00,
    0x00, 0x00, 0x00, 0x00, 0x00, 0x00, 0x00, 0x00, 0x00, 0x00, 0x00, 0x00,
    0x00, 0x00, 0x00, 0x00, 0x00, 0x00, 0x00, 0x00, 0x00, 0x00, 0x00, 0x00,
    0x00, 0x00, 0x00, 0x00, 0x00, 0x00, 0x00, 0x00, 0x00, 0x00, 0x00, 0x00,
    0x00, 0x00, 0x00, 0x00, 0x00, 0x00, 0x00, 0x00, 0x00, 0x00, 0x00, 0x00,
    0x00, 0x00, 0x00, 0x00, 0x00, 0xFE, 0x00, 0x00, 0x80, 0xFF, 0xE3, 0x0F,
    0xC0, 0xFF, 0xE7, 0x0F, 0xE0, 0xFF, 0xFF, 0x0F, 0xF0, 0xFF, 0xFF, 0x0F,
    0xF0, 0xFF, 0xFF, 0x0F, 0xF8, 0x1F, 0xFC, 0x0F, 0xF8, 0x0F, 0xF8, 0x0F,
    0xF8, 0x07, 0xF0, 0x0F, 0xFC, 0x07, 0xF0, 0x0F, 0xFC, 0x03, 0xF0, 0x0F,
    0xFC, 0x03, 0xF0, 0x0F, 0xFC, 0x03, 0xF0, 0x0F, 0xFC, 0x03, 0xF0, 0x0F,
    0xFC, 0x03, 0xF0, 0x0F, 0xFC, 0x03, 0xF0, 0x0F, 0xFC, 0x07, 0xF0, 0x0F,
    0xF8, 0x07, 0xF0, 0x0F, 0xF8, 0x0F, 0xF8, 0x0F, 0xF8, 0x1F, 0xFC, 0x0F,
    0xF0, 0xFF, 0xFF, 0x0F, 0xF0, 0xFF, 0xFF, 0x0F, 0xE0, 0xFF, 0xFF, 0x0F,
    0xC0, 0xFF, 0xE7, 0x0F, 0x80, 0xFF, 0xE3, 0x0F, 0x00, 0xFE, 0xE0, 0x0F,
    0x00, 0x00, 0xE0, 0x0F, 0x00, 0x00, 0xE0, 0x0F, 0x00, 0x00, 0xE0, 0x0F,
    0x00, 0x00, 0xE0, 0x0F, 0x00, 0x00, 0xE0, 0x0F, 0x00, 0x00, 0xE0, 0x0F,
    0x00, 0x00, 0xE0, 0x0F, 0x00, 0x00, 0xE0, 0x0F, 0x00, 0x00, 0xE0, 0x0F,
    0x00, 0x00, 0x00, 0x00, 0x00, 0x00, 0x00, 0x00,
    /* U+0072 'r' */
    0x00, 0x00, 0x00, 0x00, 0x00, 0x00, 0x00, 0x00, 0x00, 0x00, 0x00, 0x00,
    0x00, 0x00, 0x00, 0x00, 0x00, 0x00, 0x00, 0x00, 0x00, 0x00, 0x00, 0x00,
    0x00, 0x00, 0x00, 0x00, 0x00, 0x00, 0x00, 0x00, 0x00, 0x00, 0x00, 0x00,
    0x00, 0x00, 0x00, 0x00, 0x00, 0x00, 0x00, 0x00, 0x00, 0x00, 0x00, 0x00,
    0x00, 0x00, 0x3E, 0xF0, 0x8F, 0x3F, 0xF0, 0xCF, 0x3F, 0xF0, 0xEF, 0x3F,
    0xF0, 0xFF, 0x3F, 0xF0, 0xFF, 0x3F, 0xF0, 0x7F, 0x20, 0xF0, 0x3F, 0x00,
    0xF0, 0x1F, 0x00, 0xF0, 0x0F, 0x00, 0xF0, 0x0F, 0x00, 0xF0, 0x0F, 0x00,
    0xF0, 0x0F, 0x00, 0xF0, 0x0F, 0x00, 0xF0, 0x0F, 0x00, 0xF0, 0x0F, 0x00,
    0xF0, 0x0F, 0x00, 0xF0, 0x0F, 0x00, 0xF0, 0x0F, 0x00, 0xF0, 0x0F, 0x00,
    0xF0, 0x0F, 0x00, 0xF0, 0x0F, 0x00, 0xF0, 0x0F, 0x00, 0xF0, 0x0F, 0x00,
    0xF0, 0x0F, 0x00, 0xF0, 0x0F, 0x00, 0x00, 0x00, 0x00, 0x00, 0x00, 0x00,
    0x00, 0x00, 0x00, 0x00, 0x00, 0x00, 0x00, 0x00, 0x00, 0x00, 0x00, 0x00,
    0x00, 0x00, 0x00, 0x00, 0x00, 0x00, 0x00, 0x00, 0x00, 0x00, 0x00, 0x00,
    0x00, 0x00, 0x00,
    /* U+0073 's' */
    0x00, 0x00, 0x00, 0x00, 0x00, 0x00, 0x00, 0x00, 0x00, 0x00, 0x00, 0x00,
    0x00, 0x00, 0x00, 0x00, 0x00, 0x00, 0x00, 0x00, 0x00, 0x00, 0x00, 0x00,
    0x00, 0x00, 0x00, 0x00, 0x00, 0x00, 0x00, 0x00, 0x00, 0x00, 0x00, 0x00,
    0x00, 0x00, 0x00, 0x00, 0x00, 0x00, 0x00, 0x00, 0x00, 0x00, 0x00, 0x00,
    0x00, 0x00, 0x00, 0x00, 0x00, 0x00, 0x00, 0x00, 0x00, 0x00, 0x00, 0x00,
    0x00, 0x00, 0x00, 0x00, 0x00, 0xFF, 0x0F, 0x00, 0xC0, 0xFF, 0x7F, 0x00,
    0xF0, 0xFF, 0x7F, 0x00, 0xF0, 0xFF, 0x7F, 0x00, 0xF8, 0xFF, 0x7F, 0x00,
    0xF8, 0x07, 0x7C, 0x00, 0xFC, 0x01, 0x40, 0x00, 0xFC, 0x01, 0x00, 0x00,
    0xFC, 0x03, 0x00, 0x00, 0xFC, 0x0F, 0x00, 0x00, 0xF8, 0xFF, 0x03, 0x00,
    0xF8, 0xFF, 0x1F, 0x00, 0xF0, 0xFF, 0x7F, 0x00, 0xE0, 0xFF, 0x7F, 0x00,
    0xC0, 0xFF, 0xFF, 0x00, 0x00, 0xFE, 0xFF, 0x00, 0x00, 0x80, 0xFF, 0x01,
    0x00, 0x00, 0xFE, 0x01, 0x00, 0x00, 0xFE, 0x01, 0x08, 0x00, 0xFE, 0x01,
    0xF8, 0x00, 0xFF, 0x00, 0xF8, 0xFF, 0xFF, 0x00, 0xF8, 0xFF, 0x7F, 0x00,
    0xF8, 0xFF, 0x3F, 0x00, 0xF8, 0xFF, 0x1F, 0x00, 0xC0, 0xFF, 0x03, 0x00,
    0x00, 0x00, 0x00, 0x00, 0x00, 0x00, 0x00, 0x00, 0x00, 0x00, 0x00, 0x00,
    0x00, 0x00, 0x00, 0x00, 0x00, 0x00, 0x00, 0x00, 0x00, 0x00, 0x00, 0x00,
    0x00, 0x00, 0x00, 0x00, 0x00, 0x00, 0x00, 0x00, 0x00, 0x00, 0x00, 0x00,
    0x00, 0x00, 0x00, 0x00, 0x00, 0x00, 0x00, 0x00,
    /* U+0074 't' */
    0x00, 0x00, 0x00, 0x00, 0x00, 0x00, 0x00, 0x00, 0x00, 0x00, 0x00, 0x00,
    0x00, 0x00, 0x00, 0x00, 0x00, 0x00, 0x00, 0x00, 0x00, 0x00, 0x00, 0x00,
    0x00, 0x00, 0x00, 0x00, 0x00, 0x00, 0xF0, 0x0F, 0x00, 0xF0, 0x0F, 0x00,
    0xF0, 0x0F, 0x00, 0xF0, 0x0F, 0x00, 0xF0, 0x0F, 0x00, 0xF0, 0x0F, 0x00,
    0xF0, 0x0F, 0x00, 0xFE, 0xFF, 0x0F, 0xFE, 0xFF, 0x0F, 0xFE, 0xFF, 0x0F,
    0xFE, 0xFF, 0x0F, 0xFE, 0xFF, 0x0F, 0xFE, 0xFF, 0x0F, 0xF0, 0x0F, 0x00,
    0xF0, 0x0F, 0x00, 0xF0, 0x0F, 0x00, 0xF0, 0x0F, 0x00, 0xF0, 0x0F, 0x00,
    0xF0, 0x0F, 0x00, 0xF0, 0x0F, 0x00, 0xF0, 0x0F, 0x00, 0xF0, 0x0F, 0x00,
    0xF0, 0x0F, 0x00, 0xE0, 0x0F, 0x00, 0xE0, 0x1F, 0x00, 0xE0, 0x1F, 0x00,
    0xE0, 0xFF, 0x0F, 0xE0, 0xFF, 0x0F, 0xE0, 0xFF, 0x0F, 0xC0, 0xFF, 0x0F,
    0x80, 0xFF, 0x0F, 0x00, 0xFE, 0x0F, 0x00, 0x00, 0x00, 0x00, 0x00, 0x00,
    0x00, 0x00, 0x00, 0x00, 0x00, 0x00, 0x00, 0x00, 0x00, 0x00, 0x00, 0x00,
    0x00, 0x00, 0x00, 0x00, 0x00, 0x00, 0x00, 0x00, 0x00, 0x00, 0x00, 0x00,
    0x00, 0x00, 0x00,
    /* U+0075 'u' */
    0x00, 0x00, 0x00, 0x00, 0x00, 0x00, 0x00, 0x00, 0x00, 0x00, 0x00, 0x00,
    0x00, 0x00, 0x00, 0x00, 0x00, 0x00, 0x00, 0x00, 0x00, 0x00, 0x00, 0x00,
    0x00, 0x00, 0x00, 0x00, 0x00, 0x00, 0x00, 0x00, 0x00, 0x00, 0x00, 0x00,
    0x00, 0x00, 0x00, 0x00, 0x00, 0x00, 0x00, 0x00, 0x00, 0x00, 0x00, 0x00,
    0x00, 0x00, 0x00, 0x00, 0x00, 0x00, 0x00, 0x00, 0x00, 0x00, 0x00, 0x00,
    0x00, 0x00, 0x00, 0x00, 0x00, 0x00, 0x00, 0x00, 0xF0, 0x07, 0xF0, 0x0F,
    0xF0, 0x07, 0xF0, 0x0F, 0xF0, 0x07, 0xF0, 0x0F, 0xF0, 0x07, 0xF0, 0x0F,
    0xF0, 0x07, 0xF0, 0x0F, 0xF0, 0x07, 0xF0, 0x0F, 0xF0, 0x07, 0xF0, 0x0F,
    0xF0, 0x07, 0xF0, 0x0F, 0xF0, 0x07, 0xF0, 0x0F, 0xF0, 0x07, 0xF0, 0x0F,
    0xF0, 0x07, 0xF0, 0x0F, 0xF0, 0x07, 0xF0, 0x0F, 0xF0, 0x07, 0xF0, 0x0F,
    0xF0, 0x07, 0xF0, 0x0F, 0xF0, 0x07, 0xF0, 0x0F, 0xF0, 0x0F, 0xF0, 0x0F,
    0xF0, 0x0F, 0xF8, 0x0F, 0xF0, 0x0F, 0xF8, 0x0F, 0xF0, 0x1F, 0xFE, 0x0F,
    0xF0, 0xFF, 0xFF, 0x0F, 0xE0, 0xFF, 0xFF, 0x0F, 0xE0, 0xFF, 0xFF, 0x0F,
    0xC0, 0xFF, 0xF7, 0x0F, 0x80, 0xFF, 0xF3, 0x0F, 0x00, 0x7E, 0xF0, 0x0F,
    0x00, 0x00, 0x00, 0x00, 0x00, 0x00, 0x00, 0x00, 0x00, 0x00, 0x00, 0x00,
    0x00, 0x00, 0x00, 0x00, 0x00, 0x00, 0x00, 0x00, 0x00, 0x00, 0x00, 0x00,
    0x00, 0x00, 0x00, 0x00, 0x00, 0x00, 0x00, 0x00, 0x00, 0x00, 0x00, 0x00,
    0x00, 0x00, 0x00, 0x00, 0x00, 0x00, 0x00, 0x00,
    /* U+0076 'v' */
    0x00, 0x00, 0x00, 0x00, 0x00, 0x00, 0x00, 0x00, 0x00, 0x00, 0x00, 0x00,
    0x00, 0x00, 0x00, 0x00, 0x00, 0x00, 0x00, 0x00, 0x00, 0x00, 0x00, 0x00,
    0x00, 0x00, 0x00, 0x00, 0x00, 0x00, 0x00, 0x00, 0x00, 0x00, 0x00, 0x00,
    0x00, 0x00, 0x00, 0x00, 0x00, 0x00, 0x00, 0x00, 0x00, 0x00, 0x00, 0x00,
    0x00, 0x00, 0x00, 0x00, 0x00, 0x00, 0x00, 0x00, 0x00, 0x00, 0x00, 0x00,
    0x00, 0x00, 0x00, 0x00, 0x00, 0x00, 0x00, 0x00, 0xFE, 0x01, 0xE0, 0x0F,
    0xFE, 0x01, 0xF0, 0x0F, 0xFC, 0x01, 0xF0, 0x0F, 0xFC, 0x03, 0xF0, 0x07,
    0xFC, 0x03, 0xF8, 0x07, 0xF8, 0x03, 0xF8, 0x07, 0xF8, 0x07, 0xFC, 0x03,
    0xF0, 0x07, 0xFC, 0x03, 0xF0, 0x0F, 0xFC, 0x01, 0xF0, 0x0F, 0xFE, 0x01,
    0xE0, 0x0F, 0xFE, 0x01, 0xE0, 0x1F, 0xFE, 0x00, 0xC0, 0x1F, 0xFF, 0x00,
    0xC0, 0x1F, 0x7F, 0x00, 0xC0, 0x3F, 0x7F, 0x00, 0x80, 0xBF, 0x7F, 0x00,
    0x80, 0xBF, 0x3F, 0x00, 0x80, 0xFF, 0x3F, 0x00, 0x00, 0xFF, 0x3F, 0x00,
    0x00, 0xFF, 0x1F, 0x00, 0x00, 0xFE, 0x1F, 0x00, 0x00, 0xFE, 0x0F, 0x00,
    0x00, 0xFE, 0x0F, 0x00, 0x00, 0xFC, 0x0F, 0x00, 0x00, 0xFC, 0x07, 0x00,
    0x00, 0x00, 0x00, 0x00, 0x00, 0x00, 0x00, 0x00, 0x00, 0x00, 0x00, 0x00,
    0x00, 0x00, 0x00, 0x00, 0x00, 0x00, 0x00, 0x00, 0x00, 0x00, 0x00, 0x00,
    0x00, 0x00, 0x00, 0x00, 0x00, 0x00, 0x00, 0x00, 0x00, 0x00, 0x00, 0x00,
    0x00, 0x00, 0x00, 0x00, 0x00, 0x00, 0x00, 0x00,
    /* U+0077 'w' */
    0x00, 0x00, 0x00, 0x00, 0x00, 0x00, 0x00, 0x00, 0x00, 0x00, 0x00, 0x00,
    0x00, 0x00, 0x00, 0x00, 0x00, 0x00, 0x00, 0x00, 0x00, 0x00, 0x00, 0x00,
    0x00, 0x00, 0x00, 0x00, 0x00, 0x00, 0x00, 0x00, 0x00, 0x00, 0x00, 0x00,
    0x00, 0x00, 0x00, 0x00, 0x00, 0x00, 0x00, 0x00, 0x00, 0x00, 0x00, 0x00,
    0x00, 0x00, 0x00, 0x00, 0x00, 0x00, 0x00, 0x00, 0x00, 0x00, 0x00, 0x00,
    0x00, 0x00, 0x00, 0x00, 0x00, 0x00, 0x00, 0x00, 0x00, 0x00, 0x00, 0x00,
    0x00, 0x00, 0x00, 0x00, 0x00, 0x00, 0x00, 0x00, 0x00, 0x00, 0x00, 0x00,
    0x00, 0x00, 0x00, 0x00, 0x00, 0x00, 0x00, 0x00, 0x00, 0x00, 0x00, 0x00,
    0x00, 0x00, 0x00, 0x00, 0x00, 0x00, 0xFC, 0x01, 0xFE, 0x00, 0xFF, 0x00,
    0xFC, 0x03, 0xFE, 0x00, 0xFF, 0x00, 0xFC, 0x03, 0xFE, 0x01, 0x7F, 0x00,
    0xFC, 0x03, 0xFE, 0x01, 0x7F, 0x00, 0xF8, 0x03, 0xFF, 0x81, 0x7F, 0x00,
    0xF8, 0x07, 0xFF, 0x81, 0x7F, 0x00, 0xF8, 0x07, 0xFF, 0x83, 0x3F, 0x00,
    0xF0, 0x07, 0xFF, 0x83, 0x3F, 0x00, 0xF0, 0x87, 0xFF, 0xC3, 0x3F, 0x00,
    0xF0, 0x8F, 0xEF, 0xC3, 0x3F, 0x00, 0xF0, 0x8F, 0xEF, 0xC7, 0x1F, 0x00,
    0xE0, 0x8F, 0xCF, 0xC7, 0x1F, 0x00, 0xE0, 0xCF, 0xCF, 0xE7, 0x1F, 0x00,
    0xE0, 0xCF, 0xC7, 0xE7, 0x1F, 0x00, 0xE0, 0xDF, 0xC7, 0xEF, 0x0F, 0x00,
    0xC0, 0xDF, 0x87, 0xEF, 0x0F, 0x00, 0xC0, 0xFF, 0x87, 0xFF, 0x0F, 0x00,
    0xC0, 0xFF, 0x83, 0xFF, 0x07, 0x00, 0xC0, 0xFF, 0x83, 0xFF, 0x07, 0x00,
    0x80, 0xFF, 0x03, 0xFF, 0x07, 0x00, 0x80, 0xFF, 0x03, 0xFF, 0x07, 0x00,
    0x80, 0xFF, 0x01, 0xFF, 0x03, 0x00, 0x80, 0xFF, 0x01, 0xFF, 0x03, 0x00,
    0x00, 0xFF, 0x01, 0xFE, 0x03, 0x00, 0x00, 0xFF, 0x01, 0xFE, 0x03, 0x00,
    0x00, 0x00, 0x00, 0x00, 0x00, 0x00, 0x00, 0x00, 0x00, 0x00, 0x00, 0x00,
    0x00, 0x00, 0x00, 0x00, 0x00, 0x00, 0x00, 0x00, 0x00, 0x00, 0x00, 0x00,
    0x00, 0x00, 0x00, 0x00, 0x00, 0x00, 0x00, 0x00, 0x00, 0x00, 0x00, 0x00,
    0x00, 0x00, 0x00, 0x00, 0x00, 0x00, 0x00, 0x00, 0x00, 0x00, 0x00, 0x00,
    0x00, 0x00, 0x00, 0x00, 0x00, 0x00, 0x00, 0x00, 0x00, 0x00, 0x00, 0x00,
    0x00, 0x00, 0x00, 0x00, 0x00, 0x00,
    /* U+0078 'x' */
    0x00, 0x00, 0x00, 0x00, 0x00, 0x00, 0x00, 0x00, 0x00, 0x00, 0x00, 0x00,
    0x00, 0x00, 0x00, 0x00, 0x00, 0x00, 0x00, 0x00, 0x00, 0x00, 0x00, 0x00,
    0x00, 0x00, 0x00, 0x00, 0x00, 0x00, 0x00, 0x00, 0x00, 0x00, 0x00, 0x00,
    0x00, 0x00, 0x00, 0x00, 0x00, 0x00, 0x00, 0x00, 0x00, 0x00, 0x00, 0x00,
    0x00, 0x00, 0x00, 0x00, 0x00, 0x00, 0x00, 0x00, 0x00, 0x00, 0x00, 0x00,
    0x00, 0x00, 0x00, 0x00, 0x00, 0x00, 0x00, 0x00, 0xFE, 0x03, 0xF8, 0x0F,
    0xFC, 0x03, 0xF8, 0x07, 0xF8, 0x07, 0xFC, 0x03, 0xF0, 0x0F, 0xFE, 0x01,
    0xF0, 0x1F, 0xFF, 0x01, 0xE0, 0x1F, 0xFF, 0x00, 0xC0, 0xBF, 0x7F, 0x00,
    0x80, 0xFF, 0x3F, 0x00, 0x80, 0xFF, 0x3F, 0x00, 0x00, 0xFF, 0x1F, 0x00,
    0x00, 0xFE, 0x0F, 0x00, 0x00, 0xFE, 0x0F, 0x00, 0x00, 0xFC, 0x07, 0x00,
    0x00, 0xFE, 0x0F, 0x00, 0x00, 0xFF, 0x1F, 0x00, 0x00, 0xFF, 0x1F, 0x00,
    0x80, 0xFF, 0x3F, 0x00, 0xC0, 0xBF, 0x7F, 0x00, 0xE0, 0xBF, 0xFF, 0x00,
    0xE0, 0x1F, 0xFF, 0x00, 0xF0, 0x0F, 0xFE, 0x01, 0xF8, 0x07, 0xFC, 0x03,
    0xF8, 0x07, 0xFC, 0x07, 0xFC, 0x03, 0xF8, 0x07, 0xFE, 0x01, 0xF0, 0x0F,
    0x00, 0x00, 0x00, 0x00, 0x00, 0x00, 0x00, 0x00, 0x00, 0x00, 0x00, 0x00,
    0x00, 0x00, 0x00, 0x00, 0x00, 0x00, 0x00, 0x00, 0x00, 0x00, 0x00, 0x00,
    0x00, 0x00, 0x00, 0x00, 0x00, 0x00, 0x00, 0x00, 0x00, 0x00, 0x00, 0x00,
    0x00, 0x00, 0x00, 0x00, 0x00, 0x00, 0x00, 0x00,
    /* U+0079 'y' */
    0x00, 0x00, 0x00, 0x00, 0x00, 0x00, 0x00, 0x00, 0x00, 0x00, 0x00, 0x00,
    0x00, 0x00, 0x00, 0x00, 0x00, 0x00, 0x00, 0x00, 0x00, 0x00, 0x00, 0x00,
    0x00, 0x00, 0x00, 0x00, 0x00, 0x00, 0x00, 0x00, 0x00, 0x00, 0x00, 0x00,
    0x00, 0x00, 0x00, 0x00, 0x00, 0x00, 0x00, 0x00, 0x00, 0x00, 0x00, 0x00,
    0x00, 0x00, 0x00, 0x00, 0x00, 0x00, 0x00, 0x00, 0x00, 0x00, 0x00, 0x00,
    0x00, 0x00, 0x00, 0x00, 0x00, 0x00, 0x00, 0x00, 0xFE, 0x01, 0xF0, 0x0F,
    0xFE, 0x01, 0xF0, 0x0F, 0xFC, 0x01, 0xF0, 0x0F, 0xFC, 0x03, 0xF8, 0x07,
    0xFC, 0x03, 0xF8, 0x07, 0xF8, 0x07, 0xF8, 0x03, 0xF8, 0x07, 0xFC, 0x03,
    0xF0, 0x07, 0xFC, 0x03, 0xF0, 0x0F, 0xFC, 0x01, 0xE0, 0x0F, 0xFC, 0x01,
    0xE0, 0x1F, 0xFE, 0x01, 0xE0, 0x1F, 0xFE, 0x00, 0xC0, 0x1F, 0xFE, 0x00,
    0xC0, 0x3F, 0x7F, 0x00, 0x80, 0x3F, 0x7F, 0x00, 0x80, 0x3F, 0x7F, 0x00,
    0x80, 0xFF, 0x3F, 0x00, 0x00, 0xFF, 0x3F, 0x00, 0x00, 0xFF, 0x3F, 0x00,
    0x00, 0xFE, 0x1F, 0x00, 0x00, 0xFE, 0x1F, 0x00, 0x00, 0xFC, 0x0F, 0x00,
    0x00, 0xFC, 0x0F, 0x00, 0x00, 0xFC, 0x0F, 0x00, 0x00, 0xF8, 0x07, 0x00,
    0x00, 0xF8, 0x07, 0x00, 0x00, 0xF8, 0x07, 0x00, 0x00, 0xF8, 0x03, 0x00,
    0x00, 0xF8, 0x03, 0x00, 0x00, 0xFC, 0x01, 0x00, 0xF0, 0xFF, 0x01, 0x00,
    0xF0, 0xFF, 0x00, 0x00, 0xF0, 0x7F, 0x00, 0x00, 0xF0, 0x3F, 0x00, 0x00,
    0xF0, 0x0F, 0x00, 0x00, 0x00, 0x00, 0x00, 0x00,
    /* U+007A 'z' */
    0x00, 0x00, 0x00, 0x00, 0x00, 0x00, 0x00, 0x00, 0x00, 0x00, 0x00, 0x00,
    0x00, 0x00, 0x00, 0x00, 0x00, 0x00, 0x00, 0x00, 0x00, 0x00, 0x00, 0x00,
    0x00, 0x00, 0x00, 0x00, 0x00, 0x00, 0x00, 0x00, 0x00, 0x00, 0x00, 0x00,
    0x00, 0x00, 0x00, 0x00, 0x00, 0x00, 0x00, 0x00, 0x00, 0x00, 0x00, 0x00,
    0x00, 0x00, 0x00, 0x00, 0x00, 0x00, 0x00, 0x00, 0x00, 0x00, 0x00, 0x00,
    0x00, 0x00, 0x00, 0x00, 0x00, 0x00, 0x00, 0x00, 0xF8, 0xFF, 0xFF, 0x00,
    0xF8, 0xFF, 0xFF, 0x00, 0xF8, 0xFF, 0xFF, 0x00, 0xF8, 0xFF, 0xFF, 0x00,
    0xF8, 0xFF, 0xFF, 0x00, 0xF8, 0xFF, 0xFF, 0x00, 0x00, 0x80, 0x7F, 0x00,
    0x00, 0xC0, 0x3F, 0x00, 0x00, 0xE0, 0x1F, 0x00, 0x00, 0xF0, 0x0F, 0x00,
    0x00, 0xF8, 0x07, 0x00, 0x00, 0xFC, 0x03, 0x00, 0x00, 0xFE, 0x01, 0x00,
    0x00, 0xFF, 0x00, 0x00, 0x80, 0x7F, 0x00, 0x00, 0xC0, 0x3F, 0x00, 0x00,
    0xE0, 0x1F, 0x00, 0x00, 0xF0, 0x1F, 0x00, 0x00, 0xF8, 0x0F, 0x00, 0x00,
    0xFC, 0xFF, 0xFF, 0x00, 0xFC, 0xFF, 0xFF, 0x00, 0xFC, 0xFF, 0xFF, 0x00,
    0xFC, 0xFF, 0xFF, 0x00, 0xFC, 0xFF, 0xFF, 0x00, 0xFC, 0xFF, 0xFF, 0x00,
    0x00, 0x00, 0x00, 0x00, 0x00, 0x00, 0x00, 0x00, 0x00, 0x00, 0x00, 0x00,
    0x00, 0x00, 0x00, 0x00, 0x00, 0x00, 0x00, 0x00, 0x00, 0x00, 0x00, 0x00,
    0x00, 0x00, 0x00, 0x00, 0x00, 0x00, 0x00, 0x00, 0x00, 0x00, 0x00, 0x00,
    0x00, 0x00, 0x00, 0x00, 0x00, 0x00, 0x00, 0x00,
    /* U+007B '{' */
    0x00, 0x00, 0x00, 0x00, 0x00, 0x00, 0x00, 0x00, 0x00, 0x00, 0x00, 0x00,
    0x00, 0x00, 0x00, 0x00, 0x00, 0x00, 0x00, 0x00, 0x00, 0x00, 0x00, 0x00,
    0x00, 0x00, 0x00, 0x00, 0x00, 0x00, 0x00, 0x00, 0x00, 0x00, 0xFC, 0x03,
    0x00, 0x80, 0xFF, 0x03, 0x00, 0xC0, 0xFF, 0x03, 0x00, 0xE0, 0xFF, 0x03,
    0x00, 0xE0, 0xFF, 0x03, 0x00, 0xE0, 0x3F, 0x00, 0x00, 0xE0, 0x1F, 0x00,
    0x00, 0xE0, 0x0F, 0x00, 0x00, 0xF0, 0x0F, 0x00, 0x00, 0xF0, 0x0F, 0x00,
    0x00, 0xF0, 0x0F, 0x00, 0x00, 0xF0, 0x0F, 0x00, 0x00, 0xF0, 0x0F, 0x00,
    0x00, 0xF0, 0x0F, 0x00, 0x00, 0xF0, 0x0F, 0x00, 0x00, 0xF0, 0x0F, 0x00,
    0x00, 0xF0, 0x0F, 0x00, 0x00, 0xF8, 0x0F, 0x00, 0x00, 0xFC, 0x07, 0x00,
    0xC0, 0xFF, 0x07, 0x00, 0xC0, 0xFF, 0x03, 0x00, 0xC0, 0xFF, 0x00, 0x00,
    0xC0, 0xFF, 0x03, 0x00, 0xC0, 0xFF, 0x07, 0x00, 0x00, 0xFC, 0x07, 0x00,
    0x00, 0xF8, 0x0F, 0x00, 0x00, 0xF0, 0x0F, 0x00, 0x00, 0xF0, 0x0F, 0x00,
    0x00, 0xF0, 0x0F, 0x00, 0x00, 0xF0, 0x0F, 0x00, 0x00, 0xF0, 0x0F, 0x00,
    0x00, 0xF0, 0x0F, 0x00, 0x00, 0xF0, 0x0F, 0x00, 0x00, 0xF0, 0x0F, 0x00,
    0x00, 0xF0, 0x0F, 0x00, 0x00, 0xE0, 0x1F, 0x00, 0x00, 0xE0, 0x3F, 0x00,
    0x00, 0xE0, 0xFF, 0x03, 0x00, 0xE0, 0xFF, 0x03, 0x00, 0xC0, 0xFF, 0x03,
    0x00, 0x80, 0xFF, 0x03, 0x00, 0x00, 0xFC, 0x03, 0x00, 0x00, 0x00, 0x00,
    0x00, 0x00, 0x00, 0x00, 0x00, 0x00, 0x00, 0x00,
    /* U+007C '|' */
    0x00, 0x00, 0x00, 0x00, 0x00, 0x00, 0x00, 0x00, 0x00, 0x00, 0x00, 0x00,
    0x00, 0x00, 0x00, 0x00, 0xC0, 0x07, 0xC0, 0x07, 0xC0, 0x07, 0xC0, 0x07,
    0xC0, 0x07, 0xC0, 0x07, 0xC0, 0x07, 0xC0, 0x07, 0xC0, 0x07, 0xC0, 0x07,
    0xC0, 0x07, 0xC0, 0x07, 0xC0, 0x07, 0xC0, 0x07, 0xC0, 0x07, 0xC0, 0x07,
    0xC0, 0x07, 0xC0, 0x07, 0xC0, 0x07, 0xC0, 0x07, 0xC0, 0x07, 0xC0, 0x07,
    0xC0, 0x07, 0xC0, 0x07, 0xC0, 0x07, 0xC0, 0x07, 0xC0, 0x07, 0xC0, 0x07,
    0xC0, 0x07, 0xC0, 0x07, 0xC0, 0x07, 0xC0, 0x07, 0xC0, 0x07, 0xC0, 0x07,
    0xC0, 0x07, 0xC0, 0x07, 0xC0, 0x07, 0xC0, 0x07, 0xC0, 0x07, 0xC0, 0x07,
    0xC0, 0x07, 0xC0, 0x07, 0xC0, 0x07, 0xC0, 0x07, 0xC0, 0x07,
    /* U+007D '}' */
    0x00, 0x00, 0x00, 0x00, 0x00, 0x00, 0x00, 0x00, 0x00, 0x00, 0x00, 0x00,
    0x00, 0x00, 0x00, 0x00, 0x00, 0x00, 0x00, 0x00, 0x00, 0x00, 0x00, 0x00,
    0x00, 0x00, 0x00, 0x00, 0x00, 0x00, 0x00, 0x00, 0xC0, 0x3F, 0x00, 0x00,
    0xC0, 0xFF, 0x01, 0x00, 0xC0, 0xFF, 0x03, 0x00, 0xC0, 0xFF, 0x07, 0x00,
    0xC0, 0xFF, 0x07, 0x00, 0x00, 0xFC, 0x07, 0x00, 0x00, 0xF8, 0x07, 0x00,
    0x00, 0xF0, 0x0F, 0x00, 0x00, 0xF0, 0x0F, 0x00, 0x00, 0xF0, 0x0F, 0x00,
    0x00, 0xF0, 0x0F, 0x00, 0x00, 0xF0, 0x0F, 0x00, 0x00, 0xF0, 0x0F, 0x00,
    0x00, 0xF0, 0x0F, 0x00, 0x00, 0xF0, 0x0F, 0x00, 0x00, 0xF0, 0x0F, 0x00,
    0x00, 0xF0, 0x0F, 0x00, 0x00, 0xF0, 0x1F, 0x00, 0x00, 0xE0, 0x3F, 0x00,
    0x00, 0xE0, 0xFF, 0x03, 0x00, 0xC0, 0xFF, 0x03, 0x00, 0x00, 0xFF, 0x03,
    0x00, 0xC0, 0xFF, 0x03, 0x00, 0xE0, 0xFF, 0x03, 0x00, 0xE0, 0x3F, 0x00,
    0x00, 0xF0, 0x1F, 0x00, 0x00, 0xF0, 0x0F, 0x00, 0x00, 0xF0, 0x0F, 0x00,
    0x00, 0xF0, 0x0F, 0x00, 0x00, 0xF0, 0x0F, 0x00, 0x00, 0xF0, 0x0F, 0x00,
    0x00, 0xF0, 0x0F, 0x00, 0x00, 0xF0, 0x0F, 0x00, 0x00, 0xF0, 0x0F, 0x00,
    0x00, 0xF0, 0x0F, 0x00, 0x00, 0xF0, 0x07, 0x00, 0x00, 0xFC, 0x07, 0x00,
    0xC0, 0xFF, 0x07, 0x00, 0xC0, 0xFF, 0x07, 0x00, 0xC0, 0xFF, 0x03, 0x00,
    0xC0, 0xFF, 0x01, 0x00, 0xC0, 0x7F, 0x00, 0x00, 0x00, 0x00, 0x00, 0x00,
    0x00, 0x00, 0x00, 0x00, 0x00, 0x00, 0x00, 0x00,
    /* U+007E '~' */
    0x00, 0x00, 0x00, 0x00, 0x00, 0x00, 0x00, 0x00, 0x00, 0x00, 0x00, 0x00,
    0x00, 0x00, 0x00, 0x00, 0x00, 0x00, 0x00, 0x00, 0x00, 0x00, 0x00, 0x00,
    0x00, 0x00, 0x00, 0x00, 0x00, 0x00, 0x00, 0x00, 0x00, 0x00, 0x00, 0x00,
    0x00, 0x00, 0x00, 0x00, 0x00, 0x00, 0x00, 0x00, 0x00, 0x00, 0x00, 0x00,
    0x00, 0x00, 0x00, 0x00, 0x00, 0x00, 0x00, 0x00, 0x00, 0x00, 0x00, 0x00,
    0x00, 0x00, 0x00, 0x00, 0x00, 0x00, 0x00, 0x00, 0x00, 0x00, 0x00, 0x00,
    0x00, 0x00, 0x00, 0x00, 0x00, 0x00, 0x00, 0x00, 0x00, 0x00, 0x00, 0x00,
    0x00, 0x00, 0x00, 0x00, 0x00, 0x00, 0x00, 0x00, 0x00, 0x00, 0x00, 0x00,
    0x00, 0x00, 0x00, 0x00, 0x00, 0x00, 0x00, 0x00, 0x00, 0x00, 0x00, 0x00,
    0x00, 0x00, 0x00, 0x00, 0x00, 0x00, 0x00, 0x00, 0x00, 0x00, 0x00, 0x00,
    0x00, 0xFC, 0x00, 0x00, 0x01, 0x00, 0xFF, 0x07, 0xC0, 0x01, 0xC0, 0xFF,
    0x3F, 0xF0, 0x01, 0xE0, 0xFF, 0xFF, 0xFF, 0x01, 0xE0, 0xFF, 0xFF, 0xFF,
    0x01, 0xE0, 0x03, 0xFF, 0xFF, 0x00, 0xE0, 0x00, 0xF8, 0x3F, 0x00, 0x20,
    0x00, 0xE0, 0x0F, 0x00, 0x00, 0x00, 0x00, 0x00, 0x00, 0x00, 0x00, 0x00,
    0x00, 0x00, 0x00, 0x00, 0x00, 0x00, 0x00, 0x00, 0x00, 0x00, 0x00, 0x00,
    0x00, 0x00, 0x00, 0x00, 0x00, 0x00, 0x00, 0x00, 0x00, 0x00, 0x00, 0x00,
    0x00, 0x00, 0x00, 0x00, 0x00, 0x00, 0x00, 0x00, 0x00, 0x00, 0x00, 0x00,
    0x00, 0x00, 0x00, 0x00, 0x00, 0x00, 0x00, 0x00, 0x00, 0x00, 0x00, 0x00,
    0x00, 0x00, 0x00, 0x00, 0x00, 0x00, 0x00, 0x00, 0x00, 0x00, 0x00, 0x00,
    0x00, 0x00, 0x00, 0x00, 0x00, 0x00, 0x00, 0x00, 0x00, 0x00, 0x00, 0x00,
    0x00, 0x00, 0x00, 0x00, 0x00, 0x00, 0x00, 0x00, 0x00, 0x00, 0x00, 0x00,
    0x00, 0x00, 0x00, 0x00, 0x00, 0x00, 0x00, 0x00, 0x00, 0x00, 0x00, 0x00,
    0x00,
    /* U+00B0 'deg' */
    0x00, 0x00, 0x00, 0x00, 0x00, 0x00, 0x00, 0x00, 0x00, 0x00, 0x00, 0x00,
    0x00, 0x00, 0x00, 0x00, 0x00, 0x00, 0x00, 0x00, 0x00, 0x00, 0x00, 0x00,
    0x00, 0x3E, 0x00, 0x80, 0xFF, 0x00, 0xC0, 0xFF, 0x01, 0xE0, 0xE3, 0x01,
    0xE0, 0xC0, 0x03, 0xF0, 0x80, 0x03, 0xF0, 0x80, 0x03, 0x70, 0x80, 0x07,
    0xF0, 0x80, 0x03, 0xF0, 0x80, 0x03, 0xF0, 0xC0, 0x03, 0xE0, 0xE1, 0x01,
    0xC0, 0xFF, 0x01, 0x80, 0xFF, 0x00, 0x00, 0x3E, 0x00, 0x00, 0x00, 0x00,
    0x00, 0x00, 0x00, 0x00, 0x00, 0x00, 0x00, 0x00, 0x00, 0x00, 0x00, 0x00,
    0x00, 0x00, 0x00, 0x00, 0x00, 0x00, 0x00, 0x00, 0x00, 0x00, 0x00, 0x00,
    0x00, 0x00, 0x00, 0x00, 0x00, 0x00, 0x00, 0x00, 0x00, 0x00, 0x00, 0x00,
    0x00, 0x00, 0x00, 0x00, 0x00, 0x00, 0x00, 0x00, 0x00, 0x00, 0x00, 0x00,
    0x00, 0x00, 0x00, 0x00, 0x00, 0x00, 0x00, 0x00, 0x00, 0x00, 0x00, 0x00,
    0x00, 0x00, 0x00, 0x00, 0x00, 0x00, 0x00, 0x00, 0x00, 0x00, 0x00, 0x00,
    0x00, 0x00, 0x00, 0x00, 0x00, 0x00, 0x00, 0x00, 0x00, 0x00, 0x00, 0x00,
    0x00, 0x00, 0x00,
};

static const glyph_t font_big[] = {
    {0x0020, 16, 53, 16, 2, &font_big_blob[0]},
    {0x0021, 21, 53, 21, 3, &font_big_blob[106]},
    {0x0022, 23, 53, 24, 3, &font_big_blob[265]},
    {0x0023, 38, 53, 38, 5, &font_big_blob[424]},
    {0x0024, 31, 53, 32, 4, &font_big_blob[689]},
    {0x0025, 45, 53, 46, 6, &font_big_blob[901]},
    {0x0026, 39, 53, 40, 5, &font_big_blob[1219]},
    {0x0027, 14, 53, 14, 2, &font_big_blob[1484]},
    {0x0028, 21, 53, 21, 3, &font_big_blob[1590]},
    {0x0029, 21, 53, 21, 3, &font_big_blob[1749]},
    {0x002A, 24, 53, 24, 3, &font_big_blob[1908]},
    {0x002B, 38, 53, 38, 5, &font_big_blob[2067]},
    {0x002C, 17, 53, 18, 3, &font_big_blob[2332]},
    {0x002D, 19, 53, 19, 3, &font_big_blob[2491]},
    {0x002E, 17, 53, 18, 3, &font_big_blob[2650]},
    {0x002F, 17, 53, 17, 3, &font_big_blob[2809]},
    {0x0030, 31, 53, 32, 4, &font_big_blob[2968]},
    {0x0031, 31, 53, 32, 4, &font_big_blob[3180]},
    {0x0032, 31, 53, 32, 4, &font_big_blob[3392]},
    {0x0033, 31, 53, 32, 4, &font_big_blob[3604]},
    {0x0034, 31, 53, 32, 4, &font_big_blob[3816]},
    {0x0035, 31, 53, 32, 4, &font_big_blob[4028]},
    {0x0036, 31, 53, 32, 4, &font_big_blob[4240]},
    {0x0037, 31, 53, 32, 4, &font_big_blob[4452]},
    {0x0038, 31, 53, 32, 4, &font_big_blob[4664]},
    {0x0039, 31, 53, 32, 4, &font_big_blob[4876]},
    {0x003A, 18, 53, 19, 3, &font_big_blob[5088]},
    {0x003B, 18, 53, 19, 3, &font_big_blob[5247]},
    {0x003C, 38, 53, 38, 5, &font_big_blob[5406]},
    {0x003D, 38, 53, 38, 5, &font_big_blob[5671]},
    {0x003E, 38, 53, 38, 5, &font_big_blob[5936]},
    {0x003F, 26, 53, 27, 4, &font_big_blob[6201]},
    {0x0040, 45, 53, 46, 6, &font_big_blob[6413]},
    {0x0041, 35, 53, 35, 5, &font_big_blob[6731]},
    {0x0042, 34, 53, 35, 5, &font_big_blob[6996]},
    {0x0043, 33, 53, 34, 5, &font_big_blob[7261]},
    {0x0044, 37, 53, 38, 5, &font_big_blob[7526]},
    {0x0045, 31, 53, 31, 4, &font_big_blob[7791]},
    {0x0046, 31, 53, 31, 4, &font_big_blob[8003]},
    {0x0047, 37, 53, 37, 5, &font_big_blob[8215]},
    {0x0048, 38, 53, 38, 5, &font_big_blob[8480]},
    {0x0049, 17, 53, 17, 3, &font_big_blob[8745]},
    {0x004A, 20, 53, 17, 3, &font_big_blob[8904]},
    {0x004B, 37, 53, 35, 5, &font_big_blob[9063]},
    {0x004C, 29, 53, 29, 4, &font_big_blob[9328]},
    {0x004D, 45, 53, 45, 6, &font_big_blob[9540]},
    {0x004E, 38, 53, 38, 5, &font_big_blob[9858]},
    {0x004F, 38, 53, 39, 5, &font_big_blob[10123]},
    {0x0050, 33, 53, 33, 5, &font_big_blob[10388]},
    {0x0051, 38, 53, 39, 5, &font_big_blob[10653]},
    {0x0052, 35, 53, 35, 5, &font_big_blob[10918]},
    {0x0053, 32, 53, 33, 4, &font_big_blob[11183]},
    {0x0054, 31, 53, 31, 4, &font_big_blob[11395]},
    {0x0055, 37, 53, 37, 5, &font_big_blob[11607]},
    {0x0056, 35, 53, 35, 5, &font_big_blob[11872]},
    {0x0057, 50, 53, 50, 7, &font_big_blob[12137]},
    {0x0058, 35, 53, 35, 5, &font_big_blob[12508]},
    {0x0059, 35, 53, 33, 5, &font_big_blob[12773]},
    {0x005A, 33, 53, 33, 5, &font_big_blob[13038]},
    {0x005B, 21, 53, 21, 3, &font_big_blob[13303]},
    {0x005C, 17, 53, 17, 3, &font_big_blob[13462]},
    {0x005D, 21, 53, 21, 3, &font_big_blob[13621]},
    {0x005E, 38, 53, 38, 5, &font_big_blob[13780]},
    {0x005F, 23, 53, 23, 3, &font_big_blob[14045]},
    {0x0060, 23, 53, 23, 3, &font_big_blob[14204]},
    {0x0061, 30, 53, 31, 4, &font_big_blob[14363]},
    {0x0062, 32, 53, 33, 4, &font_big_blob[14575]},
    {0x0063, 27, 53, 27, 4, &font_big_blob[14787]},
    {0x0064, 32, 53, 33, 4, &font_big_blob[14999]},
    {0x0065, 31, 53, 31, 4, &font_big_blob[15211]},
    {0x0066, 20, 53, 20, 3, &font_big_blob[15423]},
    {0x0067, 32, 53, 33, 4, &font_big_blob[15582]},
    {0x0068, 32, 53, 33, 4, &font_big_blob[15794]},
    {0x0069, 15, 53, 16, 2, &font_big_blob[16006]},
    {0x006A, 17, 53, 16, 3, &font_big_blob[16112]},
    {0x006B, 31, 53, 30, 4, &font_big_blob[16271]},
    {0x006C, 15, 53, 16, 2, &font_big_blob[16483]},
    {0x006D, 47, 53, 47, 6, &font_big_blob[16589]},
    {0x006E, 32, 53, 33, 4, &font_big_blob[16907]},
    {0x006F, 31, 53, 31, 4, &font_big_blob[17119]},
    {0x0070, 32, 53, 33, 4, &font_big_blob[17331]},
    {0x0071, 32, 53, 33, 4, &font_big_blob[17543]},
    {0x0072, 23, 53, 23, 3, &font_big_blob[17755]},
    {0x0073, 27, 53, 27, 4, &font_big_blob[17914]},
    {0x0074, 22, 53, 22, 3, &font_big_blob[18126]},
    {0x0075, 32, 53, 33, 4, &font_big_blob[18285]},
    {0x0076, 29, 53, 30, 4, &font_big_blob[18497]},
    {0x0077, 42, 53, 42, 6, &font_big_blob[18709]},
    {0x0078, 29, 53, 30, 4, &font_big_blob[19027]},
    {0x0079, 29, 53, 30, 4, &font_big_blob[19239]},
    {0x007A, 26, 53, 27, 4, &font_big_blob[19451]},
    {0x007B, 32, 53, 33, 4, &font_big_blob[19663]},
    {0x007C, 16, 53, 17, 2, &font_big_blob[19875]},
    {0x007D, 32, 53, 33, 4, &font_big_blob[19981]},
    {0x007E, 38, 53, 38, 5, &font_big_blob[20193]},
    {0x00B0, 23, 53, 23, 3, &font_big_blob[20458]},
};
#define FONT_BIG_COUNT 96

#endif
