/* generated by tools/gen_assets.py -- do not edit */
#ifndef _GEN_SKY_H_
#define _GEN_SKY_H_
#include <stdint.h>

#define SKY_W 172
#define SKY_H 320

static const uint16_t sky_bg[SKY_W * SKY_H] = {
    0xCED8, 0xD719, 0xD719, 0xD6F9, 0xD719, 0xD719, 0xCEF8, 0xCEF8, 0xCEF8, 0xCED8, 0xC6D7, 0xC6B7, 0xCED8, 0xD6D8, 0xD6F8, 0xD6F8,
    0xD6D8, 0xD6D8, 0xCEB7, 0xD6D8, 0xDEF8, 0xDEF9, 0xDEF9, 0xDF19, 0xE719, 0xE719, 0xDF19, 0xD6D8, 0xD6F8, 0xD6F8, 0xD6F9, 0xD6F9,
    0xDF19, 0xDF19, 0xDF3A, 0xDF19, 0xD6F8, 0xD6F8, 0xDF19, 0xDEF9, 0xD6B8, 0xD6B8, 0xD6B8, 0xD6B8, 0xD698, 0xD6B8, 0xD6D8, 0xDEF9,
    0xD6F9, 0xCE97, 0xD6D8, 0xD6F8, 0xD6D8, 0xD6D8, 0xD6F9, 0xDF3A, 0xDF5B, 0xD719, 0xD6F9, 0xD73A, 0xD719, 0xCEB8, 0xCEF9, 0xD73A,
    0xD71A, 0xCED8, 0xC6D8, 0xBE97, 0xB636, 0xBE77, 0xC6B8, 0xCEF8, 0xC6B7, 0xBE96, 0xBE76, 0xBE97, 0xC6B7, 0xC6B7, 0xCF19, 0xCF19,
    0xCEF8, 0xCEF8, 0xC6D8, 0xC6D7, 0xCF18, 0xD73A, 0xD73A, 0xCEF9, 0xC6D8, 0xBED8, 0xBEB8, 0xBED8, 0xB6D8, 0xB6B7, 0xB6B7, 0xB6D8,
    0xBEF8, 0xC719, 0xBEF8, 0xBEB8, 0xBEB8, 0xBE97, 0xBE97, 0xC6D8, 0xC6F9, 0xC6F9, 0xC6F8, 0xC6F8, 0xC6F8, 0xC6F8, 0xC6F8, 0xC6F8,
    0xC718, 0xC6F8, 0xC6F8, 0xBEF8, 0xBED8, 0xB6D8, 0xB6D7, 0xB6D7, 0xBEF7, 0xBEF8, 0xBEF8, 0xBED7, 0xB6B7, 0xB6B7, 0xB6B8, 0xBED8,
    0xBEB8, 0xB6B8, 0xB6B8, 0xB6B8, 0xB697, 0xB677, 0xB697, 0xBEB7, 0xBEB7, 0xB697, 0xC6B8, 0xC6B8, 0xC6B8, 0xBEB8, 0xBE98, 0xBEB7,
    0xBE97, 0xB677, 0xB656, 0xB677, 0xB677, 0xB698, 0xAE57, 0xB677, 0xB698, 0xAE98, 0xA677, 0xA657, 0x9E57, 0x9E56, 0xA677, 0xAE97,
    0xB6B7, 0xB6B8, 0xBEB8, 0xBEB8, 0xB677, 0xB677, 0xBEB8, 0xB697, 0xB6B8, 0xB697, 0xAE77, 0xAE97, 0xB656, 0xBE97, 0xC6B8, 0xC697,
    0xBE97, 0xC6B7, 0xCED8, 0xD6F8, 0xD6F8, 0xD6F8, 0xD6F8, 0xD6F8, 0xC6B7, 0xCEF8, 0xD739, 0xCF18, 0xCED7, 0xC6B7, 0xCED8, 0xCEB7,
    0xCEB8, 0xDF19, 0xE719, 0xDF19, 0xDED8, 0xDED8, 0xD6B8, 0xCEB8, 0xD6F9, 0xDF19, 0xD6F9, 0xD6D8, 0xD6F8, 0xDF19, 0xDEF8, 0xDEF8,
    0xDEF9, 0xDF19, 0xDF19, 0xDF18, 0xD6D8, 0xD6D8, 0xDEF9, 0xDEF8, 0xD6F8, 0xD6F8, 0xD6F8, 0xD6D8, 0xD6F8, 0xDF19, 0xE75A, 0xDF19,
    0xD6F8, 0xD719, 0xDF19, 0xD6F8, 0xD719, 0xD6F9, 0xC6B8, 0xBE77, 0xBE36, 0xB636, 0xBE36, 0xBE56, 0xBE36, 0xB636, 0xB616, 0xB616,
    0xB636, 0xBE57, 0xC677, 0xCED8, 0xD719, 0xD739, 0xCEF8, 0xC6B7, 0xC697, 0xCEB8, 0xCED8, 0xCED8, 0xC6D8, 0xC6D8, 0xC6D8, 0xCEF8,
    0xCEF8, 0xCF19, 0xCF3A, 0xCF5A, 0xCF39, 0xBED8, 0xBEB8, 0xBED8, 0xBED8, 0xB6B7, 0xB6B7, 0xB6D8, 0xBEF8, 0xBEF8, 0xBEF8, 0xBEF8,
    0xBED8, 0xBEB7, 0xBEB7, 0xBEB7, 0xBED8, 0xC6F9, 0xC719, 0xC6F8, 0xBEB7, 0xBEB7, 0xBEB7, 0xBEB7, 0xBEB7, 0xBEB7, 0xBED7, 0xB6B7,
    0xB6B7, 0xB6D8, 0xBED8, 0xB6D7, 0xB6B7, 0xB6B7, 0xB6B7, 0xBED8, 0xB6B7, 0xB6B7, 0xBEF8, 0xBEF8, 0xBED8, 0xBEF8, 0xBEF9, 0xB697,
    0xAE56, 0xB697, 0xBE97, 0xBEB7, 0xBED7, 0xBE96, 0xC6D8, 0xC6B8, 0xC697, 0xBE77, 0xBE77, 0xBE77, 0xBE97, 0xBE97, 0xBE97, 0xBE97,
    0xBE97, 0xBE98, 0xAE56, 0xAE57, 0xAE57, 0xAE77, 0xAE77, 0xAE98, 0xAE98, 0xAEB8, 0xB6D8, 0xB6D8, 0xB6B8, 0xB698, 0xB698, 0xB677,
    0xB677, 0xBE98, 0xBED8, 0xB6B8, 0xB6B8, 0xB6D8, 0xAE77, 0xAE97, 0xB677, 0xB677, 0xB677, 0xBE97, 0xC6B8, 0xCED8, 0xD6F9, 0xD6F9,
    0xD6F9, 0xD6F8, 0xDEF8, 0xD719, 0xC6F8, 0xCF18, 0xCF39, 0xCEF8, 0xC6B7, 0xC697, 0xCEB7, 0xCEB7, 0xCEB8, 0xDEF9, 0xDF19, 0xDEF9,
    0xDED8, 0xDED8, 0xD6D8, 0xD6D8, 0xD6F9, 0xDF19, 0xD719, 0xD6F8, 0xD6F8, 0xDF19, 0xDEF8, 0xD6D8, 0xD6D8, 0xD6B8, 0xD6D8, 0xD6D8,
    0xD6D8, 0xD6F8, 0xDF19, 0xD6F9, 0xD6F8, 0xD6F8, 0xD6F8, 0xD6F8, 0xD6D8, 0xD6D8, 0xDF19, 0xDF19, 0xD6F8, 0xDF19, 0xDF39, 0xDF19,
    0xD6F9, 0xCEB8, 0xC677, 0xBE77, 0xBE57, 0xBE36, 0xB5F5, 0xB636, 0xBE77, 0xC677, 0xC697, 0xC698, 0xC698, 0xC697, 0xC697, 0xCEB8,
    0xD6D8, 0xD719, 0xD6F8, 0xCED8, 0xCED8, 0xD719, 0xC697, 0xBE76, 0xBE56, 0xB656, 0xB656, 0xBE76, 0xBE97, 0xBEB7, 0xBEB8, 0xBEB8,
    0xBEB8, 0xB697, 0xB697, 0xB697, 0xB697, 0xB6B8, 0xB6B7, 0xB6D8, 0xBEF9, 0xBEF8, 0xB6D8, 0xBED8, 0xBED8, 0xBEB7, 0xBEB7, 0xBED8,
    0xC6F8, 0xC6F9, 0xC6F8, 0xBED8, 0xBEB7, 0xBEB7, 0xBEB7, 0xBEB7, 0xBEB7, 0xBEB7, 0xBEB7, 0xB6B7, 0xB6D7, 0xBED8, 0xBEF8, 0xBEF8,
    0xBED8, 0xBED8, 0xB6D7, 0xBED8, 0xB6D7, 0xB6B7, 0xBEF8, 0xBED8, 0xB6B8, 0xBED8, 0xB6D8, 0xAE77, 0xAE56, 0xB676, 0xBE97, 0xBEB7,
    0xBED7, 0xBEB7, 0xCED8, 0xC6B8, 0xBE77, 0xB656, 0xB636, 0xB656, 0xB656, 0xB657, 0xB697, 0xB698, 0xB698, 0xB698, 0xAE77, 0xB677,
    0xB6B8, 0xB6B8, 0xBEB9, 0xBED9, 0xB698, 0xAE77, 0xB6B8, 0xB6B8, 0xB698, 0xB677, 0xB677, 0xB677, 0xB657, 0xB677, 0xAE77, 0xAE77,
    0xAE98, 0xAE98, 0xA636, 0xAE57, 0xB697, 0xAE56, 0xB656, 0xBE97, 0xC6D8, 0xCF19, 0xD719, 0xD719, 0xD719, 0xD6F9, 0xD6F8, 0xD719,
    0xCF18, 0xD718, 0xCF18, 0xCED7, 0xC6B7, 0xC697, 0xCED7, 0xCEB7, 0xCEB7, 0xD6F8, 0xDF19, 0xDEF9, 0xDEF8, 0xDED8, 0xDEF9, 0xD6F9,
    0xD719, 0xD719, 0xD719, 0xD6F8, 0xD6F8, 0xD6D8, 0xDF19, 0xD6D8, 0xD6B7, 0xD6B7, 0xD6D8, 0xDEF8, 0xDEF8, 0xDEF8, 0xDF19, 0xDF19,
    0xD6F9, 0xD6F9, 0xD6F8, 0xD6F8, 0xD6F8, 0xD6D8, 0xD6F9, 0xD6F9, 0xD6F9, 0xDF19, 0xDF19, 0xD6F9, 0xCEF9, 0xCEB8, 0xC697, 0xC6B8,
    0xCEF9, 0xCEB8, 0xBE56, 0xBE77, 0xC6B8, 0xCED9, 0xD719, 0xD71A, 0xD6F9, 0xCED8, 0xC6B8, 0xCEB8, 0xD6D8, 0xD6F9, 0xD6F8, 0xCED8,
    0xCED8, 0xD719, 0xC6B7, 0xC697, 0xBE76, 0xBE76, 0xBE76, 0xBE77, 0xC697, 0xBE97, 0xB697, 0xB697, 0xBEB8, 0xBED8, 0xBED8, 0xBED8,
    0xB697, 0xB6B8, 0xB6B7, 0xB6B8, 0xBED8, 0xB6D8, 0xB6B8, 0xB6D8, 0xBED7, 0xBEB8, 0xBED8, 0xC6F8, 0xC6F9, 0xC6F8, 0xBED8, 0xBEB7,
    0xBEB7, 0xBEB7, 0xBEB7, 0xBEB7, 0xBEB7, 0xBEB7, 0xBEB7, 0xBED8, 0xBED8, 0xBED8, 0xBEF8, 0xBEF8, 0xBEF8, 0xBEF8, 0xBED8, 0xBED8,
    0xB6B8, 0xB6D8, 0xBEF8, 0xBED8, 0xB6B8, 0xB6D8, 0xAE97, 0xAE77, 0xAE57, 0xAE57, 0xB6B8, 0xBEF9, 0xC719, 0xCF3A, 0xC6D9, 0xC6F9,
    0xBEB8, 0xAE36, 0xAE36, 0xAE57, 0xAE57, 0xAE57, 0xAE77, 0xAE77, 0xAE77, 0xB677, 0xB698, 0xB678, 0xB677, 0xAE57, 0xAE57, 0xB678,
    0xB678, 0xAE57, 0xAE77, 0xAE77, 0xAE77, 0xAE57, 0xAE57, 0xAE77, 0xAE77, 0xA636, 0xA636, 0xA657, 0xAE77, 0xA657, 0x9E16, 0xA657,
    0xB697, 0xB677, 0xB697, 0xBE97, 0xC6D8, 0xC6D8, 0xCEF8, 0xCEF9, 0xCEF8, 0xCEF8, 0xD6F8, 0xD719, 0xD718, 0xD718, 0xD6F8, 0xCED8,
    0xCED7, 0xCED8, 0xD6F8, 0xD6D7, 0xD6B7, 0xD6D8, 0xDEF8, 0xDEF8, 0xDEF9, 0xDEF8, 0xDF19, 0xDF39, 0xD719, 0xD6F8, 0xD6F9, 0xD6F9,
    0xD6F8, 0xD6D8, 0xDF19, 0xD6F8, 0xD6F8, 0xD6F8, 0xDEF9, 0xDF19, 0xDF19, 0xDF19, 0xDF19, 0xDF19, 0xDF19, 0xDF19, 0xD6F9, 0xD6F9,
    0xD6F9, 0xD6F8, 0xD6F8, 0xDF19, 0xDF19, 0xDF19, 0xDF19, 0xD6F8, 0xD719, 0xD719, 0xD6F9, 0xD719, 0xD71A, 0xD719, 0xCEF9, 0xCED8,
    0xCEF9, 0xD719, 0xD73A, 0xDF3A, 0xD71A, 0xD6F9, 0xCED8, 0xD6D8, 0xD6F8, 0xD6F8, 0xD6D8, 0xCE97, 0xCE97, 0xCEB8, 0xCEB7, 0xCEB8,
    0xCEB8, 0xCED8, 0xCEB8, 0xC697, 0xC697, 0xBE97, 0xBEB8, 0xBEB8, 0xC6D9, 0xC719, 0xC719, 0xBED8, 0xB6B7, 0xB6B8, 0xB6B7, 0xB6B8,
    0xBED8, 0xB6D8, 0xB6B7, 0xB6B7, 0xB6B7, 0xBEB7, 0xBEB8, 0xBED8, 0xC6F8, 0xBED8, 0xBEB7, 0xB697, 0xBEB7, 0xBEB7, 0xBEB7, 0xBEB7,
    0xBEB7, 0xBEB7, 0xBEB7, 0xBED8, 0xBED8, 0xBED8, 0xBED8, 0xBEF8, 0xBEF8, 0xBEF8, 0xB6B7, 0xBED8, 0xBED8, 0xB6B7, 0xBEF8, 0xBED8,
    0xB6B8, 0xB6B8, 0xAE97, 0xAEB8, 0xAE97, 0xAE57, 0xAE98, 0xBED9, 0xBEF9, 0xC71A, 0xC6F9, 0xC6F9, 0xBEB8, 0xAE57, 0xAE56, 0xAE77,
    0xB697, 0xB677, 0xAE77, 0xAE77, 0xAE77, 0xAE77, 0xB698, 0xB677, 0xAE77, 0xAE36, 0xAE36, 0xAE57, 0xAE57, 0xAE77, 0xAE77, 0xAE77,
    0xAE57, 0xA657, 0xAE57, 0xAE78, 0xAE98, 0xAE77, 0xA657, 0xA637, 0xA637, 0x9E37, 0x9DF6, 0xA637, 0xB697, 0xB6B8, 0xBED8, 0xBEB7,
    0xB697, 0xB697, 0xBE97, 0xC6B7, 0xC6B7, 0xC6D8, 0xCEF8, 0xD718, 0xD6F8, 0xD6F8, 0xD6F8, 0xD6F8, 0xD6F8, 0xDF18, 0xDF39, 0xD6F8,
    0xD6D7, 0xD6D7, 0xD6F8, 0xDEF8, 0xDEF8, 0xDEF8, 0xDF18, 0xDF39, 0xD6F8, 0xD6F8, 0xD6F8, 0xD6F8, 0xD6D8, 0xD6D8, 0xD6F8, 0xD6F8,
    0xD6F8, 0xD719, 0xDF19, 0xD6F8, 0xD6D8, 0xD6F8, 0xD6F9, 0xD6F9, 0xDF19, 0xDF19, 0xDF19, 0xDF19, 0xDF19, 0xD6F8, 0xD6D8, 0xD6D8,
    0xD6F9, 0xDF19, 0xDF19, 0xDF19, 0xDF3A, 0xDF3A, 0xDF3A, 0xCEF9, 0xC698, 0xC697, 0xCEB8, 0xCED9, 0xD6F9, 0xD6F9, 0xD6F9, 0xD6F9,
    0xD6F9, 0xCEF9, 0xD6D8, 0xCEB8, 0xD6B8, 0xD6B8, 0xCE97, 0xCE97, 0xCE97, 0xCEB7, 0xC697, 0xCEB7, 0xCED8, 0xD6F8, 0xCED8, 0xC697,
    0xBE56, 0xBE77, 0xBEB8, 0xBEB8, 0xBED8, 0xC6F9, 0xC6F9, 0xB6B8, 0xAE77, 0xB6B8, 0xB697, 0xB6B8, 0xBED8, 0xB6D8, 0xB697, 0xB6B7,
    0xB697, 0xB697, 0xBEB7, 0xBED8, 0xBED8, 0xBED8, 0xB697, 0xB697, 0xBEB7, 0xBEB7, 0xBEB7, 0xBEB7, 0xBEB7, 0xBEB7, 0xBEB7, 0xBEB7,
    0xBED8, 0xBED8, 0xBED8, 0xBED8, 0xBED8, 0xBEF8, 0xB6B7, 0xBED8, 0xBED8, 0xB6B7, 0xBED8, 0xB6B7, 0xB6B7, 0xAE97, 0xAE97, 0xB6D8,
    0xAEB7, 0xA656, 0xAE77, 0xB6B8, 0xB6D8, 0xBEF9, 0xB6B7, 0xBED8, 0xB6D8, 0xAE76, 0xA636, 0xAE56, 0xAE77, 0xAE77, 0xAE77, 0xA656,
    0xA636, 0xA636, 0xA636, 0xAE56, 0xAE56, 0xAE36, 0xA635, 0xAE36, 0xA656, 0xAE77, 0xAE77, 0xA657, 0xA636, 0xA636, 0x9E36, 0xA636,
    0xA677, 0xAE98, 0xAE78, 0xA657, 0xA637, 0x9E17, 0x9E16, 0xA637, 0xAE97, 0xB6B8, 0xB6D8, 0xB6B7, 0xB676, 0xAE56, 0xB676, 0xB676,
    0xBE97, 0xBEB7, 0xC6D8, 0xCEF8, 0xD6D8, 0xD6D7, 0xD6D7, 0xDEF8, 0xDF18, 0xE739, 0xE739, 0xDF18, 0xD6F7, 0xD6D7, 0xD6D7, 0xD6F8,
    0xDEF8, 0xDEF8, 0xD6F8, 0xDF19, 0xDEF8, 0xD6F8, 0xD6D8, 0xD6D8, 0xD6D8, 0xD6D8, 0xCEB8, 0xCEB8, 0xD6D8, 0xD6D8, 0xD6D8, 0xCEB7,
    0xCE97, 0xD6D8, 0xD6F9, 0xD6F8, 0xD6F9, 0xD6F9, 0xDF19, 0xDF19, 0xD6F9, 0xD6D8, 0xC677, 0xC677, 0xD6D8, 0xD6F8, 0xDF19, 0xDF19,
    0xD719, 0xD71A, 0xD719, 0xC6B8, 0xBE36, 0xB615, 0xB636, 0xC6B8, 0xD6F9, 0xCED8, 0xCED8, 0xCEB8, 0xCEB8, 0xCED8, 0xCEB8, 0xCE77,
    0xCE77, 0xCE77, 0xCE97, 0xD6B8, 0xD6D8, 0xD6F8, 0xD6D8, 0xD6F9, 0xDF39, 0xDF5A, 0xDF39, 0xCEF8, 0xC697, 0xC6B7, 0xC6F9, 0xC6F9,
    0xC719, 0xC73A, 0xC719, 0xBED8, 0xB6B8, 0xB6B7, 0xB697, 0xB6B8, 0xBED8, 0xB6D8, 0xB6B7, 0xB6B8, 0xB6B7, 0xB697, 0xBEB7, 0xBEB8,
    0xBED8, 0xBED8, 0xBED8, 0xBEB8, 0xBED8, 0xBED8, 0xBED8, 0xBED8, 0xBED8, 0xBED8, 0xBED8, 0xBED8, 0xBED8, 0xBED8, 0xBEB7, 0xB6B7,
    0xBED8, 0xBED8, 0xBED8, 0xBEF8, 0xBEF8, 0xBED8, 0xBED8, 0xB6B7, 0xAE97, 0xAE97, 0xAE97, 0xB6B8, 0xB6B8, 0xA656, 0xA656, 0xAE97,
    0xAEB7, 0xB6D8, 0xA656, 0xAE97, 0xB6B8, 0xAE97, 0xA635, 0x9E15, 0x9E36, 0xA656, 0xA656, 0xA636, 0xA616, 0xA615, 0xA635, 0xA656,
    0xAE76, 0xAE76, 0xAE76, 0xAE76, 0xA656, 0xA677, 0xA677, 0xA636, 0x9E36, 0xA636, 0x9E36, 0x9616, 0x9E36, 0xA677, 0xA657, 0xA657,
    0x9E37, 0x9E37, 0x9E36, 0x9E16, 0xAE97, 0xAE97, 0xAE97, 0xB697, 0xAE97, 0xAE56, 0xAE76, 0xB676, 0xB676, 0xB676, 0xBEB7, 0xC6B7,
    0xD6D7, 0xD6B7, 0xD6D7, 0xDEF8, 0xDF18, 0xDF18, 0xDEF8, 0xDF18, 0xDF18, 0xD6D7, 0xD6D7, 0xD6F7, 0xD6F7, 0xD6F7, 0xD6D7, 0xD6F8,
    0xDEF8, 0xDEF8, 0xD6B7, 0xCE97, 0xD6B8, 0xDEF8, 0xD6F8, 0xD6D8, 0xCED8, 0xCEB8, 0xCEB8, 0xCEB7, 0xC697, 0xCEB8, 0xD6F8, 0xD6F8,
    0xD6F8, 0xD6F8, 0xD6F9, 0xDF19, 0xDF19, 0xDF19, 0xC676, 0xC656, 0xC676, 0xC677, 0xC676, 0xCE97, 0xCED8, 0xCED8, 0xD6F9, 0xCED8,
    0xCEB8, 0xC677, 0xC677, 0xC697, 0xCEB8, 0xCEB8, 0xCEB8, 0xCEB8, 0xC697, 0xC697, 0xCE97, 0xD6B8, 0xD697, 0xCE97, 0xD698, 0xD6B8,
    0xD6D8, 0xD6D8, 0xDF19, 0xDF3A, 0xDF3A, 0xDF39, 0xD719, 0xCED8, 0xCEB8, 0xC6B8, 0xBED8, 0xC6F9, 0xC719, 0xC6F9, 0xBED8, 0xBED8,
    0xBED8, 0xB697, 0xB697, 0xB6B8, 0xBED8, 0xBED8, 0xB6D8, 0xBED8, 0xBED8, 0xBEB7, 0xBEB7, 0xBED8, 0xC6F8, 0xC6F9, 0xC719, 0xC6F8,
    0xC6F8, 0xC6F8, 0xC6F8, 0xC6F8, 0xC6F8, 0xBED8, 0xBED8, 0xC719, 0xC6F8, 0xBEF8, 0xBED8, 0xBED8, 0xBED8, 0xBED8, 0xBEF8, 0xC739,
    0xC739, 0xBEF8, 0xBED8, 0xB697, 0xAE76, 0xB697, 0xAE97, 0xAE97, 0xAEB7, 0xA656, 0xA655, 0xA656, 0xA676, 0xAE97, 0xA635, 0xAE96,
    0xB6D8, 0xB6D7, 0xAE96, 0xA656, 0xA656, 0xA676, 0xA677, 0xAE77, 0xAE97, 0xAE77, 0xAE77, 0xAE76, 0xAE76, 0xAE97, 0xAE97, 0xAE97,
    0xAE76, 0xA656, 0x9E36, 0x9E36, 0x9E56, 0xA677, 0xA677, 0x9E36, 0x9E36, 0xA657, 0x9E57, 0x9E57, 0x9E57, 0x9E57, 0x9E37, 0x95F5,
    0xAE97, 0xA656, 0xA656, 0xAE97, 0xAE97, 0xAE77, 0xB697, 0xAE76, 0xAE56, 0xAE56, 0xB696, 0xC6D7, 0xD6D7, 0xD6B7, 0xDED7, 0xDEF8,
    0xDEF8, 0xDEF8, 0xD6D7, 0xDF18, 0xDF18, 0xD6D7, 0xD6D7, 0xD6F7, 0xD6F8, 0xD6F7, 0xD6D7, 0xD6D8, 0xDEF8, 0xDEF8, 0xD6B7, 0xCE97,
    0xD6B8, 0xDEF9, 0xDF39, 0xD6F8, 0xCED8, 0xCEB8, 0xCEB8, 0xCED8, 0xCED8, 0xD6D8, 0xD6D8, 0xD6D8, 0xD6F8, 0xD6F9, 0xD6F9, 0xDF19,
    0xDF19, 0xDF39, 0xCEB7, 0xC656, 0xBE36, 0xBE35, 0xBE35, 0xC656, 0xCE97, 0xCED8, 0xD6F9, 0xDF19, 0xDF19, 0xD719, 0xD6F9, 0xCED8,
    0xCEB8, 0xCEB8, 0xCEB8, 0xCEB8, 0xCEB8, 0xCEB7, 0xCEB8, 0xDEF9, 0xD6B8, 0xD6B8, 0xD6D8, 0xD6D8, 0xD6D8, 0xD6D8, 0xD6F9, 0xD6F8,
    0xD6D8, 0xCED8, 0xCEB8, 0xC697, 0xC697, 0xB656, 0xAE36, 0xB677, 0xBE98, 0xB697, 0xB697, 0xB697, 0xB6B7, 0xB697, 0xB697, 0xB6B8,
    0xBED8, 0xB6D8, 0xB6D8, 0xB6D8, 0xBED8, 0xBED8, 0xBED8, 0xBED8, 0xC6F9, 0xC719, 0xC719, 0xC719, 0xC6F8, 0xC6F8, 0xC6F8, 0xC6F9,
    0xC6F9, 0xC6F9, 0xC6F9, 0xCF39, 0xC719, 0xBEF8, 0xBED8, 0xBEB8, 0xBED8, 0xBED8, 0xBEF8, 0xC719, 0xC719, 0xC6F8, 0xBED8, 0xB697,
    0xB697, 0xB6B7, 0xAE97, 0xAE76, 0xB6B7, 0xAE76, 0xA656, 0xA655, 0xA656, 0xAE96, 0xA656, 0xAE96, 0xBEF8, 0xBF18, 0xB6F8, 0xAEB7,
    0xAE97, 0xB6B7, 0xB6B7, 0xB6B8, 0xBED8, 0xBED8, 0xBEB8, 0xB6B7, 0xB6B7, 0xB697, 0xAE76, 0xAE76, 0xAE76, 0xA656, 0xA656, 0xA656,
    0xA677, 0xAEB8, 0xA698, 0x9E57, 0x9E36, 0x9E56, 0x9E56, 0x9E57, 0xA677, 0xA698, 0x9E57, 0x95F5, 0xA657, 0xA656, 0xA656, 0xAE77,
    0xAE77, 0xB6B7, 0xBED8, 0xAE76, 0xAE76, 0xAE56, 0xAE76, 0xCF18, 0xD6D7, 0xDED8, 0xDEF8, 0xDF18, 0xDEF8, 0xDEF8, 0xDEF8, 0xDF18,
    0xD6D8, 0xCEB6, 0xCEB7, 0xD6F7, 0xD718, 0xD718, 0xD6F8, 0xDEF8, 0xDF18, 0xDEF8, 0xD6D7, 0xD6D7, 0xD6D8, 0xDF19, 0xD6D8, 0xCEB8,
    0xCED8, 0xD6F9, 0xD6F9, 0xCEF9, 0xD719, 0xD6F9, 0xD6D8, 0xD6F8, 0xD6F8, 0xDF19, 0xDF19, 0xDF39, 0xDF19, 0xD6D8, 0xD6F8, 0xCEB7,
    0xC676, 0xC676, 0xCEB7, 0xD6D8, 0xCED8, 0xD6F9, 0xDF19, 0xD6F9, 0xCED8, 0xCEB8, 0xCEB8, 0xD6F9, 0xD6F9, 0xCEB8, 0xCED8, 0xD6F9,
    0xD6F9, 0xD6F9, 0xDF19, 0xDEF9, 0xCE97, 0xD6B8, 0xD6F9, 0xD6B8, 0xCEB8, 0xDF19, 0xDF19, 0xD6F9, 0xCEF8, 0xCEF8, 0xCEF8, 0xCED8,
    0xC697, 0xB656, 0xAE56, 0xB677, 0xB697, 0xB6B8, 0xBEB8, 0xB6B8, 0xB6B8, 0xB6B8, 0xB6B8, 0xB6B8, 0xB6B8, 0xB6B8, 0xB6B8, 0xB6B7,
    0xBEB8, 0xBEB8, 0xBEB8, 0xBED8, 0xC6F8, 0xC6F8, 0xBED8, 0xBED8, 0xC6F8, 0xC6F8, 0xC6F8, 0xC6F9, 0xC719, 0xC719, 0xC719, 0xC719,
    0xC6F9, 0xBED8, 0xBED8, 0xBEB7, 0xBEB7, 0xBEB7, 0xBEB7, 0xBEB7, 0xBED8, 0xC6F8, 0xBED8, 0xB6B7, 0xBEB7, 0xBEB7, 0xB697, 0xB6B7,
    0xBED8, 0xB6B7, 0xB6B7, 0xB696, 0xB696, 0xBEB7, 0xAE76, 0xAE76, 0xB6B7, 0xC718, 0xC718, 0xBED8, 0xB6B7, 0xBEB8, 0xBEB8, 0xBEB8,
    0xC6D8, 0xC6D8, 0xC6B8, 0xC6B8, 0xC6F8, 0xBED8, 0xB697, 0xB6B7, 0xB6B7, 0xAEB7, 0xB6D8, 0xAEB7, 0xAEB8, 0xAEB8, 0xAEB8, 0xA677,
    0xA657, 0xA656, 0xA657, 0xA657, 0xA677, 0xAE98, 0x9E36, 0xA657, 0xAE98, 0xAE97, 0xAE77, 0xAE77, 0xAE77, 0xAE77, 0xB6B8, 0xB697,
    0xB6B7, 0xB697, 0xAE76, 0xBED8, 0xD6F8, 0xDEF8, 0xDEF8, 0xD6F8, 0xD6F8, 0xDF18, 0xDF39, 0xD718, 0xD6D8, 0xCEB7, 0xCEB7, 0xD6D8,
    0xD718, 0xDF19, 0xDF18, 0xDEF8, 0xDF18, 0xDEF8, 0xDED8, 0xD6D8, 0xD6F8, 0xDF19, 0xCEB7, 0xCEB7, 0xCED8, 0xD719, 0xD71A, 0xD719,
    0xD719, 0xDF3A, 0xDF3A, 0xDF19, 0xD6F8, 0xD6F8, 0xDF19, 0xDF39, 0xDF19, 0xD6F8, 0xDF19, 0xD6F8, 0xD6D8, 0xD6D8, 0xDF19, 0xDF19,
    0xD6F9, 0xD6F9, 0xD6F9, 0xD6D8, 0xCE97, 0xC697, 0xCE97, 0xD6F8, 0xD719, 0xD6D8, 0xD6D8, 0xD6F9, 0xD6F8, 0xD6F8, 0xD6F8, 0xD6B8,
    0xD6B8, 0xD6F9, 0xD6D8, 0xC677, 0xC676, 0xD6F8, 0xDF5A, 0xDF39, 0xD6F8, 0xCED8, 0xCED8, 0xCED8, 0xC6B7, 0xC6B8, 0xBED8, 0xBED8,
    0xC6D9, 0xBEF9, 0xBED8, 0xBED8, 0xBED8, 0xB6B8, 0xB6B8, 0xB6B8, 0xB6B8, 0xB6B8, 0xB6B8, 0xB6B8, 0xB697, 0xBEB7, 0xBED8, 0xBED8,
    0xBED8, 0xBED8, 0xBED8, 0xBED8, 0xBED8, 0xBED8, 0xBED8, 0xBED8, 0xBEB8, 0xBEB8, 0xBEB7, 0xBEB8, 0xC6F8, 0xC719, 0xCF19, 0xC6F9,
    0xBEB8, 0xB677, 0xBEB7, 0xBED8, 0xC719, 0xCF39, 0xC719, 0xBED8, 0xBEB7, 0xBEB7, 0xBEB7, 0xBED8, 0xC6F9, 0xC6F8, 0xC6F8, 0xC6F8,
    0xC6D8, 0xC6D8, 0xB676, 0xB676, 0xBE97, 0xC6F8, 0xC6D8, 0xC6B8, 0xC6B8, 0xC6B8, 0xC6B8, 0xC6B8, 0xC6B8, 0xC6B8, 0xC6B8, 0xC697,
    0xC6B7, 0xBEB7, 0xBEB8, 0xBED8, 0xBED8, 0xBED8, 0xB6B8, 0xAE97, 0xAEB8, 0xAE97, 0xAE98, 0xAE97, 0xAE77, 0xAE77, 0xAE77, 0xAE98,
    0xAE78, 0xAE98, 0xA636, 0xA637, 0xBED9, 0xB6B8, 0xB6B8, 0xB698, 0xB698, 0xB6B8, 0xB697, 0xAE56, 0xB697, 0xB6D8, 0xBED8, 0xC6F9,
    0xD719, 0xD719, 0xD719, 0xD719, 0xD6F8, 0xD719, 0xDF39, 0xD718, 0xD6F8, 0xD6F8, 0xD6F8, 0xD6F8, 0xD6F8, 0xDF19, 0xDF19, 0xE718,
    0xE718, 0xDF18, 0xDEF8, 0xDEF8, 0xDEF8, 0xDF19, 0xD6D8, 0xCED8, 0xCED8, 0xD719, 0xD71A, 0xD6F9, 0xD71A, 0xDF19, 0xDF19, 0xD6F8,
    0xD6D8, 0xD6D8, 0xD6D8, 0xD6F8, 0xD6F8, 0xD6D8, 0xDF19, 0xDF19, 0xDF19, 0xDF19, 0xDF39, 0xDF19, 0xD6F8, 0xD6F8, 0xD6F8, 0xD6D8,
    0xCEB7, 0xCED8, 0xD6D8, 0xD6F8, 0xD6D8, 0xCEB8, 0xD6F8, 0xDF19, 0xDF19, 0xDF19, 0xDF19, 0xCED8, 0xD6F9, 0xDF3A, 0xD719, 0xC697,
    0xC697, 0xD719, 0xD719, 0xCEF8, 0xC6B7, 0xC697, 0xC697, 0xC6B7, 0xC6D8, 0xC6D8, 0xC6D8, 0xC6D9, 0xBED8, 0xBED8, 0xBED8, 0xBED8,
    0xB6B8, 0xB6B8, 0xB6B8, 0xB6B8, 0xB6B8, 0xB6D8, 0xB6D8, 0xB6D8, 0xB697, 0xBEB7, 0xC6F8, 0xC6F8, 0xBED8, 0xBEB7, 0xBED8, 0xBED8,
    0xBED8, 0xBED8, 0xBED8, 0xBEB8, 0xBEB7, 0xB697, 0xB697, 0xBEB8, 0xC6D8, 0xC6F8, 0xC6F9, 0xC6F8, 0xC6D8, 0xBED8, 0xC6F8, 0xC6F9,
    0xCF19, 0xCF3A, 0xCF19, 0xC6D8, 0xBEB7, 0xBEB7, 0xC6D8, 0xC6D8, 0xC6F8, 0xC6D8, 0xC6D8, 0xCF19, 0xCF19, 0xC6D8, 0xB676, 0xBE97,
    0xC6B8, 0xC6F8, 0xC6D8, 0xC6B8, 0xC6D8, 0xC6B8, 0xC698, 0xC697, 0xC697, 0xC697, 0xC6B8, 0xC6B8, 0xC697, 0xBE77, 0xC6B8, 0xC6D8,
    0xC6D8, 0xBEB8, 0xAE56, 0xAE56, 0xAE77, 0xAE77, 0xAE77, 0xAE77, 0xAE77, 0xB697, 0xAE77, 0xAE77, 0xAE77, 0xB698, 0xAE57, 0xAE77,
    0xBED9, 0xB6B8, 0xB698, 0xB698, 0xBED9, 0xC719, 0xAE77, 0xA636, 0xAE76, 0xBEF8, 0xC739, 0xCF3A, 0xC6D8, 0xCEF9, 0xD719, 0xD739,
    0xD719, 0xCEF8, 0xCEF8, 0xD6F9, 0xD719, 0xDF39, 0xDF19, 0xD719, 0xD6F9, 0xDF19, 0xDF19, 0xE718, 0xE718, 0xE718, 0xDF18, 0xDF18,
    0xDEF8, 0xDEF9, 0xDF19, 0xD6D8, 0xCEB8, 0xCEB8, 0xC698, 0xC698, 0xCED8, 0xCE97, 0xC677, 0xCE97, 0xCEB7, 0xD6D8, 0xD6D8, 0xD6D8,
    0xD6D8, 0xD6D8, 0xDF19, 0xDF19, 0xD6F9, 0xDF19, 0xDF19, 0xD6F8, 0xD6D8, 0xD6D8, 0xCEB7, 0xCEB7, 0xD6D8, 0xD6F8, 0xDF19, 0xD6F8,
    0xCEB7, 0xD6D8, 0xDEF9, 0xDF19, 0xDF19, 0xDF19, 0xDF39, 0xD6F9, 0xD719, 0xDF5A, 0xDF5A, 0xD719, 0xCEF8, 0xD739, 0xC6D8, 0xC6B7,
    0xBE97, 0xBE96, 0xBE96, 0xBE97, 0xBEB7, 0xBEB7, 0xB677, 0xB697, 0xB697, 0xB697, 0xB697, 0xB697, 0xB697, 0xBED8, 0xBED8, 0xB6D8,
    0xB6D8, 0xB6D8, 0xB6D8, 0xB6D8, 0xB697, 0xBED8, 0xC719, 0xC719, 0xBED8, 0xBEB7, 0xBED8, 0xC6F8, 0xC6F8, 0xC6F8, 0xBED8, 0xBEB8,
    0xBEB7, 0xB697, 0xB697, 0xBEB8, 0xBEB8, 0xBEB7, 0xBEB8, 0xC6D8, 0xCF19, 0xCF39, 0xCF3A, 0xCF19, 0xCF19, 0xCF19, 0xC6F9, 0xBEB8,
    0xBE97, 0xC6D8, 0xC6D8, 0xBE97, 0xBE97, 0xBEB7, 0xC6B8, 0xC6D8, 0xC6D8, 0xBE97, 0xBE97, 0xBE77, 0xBE97, 0xC6D8, 0xC6D8, 0xC6D8,
    0xC6D8, 0xC6B8, 0xBE77, 0xBE77, 0xBE77, 0xB677, 0xBE97, 0xC697, 0xBE56, 0xBE36, 0xBE56, 0xBE97, 0xBE97, 0xB656, 0xA5F5, 0xA5F5,
    0xA616, 0xA636, 0xAE57, 0xAE57, 0xAE57, 0xAE77, 0xAE77, 0xA657, 0xAE57, 0xAE78, 0xA657, 0xAE77, 0xB678, 0xAE57, 0xAE37, 0xAE57,
    0xBEB8, 0xBEF9, 0xB677, 0xB697, 0xB6D8, 0xC719, 0xC739, 0xBEF8, 0xBE97, 0xC6D8, 0xCF19, 0xCF19, 0xCEF9, 0xC6B8, 0xBE97, 0xCED8,
    0xD719, 0xD71A, 0xD71A, 0xDF1A, 0xD6F9, 0xD6F9, 0xDEF9, 0xE718, 0xE6F8, 0xE718, 0xE718, 0xE718, 0xDF18, 0xD6F8, 0xDF19, 0xCEB8,
    0xC677, 0xBE36, 0xB616, 0xB616, 0xBE57, 0xBE36, 0xBE36, 0xCE97, 0xD6D8, 0xDF19, 0xDF19, 0xD6F8, 0xD6F8, 0xD6F8, 0xDF19, 0xD6F8,
    0xD6F8, 0xDF19, 0xDF19, 0xD6F8, 0xD6D8, 0xD6B7, 0xCE97, 0xCE77, 0xCE97, 0xD6B8, 0xD6D8, 0xD6D8, 0xD6D8, 0xDEF8, 0xDF19, 0xDF19,
    0xD6D8, 0xD6D8, 0xD6F8, 0xCEF8, 0xCEF8, 0xCEF8, 0xD719, 0xD719, 0xCEF8, 0xCEF8, 0xC6D7, 0xC6D7, 0xC6D8, 0xC6D7, 0xBEB7, 0xB676,
    0xB676, 0xAE56, 0xAE56, 0xAE56, 0xAE56, 0xB677, 0xB697, 0xB6B7, 0xB6B8, 0xBED8, 0xBED8, 0xB6D8, 0xB6D8, 0xB6D8, 0xB6D8, 0xB6D8,
    0xB6B7, 0xBED8, 0xCF39, 0xC719, 0xC6F8, 0xBED8, 0xBED8, 0xBED8, 0xBED8, 0xBED8, 0xBEB7, 0xBEB7, 0xBEB7, 0xB697, 0xBE97, 0xB697,
    0xBE97, 0xBEB8, 0xC6D8, 0xC6F9, 0xCF19, 0xCF19, 0xD75A, 0xCF39, 0xC6D8, 0xC6D8, 0xBEB8, 0xBE97, 0xBE97, 0xC6D8, 0xC6D8, 0xBE77,
    0xB677, 0xBE97, 0xBEB8, 0xC6B8, 0xC6B8, 0xBE77, 0xBE77, 0xB677, 0xB676, 0xBE97, 0xBEB7, 0xC6B8, 0xC6D8, 0xBEB8, 0xB677, 0xAE57,
    0xAE56, 0xAE77, 0xB677, 0xC697, 0xBE76, 0xB636, 0xB636, 0xBE56, 0xB656, 0xB656, 0xA5F5, 0xA5F5, 0x9DF5, 0xA616, 0xA636, 0xAE57,
    0xA657, 0xA636, 0xA636, 0xA616, 0xA636, 0xA656, 0x9E16, 0x9E36, 0xB657, 0xAE37, 0xAE16, 0xAE37, 0xB678, 0xB698, 0xB677, 0xBED8,
    0xBEF9, 0xC719, 0xC6F9, 0xAE77, 0xB677, 0xB6B7, 0xBED8, 0xBED8, 0xBE97, 0xB677, 0xB657, 0xBE97, 0xC6B8, 0xCEB8, 0xD6D9, 0xD6FA,
    0xDF1A, 0xD6D9, 0xDED8, 0xE718, 0xE6F7, 0xE6F8, 0xE718, 0xE718, 0xDF18, 0xD6D8, 0xD6D8, 0xC697, 0xBE56, 0xBE56, 0xB636, 0xB636,
    0xBE57, 0xC677, 0xCE97, 0xD6D8, 0xDF19, 0xDF39, 0xDF39, 0xDF19, 0xD6F8, 0xD6F8, 0xD6D8, 0xCE97, 0xCE97, 0xD6D8, 0xDF19, 0xD6F9,
    0xD6D8, 0xD6B7, 0xCE97, 0xCE77, 0xCE97, 0xD6B7, 0xCEB7, 0xD6D8, 0xDEF8, 0xDF19, 0xE739, 0xDF19, 0xD6B7, 0xCE97, 0xCEB7, 0xCED8,
    0xC6D8, 0xC6D8, 0xC6B7, 0xC6B7, 0xBEB7, 0xBE97, 0xBEB7, 0xC6D8, 0xC6F8, 0xC6F8, 0xBEB7, 0xB676, 0xAE55, 0xAE56, 0xAE56, 0xAE56,
    0xB657, 0xB677, 0xB6B8, 0xBED8, 0xBED8, 0xB6B8, 0xB6B8, 0xB6B8, 0xB6B8, 0xB6B8, 0xB6B8, 0xB6B8, 0xB6B7, 0xBED8, 0xC719, 0xC719,
    0xC6F8, 0xBED8, 0xBEB7, 0xBEB7, 0xB697, 0xB6B7, 0xBEB7, 0xBEB7, 0xBEB7, 0xBEB8, 0xBEB8, 0xBE97, 0xBEB7, 0xC6D8, 0xC6F9, 0xC6F9,
    0xC6F8, 0xC6D8, 0xCF19, 0xC6F8, 0xBE97, 0xBE97, 0xBE97, 0xBE97, 0xBE97, 0xC6B8, 0xBEB8, 0xBE97, 0xBE97, 0xBEB8, 0xBEB8, 0xBEB8,
    0xBEB8, 0xBE97, 0xB697, 0xB676, 0xAE56, 0xB677, 0xB697, 0xB697, 0xBEB8, 0xB6B8, 0xB697, 0xA656, 0xA656, 0xA676, 0xA656, 0xBEB8,
    0xBE97, 0xBE97, 0xBE97, 0xBEB8, 0xBEB7, 0xB697, 0xB677, 0xAE57, 0xA636, 0xA636, 0xA636, 0xA657, 0xAE57, 0xA656, 0xA636, 0x9E16,
    0x9E16, 0x9E16, 0x95F5, 0x95F5, 0xBE98, 0xB678, 0xB677, 0xB657, 0xB698, 0xB698, 0xAE57, 0xB698, 0xB697, 0xB6B8, 0xBED8, 0xAE77,
    0xAE97, 0xB697, 0xAE77, 0xAE56, 0xAE36, 0xAE56, 0xB677, 0xB656, 0xB636, 0xBE56, 0xC698, 0xD6F9, 0xDF1A, 0xD6D9, 0xDED8, 0xE718,
    0xE6F7, 0xE6F7, 0xE718, 0xE718, 0xDEF8, 0xD6D8, 0xCE97, 0xC697, 0xC697, 0xCED8, 0xCED9, 0xCED9, 0xCEF9, 0xCEF9, 0xD6F9, 0xDF19,
    0xDF39, 0xDF39, 0xD719, 0xD6F9, 0xCED8, 0xCE97, 0xC656, 0xBE15, 0xBE15, 0xCE77, 0xD6F9, 0xDEF9, 0xD6D8, 0xD6B8, 0xCE97, 0xD6B8,
    0xDEF8, 0xDF19, 0xDF19, 0xD6B8, 0xCE97, 0xD6D8, 0xDF19, 0xDF19, 0xD6D8, 0xD6D8, 0xD6F8, 0xCED8, 0xCF19, 0xCEF8, 0xBE76, 0xAE35,
    0xB655, 0xB676, 0xB656, 0xB676, 0xBEB7, 0xBEB7, 0xB696, 0xB676, 0xB676, 0xB676, 0xAE56, 0xAE56, 0xAE56, 0xB677, 0xB697, 0xBED8,
    0xBED8, 0xB6B8, 0xB6B8, 0xB6B8, 0xB6B8, 0xB6B8, 0xB6B8, 0xB6B7, 0xBEB7, 0xBEB7, 0xBED8, 0xC6D8, 0xC6D8, 0xBEB7, 0xB677, 0xB676,
    0xBE97, 0xBEB7, 0xBEB8, 0xC6D8, 0xC6F8, 0xC6F9, 0xCF19, 0xCF19, 0xC6F9, 0xC6D8, 0xBE97, 0xBE97, 0xBEB7, 0xBEB8, 0xC6D8, 0xBE97,
    0xB676, 0xBE97, 0xBEB8, 0xBE97, 0xBE97, 0xBE97, 0xBEB7, 0xBEB8, 0xBEB8, 0xBEB8, 0xBEB8, 0xB697, 0xB698, 0xBEB8, 0xB698, 0xB677,
    0xB697, 0xB697, 0xB697, 0xB697, 0xB697, 0xB6B7, 0xAE97, 0x9E76, 0x9E56, 0x9655, 0x9E56, 0xB6B7, 0xBEB7, 0xC6D7, 0xC6D8, 0xC6D8,
    0xBED8, 0xBED8, 0xBED8, 0xBEB8, 0xB698, 0xAE77, 0xAE77, 0xAE77, 0xAE57, 0xA657, 0xA656, 0x9E16, 0x9615, 0x9616, 0x95F5, 0x9615,
    0xB6B8, 0xAE98, 0xAE98, 0xB6D8, 0xB6F9, 0xAE98, 0xA656, 0xA677, 0xA677, 0xAE97, 0xB6B8, 0xAEB8, 0xAE78, 0xA657, 0xA657, 0xA637,
    0xA657, 0xA657, 0xAE77, 0xA656, 0xA636, 0xAE36, 0xB656, 0xC6B8, 0xD71A, 0xDF3A, 0xDF19, 0xE6F8, 0xE6F8, 0xE6F8, 0xE718, 0xE718,
    0xDF18, 0xDEF8, 0xD6D8, 0xD6D8, 0xD6F8, 0xDF39, 0xDF39, 0xD739, 0xD739, 0xD77A, 0xD77A, 0xCF19, 0xC6F8, 0xBED8, 0xBEB8, 0xBE97,
    0xB657, 0xB656, 0xB636, 0xADF5, 0xBE36, 0xCE78, 0xCE78, 0xCE98, 0xDEF9, 0xDEF8, 0xD6D8, 0xDED8, 0xDEF9, 0xDF19, 0xDF19, 0xD6D8,
    0xCEB7, 0xD6D8, 0xD6F8, 0xDEF9, 0xDEF9, 0xD6D8, 0xCEB8, 0xC698, 0xC6D8, 0xC6B8, 0xBE97, 0xBEB8, 0xBED8, 0xB697, 0xB676, 0xB676,
    0xAE76, 0xB676, 0xB676, 0xB697, 0xBEB8, 0xBED8, 0xBEB8, 0xBED8, 0xBEB8, 0xB697, 0xB677, 0xAE76, 0xAE77, 0xB6B8, 0xB6D8, 0xB6B8,
    0xB6B7, 0xB6D8, 0xB6D8, 0xB6B7, 0xBE77, 0xC697, 0xC697, 0xC6B7, 0xD718, 0xD719, 0xC6B7, 0xCED8, 0xD718, 0xCEF8, 0xD6D8, 0xD6D8,
    0xD6F8, 0xDEF9, 0xD719, 0xD75A, 0xC739, 0xBED8, 0xB697, 0xB697, 0xBEB7, 0xC6F8, 0xBED8, 0xB697, 0xB697, 0xB697, 0xB6B7, 0xBEB7,
    0xBEB8, 0xBEB8, 0xBEB8, 0xBEB8, 0xB697, 0xB697, 0xB697, 0xAE77, 0xB677, 0xB698, 0xB697, 0xAE77, 0xB677, 0xB697, 0xB697, 0xB697,
    0xB697, 0xAE97, 0xAEB7, 0xA697, 0x9E97, 0x9676, 0x9635, 0xAE76, 0xBEB7, 0xBED8, 0xBEB7, 0xB697, 0xB697, 0xB6B7, 0xB6B8, 0xBED8,
    0xBEB8, 0xBED8, 0xB6D8, 0xB6B8, 0xAE77, 0xAE77, 0xA677, 0xA656, 0xA677, 0xA677, 0x9E57, 0x9636, 0xA677, 0xA656, 0xA677, 0xAEB8,
    0xAED8, 0xAEB8, 0xA697, 0xAEB8, 0xB6D8, 0xAEB8, 0xA697, 0xA677, 0xAE98, 0xA678, 0xA658, 0xA658, 0xA677, 0xA677, 0xA677, 0xA697,
    0xAE77, 0xAE56, 0xB656, 0xC6B7, 0xD739, 0xDF5A, 0xDF39, 0xE718, 0xE718, 0xE719, 0xE719, 0xE719, 0xE718, 0xDF18, 0xDEF8, 0xDF18,
    0xDF18, 0xDF39, 0xDF18, 0xD718, 0xD718, 0xC6F8, 0xBED9, 0xB698, 0xAE77, 0xAE77, 0xAE77, 0xAE57, 0xAE56, 0xAE57, 0xB677, 0xB637,
    0xC698, 0xD6DA, 0xCE99, 0xD6B9, 0xDED9, 0xDED8, 0xD6B8, 0xD6B8, 0xD6D8, 0xDED8, 0xDED8, 0xDEF9, 0xDF19, 0xD6F9, 0xD6D8, 0xD6D8,
    0xD6D8, 0xCEB7, 0xC677, 0xC698, 0xC678, 0xBE77, 0xBE98, 0xC6F9, 0xC6F9, 0xB677, 0xAE56, 0xAE56, 0xAE56, 0xAE56, 0xB677, 0xBE97,
    0xC6D8, 0xC6D8, 0xBEB8, 0xC6D8, 0xBED8, 0xBEB8, 0xB677, 0xB677, 0xB697, 0xB6B7, 0xB6D8, 0xB6D8, 0xB6B7, 0xB6D8, 0xB6F8, 0xB6B7,
    0xBE76, 0xCEB7, 0xCEB7, 0xCEB7, 0xDF39, 0xDF39, 0xD718, 0xDF39, 0xE759, 0xDF19, 0xDEF9, 0xE6F9, 0xE6F9, 0xE6F9, 0xDEF9, 0xCF19,
    0xBF19, 0xBED8, 0xB6B7, 0xB6B8, 0xBED8, 0xBEF9, 0xBED8, 0xB6D8, 0xB6B8, 0xB6B7, 0xB697, 0xB697, 0xB697, 0xB6B8, 0xBED8, 0xB6B7,
    0xB697, 0xB697, 0xAE77, 0xAE56, 0xAE76, 0xAE97, 0xAE97, 0xAE77, 0xAE56, 0xAE76, 0xB677, 0xB697, 0xB698, 0xB697, 0xAEB8, 0xAEB8,
    0xAEB8, 0xA698, 0xA677, 0xA656, 0xAE97, 0xB6B8, 0xB6B7, 0xAE56, 0xA636, 0xAE56, 0xAE56, 0xAE77, 0xB677, 0xB677, 0xB697, 0xB697,
    0xAE97, 0xAE97, 0xAE97, 0xAE98, 0xAEB8, 0xAEB8, 0xA698, 0x9E57, 0xAE77, 0xAE77, 0xAE77, 0xAE77, 0xAE97, 0xAE97, 0xAE98, 0xBEF9,
    0xBF19, 0xB6B8, 0xA657, 0xA636, 0xAE99, 0xAE79, 0xA678, 0xA678, 0xA678, 0xA698, 0xA697, 0xAE98, 0xAE97, 0xAE76, 0xB676, 0xBEB7,
    0xCF19, 0xD739, 0xDF19, 0xE719, 0xE719, 0xE739, 0xE719, 0xE719, 0xDF18, 0xDEF8, 0xDEF8, 0xDF18, 0xDF18, 0xDF18, 0xD6F8, 0xD6D7,
    0xCEB7, 0xB656, 0xAE36, 0xAE56, 0xAE56, 0xAE56, 0xAE56, 0xAE57, 0xAE77, 0xBE98, 0xBE98, 0xBE78, 0xCED9, 0xDF1A, 0xDEFA, 0xE71A,
    0xDF1A, 0xDEF9, 0xDED9, 0xDED9, 0xDEF9, 0xDF19, 0xE73A, 0xE73A, 0xDF3A, 0xDF19, 0xCEB8, 0xCEB8, 0xCEB8, 0xCEB8, 0xC697, 0xCEB8,
    0xC6B8, 0xBE77, 0xBE57, 0xBE98, 0xB697, 0xAE56, 0xA636, 0xAE77, 0xB677, 0xB677, 0xBE98, 0xBE97, 0xBEB8, 0xBE97, 0xB656, 0xB677,
    0xBE97, 0xB697, 0xB6B8, 0xBED8, 0xBEF8, 0xAE77, 0xB6B8, 0xB6B8, 0xB6B8, 0xB6D8, 0xB6F8, 0xB6B7, 0xBE97, 0xD6D8, 0xD6F8, 0xD6F8,
    0xDF39, 0xDF39, 0xD719, 0xDF39, 0xDF39, 0xDF19, 0xDF19, 0xE719, 0xE719, 0xE6F9, 0xDEF9, 0xBE98, 0xB6B8, 0xB6D8, 0xB6D8, 0xBED8,
    0xBED8, 0xBED8, 0xB6B8, 0xB6B8, 0xB6B8, 0xB6B8, 0xB6B8, 0xB6B8, 0xB697, 0xB697, 0xBEB8, 0xB6B7, 0xB697, 0xB676, 0xAE76, 0xAE56,
    0xAE76, 0xAE77, 0xAE97, 0xAE77, 0xAE77, 0xAE77, 0xB697, 0xB6B8, 0xB698, 0xB697, 0xB698, 0xB6B9, 0xB698, 0xAE78, 0xA657, 0xA636,
    0xA656, 0xAE97, 0xAE77, 0xAE56, 0xAE36, 0xAE36, 0xAE36, 0xAE36, 0xAE56, 0xAE57, 0xAE77, 0xB677, 0xB697, 0xB698, 0xB698, 0xB698,
    0xB698, 0xAE98, 0xA678, 0xA657, 0xB677, 0xBE98, 0xBEB8, 0xB678, 0xB657, 0xAE57, 0xAE36, 0xB657, 0xB698, 0xB677, 0xB657, 0xAE57,
    0xAE37, 0xAE57, 0xAE57, 0xA657, 0xA677, 0xAE97, 0xAEB8, 0xA677, 0xAE97, 0xAE97, 0xAE76, 0xB676, 0xC6B8, 0xCEF9, 0xD719, 0xDF19,
    0xE718, 0xE719, 0xE718, 0xDF18, 0xDEF8, 0xDEF8, 0xDEF8, 0xDF18, 0xDF19, 0xDF18, 0xDEF8, 0xD6B7, 0xCE96, 0xBE77, 0xBE97, 0xBE97,
    0xB677, 0xAE36, 0xAE36, 0xAE56, 0xB677, 0xC6B8, 0xC6D8, 0xCEB8, 0xD6D9, 0xDF1A, 0xDF1A, 0xE71A, 0xE73A, 0xE73A, 0xE719, 0xDEF9,
    0xDEF9, 0xDF1A, 0xE75A, 0xDF39, 0xD6F9, 0xD6D8, 0xCEB8, 0xCEB8, 0xD6F8, 0xD6F8, 0xCED8, 0xCEF9, 0xCEB9, 0xC698, 0xBE77, 0xB677,
    0xB677, 0xAE56, 0xAE77, 0xBEF9, 0xC719, 0xC6F9, 0xC6D9, 0xB677, 0xB677, 0xB677, 0xB657, 0xB677, 0xB677, 0xB677, 0xB677, 0xB697,
    0xB6B8, 0xAE76, 0xB697, 0xB6B8, 0xB6B8, 0xB6D8, 0xB6D8, 0xB6B7, 0xBE97, 0xD6F9, 0xDF39, 0xD739, 0xD739, 0xD719, 0xCF18, 0xCEF8,
    0xCED8, 0xCED8, 0xD6F8, 0xDF19, 0xE719, 0xE6F9, 0xD6F9, 0xBE77, 0xB697, 0xB6B8, 0xBEB8, 0xBEB8, 0xBED8, 0xBED8, 0xB697, 0xB697,
    0xB697, 0xBEB8, 0xBED8, 0xBED8, 0xBED8, 0xBEB8, 0xB6B7, 0xB697, 0xB697, 0xB697, 0xB697, 0xB697, 0xB697, 0xB6B7, 0xB697, 0xAE97,
    0xB697, 0xB677, 0xB697, 0xB697, 0xB697, 0xB697, 0xB698, 0xB698, 0xAE77, 0xAE57, 0xA636, 0xA636, 0xAE56, 0xB677, 0xB677, 0xB677,
    0xB677, 0xB677, 0xB657, 0xAE57, 0xAE57, 0xB677, 0xB656, 0xAE56, 0xB677, 0xBEB8, 0xBE98, 0xB677, 0xA636, 0xA636, 0xA657, 0x9E36,
    0xB657, 0xBE98, 0xC6B8, 0xBE78, 0xB657, 0xB657, 0xAE16, 0xB636, 0xB657, 0xB657, 0xB657, 0xBE78, 0xAE37, 0xAE57, 0xAE57, 0xAE57,
    0xA657, 0xA657, 0xAE97, 0xA656, 0xAE77, 0xB6D8, 0xB697, 0xAE56, 0xBE97, 0xCEF9, 0xD73A, 0xD6F8, 0xDEF8, 0xDF18, 0xDEF8, 0xDEF8,
    0xD6D8, 0xD6D7, 0xDEF8, 0xDF19, 0xDF19, 0xE739, 0xDF19, 0xDED8, 0xD6B7, 0xD6F9, 0xDF3A, 0xD6F9, 0xC697, 0xB636, 0xB635, 0xBE76,
    0xC6B8, 0xD719, 0xCEF9, 0xD6F9, 0xD6D9, 0xD6F9, 0xDF1A, 0xDF1A, 0xDEF9, 0xDED9, 0xD6D8, 0xD698, 0xCE77, 0xCE98, 0xD6D8, 0xCEB8,
    0xCEB8, 0xCED8, 0xCED8, 0xCED8, 0xD6F9, 0xD6F9, 0xCED9, 0xCED9, 0xC6B8, 0xC698, 0xBE77, 0xB656, 0xAE56, 0xAE77, 0xB697, 0xC73A,
    0xC73A, 0xC6F9, 0xC719, 0xB677, 0xB656, 0xBE97, 0xB677, 0xB677, 0xB657, 0xB657, 0xAE56, 0xAE57, 0xAE76, 0xAE77, 0xB697, 0xB6B7,
    0xB6B7, 0xB6D8, 0xB6D8, 0xB6B7, 0xB677, 0xCEF8, 0xD75A, 0xD73A, 0xD73A, 0xCF19, 0xC6D8, 0xBEB7, 0xBE97, 0xBE97, 0xCEB8, 0xD6F9,
    0xDF1A, 0xDF19, 0xD719, 0xC6B8, 0xBEB8, 0xB697, 0xB697, 0xB697, 0xBEB8, 0xBED8, 0xBEB8, 0xB697, 0xB698, 0xBEB8, 0xC6F9, 0xC6F9,
    0xC6F9, 0xBEB8, 0xB697, 0xB697, 0xBEB8, 0xC6D8, 0xC6D8, 0xBED8, 0xBED8, 0xBEF8, 0xB6B7, 0xB697, 0xB697, 0xB677, 0xB677, 0xB697,
    0xB677, 0xAE56, 0xAE36, 0xA636, 0xAE36, 0xAE57, 0xB677, 0xAE56, 0xB697, 0xBEB8, 0xBEB8, 0xBEB8, 0xBE98, 0xB677, 0xB677, 0xB677,
    0xAE57, 0xB677, 0xB656, 0xAE16, 0xAE16, 0xAE36, 0xAE36, 0xAE36, 0xA5F5, 0x9DD5, 0x9DF6, 0x9DF6, 0xC698, 0xC6B9, 0xCEFA, 0xCED9,
    0xC6B8, 0xC698, 0xC698, 0xC6B9, 0xCED9, 0xC698, 0xB637, 0xB636, 0xBE98, 0xBEB8, 0xBEB8, 0xB697, 0xAE56, 0xA636, 0xA636, 0xAE57,
    0xB6B8, 0xBEF9, 0xBEB8, 0xB677, 0xBE98, 0xCF1A, 0xD73A, 0xCED8, 0xD6F8, 0xD6F8, 0xD6F8, 0xD6F8, 0xD6D8, 0xD6D7, 0xDF18, 0xDF19,
    0xE719, 0xE719, 0xE719, 0xDF18, 0xDEF8, 0xE719, 0xE71A, 0xD6D8, 0xCE97, 0xC656, 0xC676, 0xCEB7, 0xD6F9, 0xDF5A, 0xDF39, 0xDF3A,
    0xDEF9, 0xD6D9, 0xE719, 0xE719, 0xD6B8, 0xD6D8, 0xD6D8, 0xCE98, 0xCE77, 0xC677, 0xCE98, 0xCE98, 0xCEB8, 0xD6F9, 0xD6F9, 0xCED8,
    0xCED8, 0xCEB8, 0xC698, 0xC698, 0xC677, 0xBE77, 0xBE57, 0xAE36, 0xAE36, 0xAE77, 0xAE56, 0xBED8, 0xB6B8, 0xB697, 0xC6F9, 0xBE97,
    0xB656, 0xBE97, 0xB677, 0xB677, 0xB677, 0xB677, 0xB677, 0xB677, 0xAE76, 0xB697, 0xB6B7, 0xB6B7, 0xB697, 0xB6B8, 0xBED8, 0xB6B8,
    0xBE97, 0xCEF9, 0xD73A, 0xCF19, 0xCF39, 0xC6F8, 0xB697, 0xB697, 0xB697, 0xBE97, 0xC6D8, 0xCEF9, 0xD73A, 0xDF3A, 0xD73A, 0xCEF9,
    0xC6D8, 0xBE97, 0xB677, 0xB677, 0xBEB8, 0xC6F9, 0xCF1A, 0xC6F9, 0xC6D8, 0xBEB8, 0xC6D8, 0xC6D9, 0xBED8, 0xBEB8, 0xB697, 0xBEB7,
    0xC6D8, 0xCEF9, 0xCF19, 0xCEF8, 0xC6F8, 0xC6F8, 0xBED7, 0xBE97, 0xBEB8, 0xBE97, 0xB677, 0xB677, 0xB697, 0xAE77, 0xAE56, 0xAE56,
    0xAE56, 0xB697, 0xBEB8, 0xB697, 0xB697, 0xB697, 0xB698, 0xB677, 0xB677, 0xAE57, 0xAE57, 0xAE57, 0xAE57, 0xB677, 0xB636, 0xAE36,
    0xAE36, 0xB657, 0xB657, 0xAE36, 0x9DF5, 0x9DF5, 0x9DF5, 0x9DF5, 0xCEF9, 0xCED9, 0xD71A, 0xD71A, 0xCEF9, 0xCEFA, 0xCEF9, 0xCEF9,
    0xCEF9, 0xC6B8, 0xBE57, 0xB657, 0xC6D9, 0xCF19, 0xCF19, 0xC6F8, 0xBEB7, 0xB697, 0xB697, 0xBED9, 0xBEF9, 0xBED9, 0xB698, 0xB698,
    0xBED9, 0xC6D9, 0xC6D8, 0xCEF8, 0xD6F8, 0xD718, 0xD718, 0xD718, 0xD6F8, 0xDEF8, 0xE739, 0xDF19, 0xDF19, 0xDEF9, 0xDEF9, 0xE6F9,
    0xE6F9, 0xE6F9, 0xDED8, 0xDEB8, 0xD697, 0xD6B7, 0xD6D8, 0xD6F8, 0xDF19, 0xDF39, 0xDF19, 0xDF39, 0xD6D8, 0xD6B7, 0xDF19, 0xDF19,
    0xD6D8, 0xD6F9, 0xDF1A, 0xDEF9, 0xD6D9, 0xD6D9, 0xD6F9, 0xCED8, 0xCEB8, 0xCEF9, 0xCED8, 0xC6B8, 0xC6B8, 0xC6B8, 0xC6B8, 0xC698,
    0xC698, 0xC6B8, 0xBE98, 0xB636, 0xAE36, 0xB677, 0xA636, 0xB6B7, 0xAE36, 0xAE36, 0xC6F9, 0xBE97, 0xB656, 0xBEB8, 0xBE97, 0xB697,
    0xBEB8, 0xBED8, 0xBED8, 0xB697, 0xB677, 0xBEB8, 0xBEB8, 0xB6B7, 0xB697, 0xB6B7, 0xBED8, 0xBEB8, 0xC6F8, 0xCF3A, 0xC719, 0xBED8,
    0xC6F8, 0xBED8, 0xB697, 0xB6B7, 0xB6D8, 0xBEB7, 0xBED8, 0xC6F9, 0xCEF9, 0xD719, 0xD719, 0xCEF9, 0xC6D8, 0xBE98, 0xBE77, 0xBEB8,
    0xC6F9, 0xCF3A, 0xD75B, 0xCF3A, 0xC6D9, 0xBEB8, 0xBEB8, 0xBEB8, 0xBE98, 0xBE97, 0xBED8, 0xC6D8, 0xC6D8, 0xCED8, 0xCEF8, 0xCEF8,
    0xC6D8, 0xCEF8, 0xC6D7, 0xBEB7, 0xC6D8, 0xBEB8, 0xB697, 0xB697, 0xB697, 0xB6B8, 0xB6D8, 0xB6D8, 0xB697, 0xB6B7, 0xB697, 0xB677,
    0xAE76, 0xAE77, 0xAE77, 0xAE57, 0xAE57, 0xAE57, 0xA656, 0xA636, 0xA636, 0xB697, 0xBE97, 0xBE77, 0xBE97, 0xBE97, 0xB698, 0xB698,
    0xB698, 0xAE77, 0xA657, 0x9E16, 0xBE77, 0xB656, 0xBE77, 0xBE77, 0xC6D8, 0xD75A, 0xC6D9, 0xBE98, 0xBE98, 0xBE98, 0xBE98, 0xC6D8,
    0xCEF9, 0xCF19, 0xD75A, 0xD73A, 0xCF19, 0xCF19, 0xCF5A, 0xCF5A, 0xC6F9, 0xAE57, 0xAE16, 0xB678, 0xBEB9, 0xAE57, 0xB656, 0xCF18,
    0xD718, 0xD719, 0xD739, 0xDF39, 0xDF39, 0xDF19, 0xE73A, 0xE739, 0xDEF9, 0xDEF8, 0xDED8, 0xDED8, 0xE6D9, 0xE6B8, 0xE698, 0xE698,
    0xE6D8, 0xE719, 0xE739, 0xDF19, 0xDEF8, 0xD6D8, 0xCEB7, 0xDEF8, 0xCE97, 0xCE76, 0xDEF8, 0xDEF8, 0xCE77, 0xCEB8, 0xD6F9, 0xD6F9,
    0xD6D9, 0xD6D9, 0xD71A, 0xCEB8, 0xC697, 0xC6B8, 0xC698, 0xC677, 0xC6B8, 0xCEF9, 0xD719, 0xCEF9, 0xD6FA, 0xD73A, 0xCEF9, 0xBE97,
    0xAE56, 0xB6B8, 0xB697, 0xBEF8, 0xAE36, 0xAE15, 0xC6F9, 0xBE98, 0xB636, 0xBED8, 0xC6F9, 0xC6F9, 0xC719, 0xC719, 0xC6F9, 0xB697,
    0xAE56, 0xBED8, 0xBED8, 0xB6B8, 0xB677, 0xB697, 0xBED8, 0xBEB8, 0xCF3A, 0xD75A, 0xC6D8, 0xB697, 0xBEB8, 0xBED8, 0xB6D8, 0xB6D8,
    0xB6D8, 0xB6B7, 0xB697, 0xB6B7, 0xBED8, 0xC6D8, 0xC6B8, 0xC6D9, 0xC6B8, 0xBE98, 0xBE98, 0xC6D9, 0xCF1A, 0xD75B, 0xD75B, 0xCEF9,
    0xBE98, 0xB677, 0xBE97, 0xBE98, 0xBE77, 0xB677, 0xBEB8, 0xC6D8, 0xC6B8, 0xC697, 0xC6B8, 0xC6B7, 0xC6B7, 0xC6D8, 0xC6F7, 0xC6D7,
    0xC6F9, 0xBEB8, 0xB677, 0xAE77, 0xB677, 0xB6B8, 0xBEF8, 0xBF19, 0xB697, 0xA656, 0xA635, 0xA635, 0xA676, 0xAE97, 0xAE77, 0xAE77,
    0xAE77, 0xAE77, 0xA677, 0x9E56, 0x9E56, 0xB697, 0xB697, 0xBEB8, 0xBED8, 0xBEB8, 0xB6B8, 0xB697, 0xAE97, 0xAE97, 0xAE77, 0x9E36,
    0xAE56, 0xAE56, 0xB676, 0xB697, 0xBE97, 0xB697, 0xB697, 0xB676, 0xAE56, 0xAE56, 0xB676, 0xB677, 0xB676, 0xCEF8, 0xD739, 0xCEF8,
    0xCF19, 0xD75A, 0xBE97, 0xB656, 0xB657, 0xAE36, 0xAE16, 0xAE36, 0xB657, 0xAE57, 0xAE36, 0xB635, 0xBE55, 0xBE76, 0xC6B7, 0xCED8,
    0xD718, 0xDF19, 0xDF19, 0xDF19, 0xD6D8, 0xD6B8, 0xDEF9, 0xDEF9, 0xE719, 0xEF1A, 0xF6F9, 0xEEF9, 0xEF19, 0xEF19, 0xE719, 0xE719,
    0xDF18, 0xD6F8, 0xD6D8, 0xD6F8, 0xDEF8, 0xDF18, 0xDF19, 0xDEF9, 0xD6D8, 0xCE98, 0xD6D9, 0xDF1A, 0xD6F9, 0xCEF9, 0xCED9, 0xBE77,
    0xBE77, 0xC697, 0xBE97, 0xC6B8, 0xCEF9, 0xC6D8, 0xC6B8, 0xCED9, 0xC6B8, 0xC6B8, 0xC6D9, 0xC6D8, 0xB697, 0xAE36, 0xBED8, 0xB6B8,
    0xAE56, 0xAE56, 0xB677, 0xB677, 0xB657, 0xB677, 0xB677, 0xB677, 0xAE56, 0xAE56, 0xB657, 0xB677, 0xB657, 0xB677, 0xB677, 0xAE36,
    0xB657, 0xBE98, 0xBE98, 0xBEB8, 0xCF19, 0xCF19, 0xBEB8, 0xB6B7, 0xB6B7, 0xB6B7, 0xB6B7, 0xAEB7, 0xB6B7, 0xB6B7, 0xB697, 0xB697,
    0xBEB7, 0xBEB8, 0xBE97, 0xBE77, 0xBE77, 0xBEB8, 0xCF19, 0xD75B, 0xD75B, 0xCF1A, 0xCF19, 0xC6D9, 0xBE98, 0xBE77, 0xBE98, 0xBEB8,
    0xBEB8, 0xBEB8, 0xBEB8, 0xC6F9, 0xCF19, 0xC6D8, 0xBE97, 0xB677, 0xC6D8, 0xC719, 0xC719, 0xC719, 0xC6D9, 0xC6D9, 0xBE98, 0xB657,
    0xB677, 0xB698, 0xB6B8, 0xAE57, 0xA636, 0x9E36, 0x9E36, 0xA656, 0x9E56, 0x9E36, 0xA656, 0xAE57, 0xAE77, 0xAE97, 0xA697, 0xA677,
    0x9E56, 0xA656, 0xB697, 0xB6B8, 0xB697, 0xAE77, 0xAE56, 0xAE77, 0xAE77, 0xAE97, 0xAE98, 0xAE98, 0xAE56, 0xAE35, 0xAE35, 0xAE56,
    0xAE36, 0xAE35, 0xAE76, 0xB697, 0xB677, 0xAE56, 0xAE36, 0xAE35, 0xBE97, 0xC6D8, 0xCEF9, 0xBE77, 0xB656, 0xC698, 0xBE77, 0xB656,
    0xB636, 0xB636, 0xAE16, 0xAE36, 0xB677, 0xB677, 0xB656, 0xB656, 0xBE76, 0xC696, 0xC6B7, 0xCED7, 0xCED8, 0xD6F8, 0xD6F8, 0xD6B7,
    0xC656, 0xCE56, 0xDED8, 0xDEF9, 0xDED8, 0xE6D9, 0xEED9, 0xEED9, 0xE6F9, 0xE6F9, 0xE719, 0xE719, 0xDF39, 0xDF18, 0xD6F8, 0xD6F8,
    0xD6F8, 0xDEF8, 0xD6D8, 0xD6B8, 0xD6D8, 0xCE98, 0xCED8, 0xCED9, 0xCEB8, 0xCEB8, 0xCEF9, 0xCED8, 0xC6D8, 0xC6D8, 0xBE97, 0xC697,
    0xCEF9, 0xCF19, 0xCED9, 0xCEF9, 0xCEB9, 0xC6B8, 0xCED9, 0xC6F9, 0xBED8, 0xB677, 0xBEF9, 0xBED8, 0xB697, 0xB697, 0xB677, 0xB657,
    0xB657, 0xB677, 0xB677, 0xB677, 0xB677, 0xB677, 0xB677, 0xB657, 0xAE56, 0xB697, 0xBE97, 0xB657, 0xB677, 0xBE98, 0xB677, 0xB677,
    0xCF19, 0xCF19, 0xC6B8, 0xBEB7, 0xB6B7, 0xB6B7, 0xB6B7, 0xB6B7, 0xB6D8, 0xB6D8, 0xB6B7, 0xB6B7, 0xBEB8, 0xBEB8, 0xBE97, 0xBE98,
    0xBE97, 0xBE98, 0xC6D9, 0xCF1A, 0xCF3A, 0xCF1A, 0xC6D9, 0xC6B8, 0xBE98, 0xBE98, 0xBE98, 0xBE98, 0xBE97, 0xBE98, 0xBEB8, 0xB697,
    0xBE98, 0xBEB8, 0xBEB8, 0xB677, 0xB6B8, 0xBED9, 0xBEF9, 0xC6F9, 0xBED9, 0xC6D9, 0xBE98, 0xB677, 0xB697, 0xB697, 0xB677, 0xAE77,
    0xA657, 0xA636, 0x9E36, 0x9E56, 0x9E57, 0x9E57, 0xA657, 0xA636, 0xA657, 0xAE77, 0xAE77, 0xAE78, 0xAE78, 0xAE57, 0xAE77, 0xB697,
    0xB697, 0xAE56, 0xA636, 0xA636, 0xA636, 0xA656, 0xA657, 0x9E57, 0xAE56, 0xAE56, 0xAE56, 0xA635, 0xAE56, 0xAE76, 0xAE56, 0xA635,
    0xA635, 0xA635, 0xAE76, 0xB697, 0xC719, 0xCF19, 0xCF19, 0xBE97, 0xADF5, 0xB636, 0xCED8, 0xC697, 0xBE57, 0xBE57, 0xB656, 0xB677,
    0xBE97, 0xBE97, 0xBE77, 0xC697, 0xC697, 0xCEB7, 0xCED8, 0xCED8, 0xCED8, 0xCEB8, 0xDF3A, 0xD6D8, 0xBE36, 0xCE77, 0xE73A, 0xE73A,
    0xDEF9, 0xE6D9, 0xE6D9, 0xE6D8, 0xE6D8, 0xE6F9, 0xE6F9, 0xE739, 0xDF5A, 0xDF39, 0xD719, 0xD6F8, 0xD6D8, 0xD6D8, 0xD6B7, 0xCE97,
    0xD6F9, 0xC6B8, 0xC6B8, 0xC698, 0xBE56, 0xBE77, 0xCED9, 0xCF19, 0xCF19, 0xC6B8, 0xBE77, 0xBE77, 0xBEB8, 0xC6D8, 0xC6D8, 0xCED9,
    0xC6B8, 0xC6B8, 0xC6B8, 0xC6D8, 0xBED8, 0xB697, 0xBED8, 0xBED8, 0xBED8, 0xBED8, 0xBE98, 0xB657, 0xB657, 0xB677, 0xB677, 0xB697,
    0xB697, 0xB697, 0xB677, 0xB657, 0xAE56, 0xB677, 0xBE77, 0xB657, 0xBE97, 0xBEB8, 0xBE97, 0xBE77, 0xCF1A, 0xCF19, 0xC6D8, 0xBEB7,
    0xBE97, 0xB6B7, 0xB6B7, 0xB6B7, 0xB6B7, 0xB6D8, 0xB6B7, 0xB6B7, 0xBEB7, 0xBEB7, 0xBE77, 0xBEB8, 0xBEB8, 0xBE98, 0xBEB8, 0xBED8,
    0xC6F9, 0xCF1A, 0xC6D8, 0xBEB8, 0xBEB8, 0xBEB8, 0xBEB8, 0xBE98, 0xB697, 0xBE97, 0xBEB7, 0xB656, 0xB677, 0xBEB8, 0xBEB8, 0xB697,
    0xB697, 0xB6D8, 0xB6F9, 0xBEF9, 0xBEB8, 0xBED8, 0xBEB8, 0xB677, 0xB697, 0xB697, 0xAE97, 0xB6D8, 0xB6D8, 0xAEB8, 0xAEB8, 0xA698,
    0xA698, 0xAE98, 0xAE77, 0xA636, 0xAE57, 0xAE57, 0xAE57, 0xAE57, 0xAE57, 0xAE57, 0xA636, 0xAE77, 0xAE77, 0xAE56, 0xAE56, 0xAE57,
    0xAE57, 0xA657, 0xA657, 0x9E56, 0xBEB7, 0xBED8, 0xBEB7, 0xBE97, 0xB697, 0xBEB7, 0xB697, 0xB697, 0xB676, 0xB697, 0xBEB8, 0xC6F8,
    0xC719, 0xC6D8, 0xCF19, 0xC6B8, 0xADF5, 0xB5F5, 0xC698, 0xCED8, 0xCED8, 0xCEB8, 0xC6B8, 0xCEB8, 0xCEF8, 0xC6D8, 0xC6B7, 0xCED8,
    0xCED8, 0xD6F9, 0xD719, 0xD6F9, 0xD6F8, 0xCED8, 0xE75A, 0xD6F8, 0xC656, 0xCE97, 0xE75A, 0xE77A, 0xDF19, 0xE719, 0xEF19, 0xE6F9,
    0xDED8, 0xDEF8, 0xDF19, 0xDF39, 0xDF5A, 0xD739, 0xD718, 0xD6F8, 0xD6F8, 0xD6D8, 0xCEB7, 0xCE97, 0xD6F9, 0xCEB8, 0xC6B8, 0xC677,
    0xB616, 0xB636, 0xC6B8, 0xCED9, 0xC6D8, 0xBE97, 0xB656, 0xB636, 0xB656, 0xB677, 0xBE77, 0xC6B8, 0xC677, 0xBE57, 0xB657, 0xB657,
    0xB657, 0xAE56, 0xB697, 0xB6B8, 0xBED8, 0xC6F9, 0xBEB8, 0xB657, 0xB677, 0xB677, 0xB677, 0xB677, 0xB697, 0xB697, 0xB677, 0xB657,
    0xB677, 0xAE36, 0xB657, 0xB656, 0xBE97, 0xC6D9, 0xC6B8, 0xC6B8, 0xD73A, 0xD719, 0xCED8, 0xC6B7, 0xBE97, 0xBE97, 0xBEB7, 0xB6B7,
    0xB697, 0xB6B7, 0xBEB7, 0xBE97, 0xBEB7, 0xBE97, 0xB676, 0xBEB8, 0xBEB8, 0xBEB8, 0xBE97, 0xB697, 0xBEB8, 0xC6F9, 0xBEB8, 0xBE98,
    0xBE98, 0xBEB8, 0xBEB8, 0xBEB8, 0xBEB8, 0xBE97, 0xB697, 0xB697, 0xBE97, 0xBED8, 0xBEB8, 0xB697, 0xB6B7, 0xB6B7, 0xB6D8, 0xB6D8,
    0xAE56, 0xB6B7, 0xB697, 0xAE56, 0xA615, 0x9E15, 0xA616, 0xAE77, 0xAE77, 0xAE97, 0xA697, 0xA677, 0xA677, 0xA677, 0xAE97, 0xB698,
    0xB678, 0xB677, 0xAE57, 0xAE57, 0xAE57, 0xAE57, 0xAE56, 0xB677, 0xB677, 0xB657, 0xB657, 0xB678, 0xB678, 0xAE77, 0xA657, 0x9DF5,
    0xCF19, 0xCF39, 0xCF19, 0xCEF9, 0xC6D8, 0xC6B8, 0xCF19, 0xCF3A, 0xCF3A, 0xCF19, 0xC6F9, 0xC6F9, 0xB697, 0xAE57, 0xBEB8, 0xC6D8,
    0xB636, 0xB615, 0xBE36, 0xD6F9, 0xDF3A, 0xDF19, 0xD6F9, 0xD719, 0xD739, 0xCF18, 0xCED8, 0xD6F9, 0xD719, 0xDF19, 0xDF3A, 0xDF1A,
    0xDF19, 0xD719, 0xD719, 0xD6F9, 0xC697, 0xCEB8, 0xD719, 0xD73A, 0xD719, 0xE75A, 0xEF3A, 0xE719, 0xDEF9, 0xD6F8, 0xD6F8, 0xD719,
    0xD739, 0xCEF8, 0xCED8, 0xCED8, 0xCEF8, 0xD6F8, 0xD6F8, 0xD6D8, 0xD6F9, 0xC6B8, 0xC6B8, 0xC698, 0xB636, 0xB636, 0xB677, 0xBE98,
    0xBEB8, 0xB677, 0xB677, 0xB677, 0xB656, 0xAE36, 0xB636, 0xC6B8, 0xC677, 0xB657, 0xB636, 0xAE36, 0xAE36, 0xA636, 0xAE56, 0xAE77,
    0xB6B8, 0xBED8, 0xBE98, 0xB677, 0xB677, 0xBE97, 0xB697, 0xAE56, 0xAE56, 0xB657, 0xAE56, 0xB677, 0xBEB8, 0xB656, 0xB677, 0xB657,
    0xBE98, 0xCED9, 0xC6D9, 0xCED9, 0xDF1A, 0xDF19, 0xD6F9, 0xCEB8, 0xC697, 0xBE97, 0xBEB7, 0xBEB7, 0xBED7, 0xC6F8, 0xC6F8, 0xC6D8,
    0xC6D8, 0xC6B7, 0xBE97, 0xB697, 0xBEB8, 0xBED8, 0xBED8, 0xBEB8, 0xBEB8, 0xBEB8, 0xBEB8, 0xBEB7, 0xBE97, 0xBEB8, 0xBEB8, 0xBED8,
    0xC6F9, 0xBED8, 0xB677, 0xBE97, 0xB697, 0xBEB7, 0xB6B7, 0xB696, 0xAE96, 0xAE96, 0xAE96, 0xAE97, 0xA635, 0xAE97, 0xB6D8, 0xAEB7,
    0xA636, 0x9E15, 0x9E15, 0x9E35, 0xA656, 0xA677, 0xA697, 0xA677, 0xA657, 0xA657, 0xB698, 0xB698, 0xB677, 0xB677, 0xAE57, 0xAE57,
    0xAE57, 0xAE57, 0xAE57, 0xB677, 0xBE98, 0xBE77, 0xB657, 0xB637, 0xB657, 0xAE57, 0xAE37, 0x9DF5, 0xD73A, 0xD71A, 0xD719, 0xCEF9,
    0xD71A, 0xDF7B, 0xD71A, 0xCED9, 0xCEB8, 0xCEF9, 0xDF3A, 0xDF9B, 0xBED9, 0xB698, 0xBED9, 0xCF1A, 0xCED9, 0xCEB8, 0xCE98, 0xDEF9,
    0xE73A, 0xDF19, 0xDF19, 0xDF19, 0xD739, 0xD718, 0xD6F8, 0xDF19, 0xDEF9, 0xD6F9, 0xD6F9, 0xD6F9, 0xD6F9, 0xD6F9, 0xD719, 0xDF3A,
    0xD719, 0xD719, 0xDF5A, 0xD73A, 0xDF5A, 0xDF3A, 0xDF19, 0xD6F9, 0xCED8, 0xCED8, 0xC6B8, 0xC6D8, 0xC6D8, 0xC697, 0xC697, 0xC6B7,
    0xCED8, 0xD6F8, 0xD6F9, 0xD6F9, 0xCEF9, 0xC698, 0xC698, 0xC6B8, 0xBE77, 0xBE77, 0xBE77, 0xBEB8, 0xBEB8, 0xBE98, 0xBEB8, 0xBED8,
    0xBE97, 0xB677, 0xB677, 0xCED9, 0xCEB9, 0xC698, 0xBE77, 0xB677, 0xB677, 0xB677, 0xAE77, 0xAE56, 0xB677, 0xB697, 0xB697, 0xB657,
    0xB677, 0xBEB8, 0xB697, 0xAE56, 0xAE56, 0xB677, 0xB677, 0xBEB8, 0xCF19, 0xBEB8, 0xC6B8, 0xBE77, 0xBE77, 0xC6B8, 0xC6B8, 0xC6B8,
    0xDF19, 0xDF19, 0xDEF9, 0xD6F8, 0xCEB7, 0xC697, 0xBE96, 0xC6B7, 0xCF18, 0xD759, 0xD759, 0xD739, 0xD739, 0xD6F8, 0xC6B7, 0xB697,
    0xB6B8, 0xBED8, 0xBEF9, 0xBEF9, 0xBED8, 0xB697, 0xB697, 0xB6B7, 0xB6B7, 0xB6B7, 0xBEB8, 0xBED8, 0xC719, 0xC6F9, 0xBEB7, 0xBE77,
    0xB656, 0xBE97, 0xBEB7, 0xB696, 0xAE76, 0xAE56, 0xAE56, 0xAE76, 0xA635, 0xAEB7, 0xBF18, 0xBF18, 0xAE97, 0xA656, 0xA636, 0xA636,
    0xA656, 0xAE97, 0xAEB8, 0xAEB8, 0xAE97, 0xAE97, 0xAE97, 0xB677, 0xAE77, 0xB698, 0xB698, 0xAE57, 0xAE57, 0xAE77, 0xAE57, 0xAE57,
    0xB657, 0xB636, 0xB656, 0xB657, 0xB677, 0xB657, 0xAE37, 0x9DF6, 0xCEB8, 0xD6B8, 0xD6D8, 0xD6D9, 0xDF19, 0xE73A, 0xD6F9, 0xCE98,
    0xC677, 0xCE98, 0xDEF9, 0xDF5B, 0xC71A, 0xBED9, 0xBED9, 0xBED9, 0xC6D9, 0xD71A, 0xDF1A, 0xD6D9, 0xD6B8, 0xD6D8, 0xD6D7, 0xD6F8,
    0xD718, 0xD6F7, 0xD6D7, 0xDEF9, 0xD6D8, 0xCE98, 0xCE77, 0xC677, 0xC677, 0xC677, 0xCED8, 0xD719, 0xCEF9, 0xCF19, 0xD739, 0xCEF9,
    0xCEF9, 0xC6B8, 0xC697, 0xC677, 0xBE76, 0xBE76, 0xBE76, 0xB676, 0xB676, 0xB676, 0xB656, 0xBE76, 0xC697, 0xCED8, 0xD6D8, 0xCED8,
    0xCEF9, 0xBE77, 0xBE57, 0xBE98, 0xC6B8, 0xC6D9, 0xC6F9, 0xC6D9, 0xBEB8, 0xBEB8, 0xC6D8, 0xC6F9, 0xBEB8, 0xB6B8, 0xBEB8, 0xCEF9,
    0xCEF9, 0xCEF9, 0xCEF9, 0xC6F9, 0xC6F9, 0xC6F9, 0xBED8, 0xB697, 0xAE56, 0xB677, 0xB677, 0xB657, 0xB677, 0xB697, 0xB697, 0xAE56,
    0xB697, 0xBED8, 0xBEB8, 0xC6F9, 0xD75A, 0xC6D9, 0xC6D8, 0xBE77, 0xBE77, 0xC6B8, 0xC6B8, 0xCEB8, 0xDEF9, 0xE719, 0xE739, 0xDF19,
    0xD6D7, 0xC696, 0xC676, 0xC6B6, 0xCF18, 0xD759, 0xDF79, 0xDF59, 0xD739, 0xD6F8, 0xC6B7, 0xBEB7, 0xB6B7, 0xBEB8, 0xBEF9, 0xC719,
    0xC6F9, 0xBEB8, 0xB697, 0xB697, 0xBEB8, 0xBEB8, 0xBEB7, 0xBEB8, 0xBED8, 0xC6F8, 0xC6D8, 0xC6B8, 0xBE97, 0xC6B7, 0xC6F8, 0xC6D7,
    0xBEB7, 0xB697, 0xB696, 0xB696, 0xAE55, 0xAE76, 0xB6B7, 0xBED8, 0xB6B7, 0xAE76, 0xA656, 0xA656, 0xA656, 0xAE76, 0xAE77, 0xAE97,
    0xAE77, 0xA656, 0xA657, 0xAE77, 0xB698, 0xB6B8, 0xB6D8, 0xAE77, 0xA657, 0xA677, 0xA656, 0xA636, 0xB677, 0xB657, 0xB677, 0xBE98,
    0xB677, 0xB677, 0xB677, 0xAE78, 0xBE36, 0xC677, 0xCEB8, 0xD6F9, 0xCEB8, 0xBE57, 0xCEB8, 0xDF1A, 0xDF3A, 0xD6D9, 0xC677, 0xBE37,
    0xBEB9, 0xB698, 0xAE77, 0xAE16, 0xAE16, 0xC698, 0xCEF9, 0xC677, 0xC677, 0xC697, 0xC697, 0xCED8, 0xD6F8, 0xCEF8, 0xCED8, 0xD6F9,
    0xD6B8, 0xC677, 0xBE16, 0xBE16, 0xB616, 0xB636, 0xB636, 0xBE57, 0xB637, 0xB657, 0xBE77, 0xB657, 0xAE36, 0xB636, 0xB636, 0xB636,
    0xB636, 0xAE36, 0xAE35, 0xAE35, 0xAE35, 0xAE56, 0xB636, 0xB656, 0xBE77, 0xC698, 0xCEB8, 0xCEB8, 0xCED9, 0xBE77, 0xB656, 0xBE97,
    0xC6D9, 0xCF3A, 0xCF3A, 0xC6F9, 0xBED8, 0xB697, 0xBEB8, 0xBED8, 0xBEB8, 0xBEB8, 0xC6D9, 0xC6D9, 0xCEF9, 0xCEFA, 0xCF1A, 0xCF3A,
    0xCF3A, 0xCF3A, 0xC719, 0xB6B8, 0xAE57, 0xAE57, 0xB657, 0xB657, 0xB657, 0xB697, 0xB697, 0xB677, 0xBEB8, 0xC719, 0xC719, 0xCF3A,
    0xD75B, 0xC6B8, 0xBEB8, 0xB677, 0xBE77, 0xC6B8, 0xC6D9, 0xCEF9, 0xDEF9, 0xE719, 0xE739, 0xDF39, 0xD6F8, 0xC6B7, 0xC696, 0xC6B7,
    0xCEF8, 0xD719, 0xDF39, 0xD719, 0xD6F8, 0xCED7, 0xC697, 0xBEB7, 0xBE97, 0xC6B7, 0xCEF8, 0xD719, 0xCF19, 0xC6D8, 0xB697, 0xB697,
    0xBEB7, 0xBED8, 0xBEB7, 0xBE97, 0xBEB7, 0xC6D8, 0xCEF9, 0xD719, 0xCEF9, 0xCEF8, 0xCF19, 0xCF19, 0xCF19, 0xCEF8, 0xC6F8, 0xC6F8,
    0xB656, 0xAE56, 0xB697, 0xBED8, 0xBED8, 0xB6B7, 0xB6B8, 0xB6B7, 0xB6B7, 0xAE97, 0xAE97, 0xAE97, 0xAE77, 0xA636, 0x9E16, 0xA636,
    0xA657, 0xAE77, 0xB6B8, 0xAE97, 0xA657, 0x9E56, 0x9636, 0x9E36, 0xAE56, 0xB677, 0xB698, 0xB6B8, 0xB697, 0xB677, 0xB697, 0xAE97,
    0xAE36, 0xB657, 0xB677, 0xB677, 0xBE77, 0xB657, 0xAE16, 0xBE57, 0xC6B8, 0xBE98, 0xB657, 0xBE77, 0xAE37, 0xB678, 0xBE98, 0xB678,
    0xB657, 0xB657, 0xBE98, 0xB657, 0xB657, 0xBE77, 0xBE77, 0xC6D9, 0xCF3A, 0xD73A, 0xD73A, 0xD6FA, 0xD6FA, 0xC678, 0xB5F6, 0xAE16,
    0xB637, 0xB637, 0xAE17, 0xB637, 0xB658, 0xAE58, 0xA617, 0xA617, 0xAE58, 0xB657, 0xB657, 0xB656, 0xAE36, 0xAE15, 0xAE56, 0xAE56,
    0xAE56, 0xB697, 0xB656, 0xBE97, 0xC697, 0xC678, 0xD6B9, 0xD6D9, 0xD71A, 0xCEF9, 0xBEB8, 0xBEB8, 0xC719, 0xBF19, 0xAEB7, 0xAEB7,
    0xB6D8, 0xB6D8, 0xB6B8, 0xB6B8, 0xBEB8, 0xBEB8, 0xBEB8, 0xB678, 0xAE37, 0xAE57, 0xBED9, 0xCF3B, 0xC73B, 0xBED9, 0xAE78, 0xAE57,
    0xAE57, 0xAE57, 0xAE57, 0xAE58, 0xB678, 0xB698, 0xB677, 0xAE56, 0xB656, 0xC6D9, 0xD77B, 0xD77B, 0xCF3A, 0xBEB8, 0xBE97, 0xBEB8,
    0xBED8, 0xBE98, 0xBE98, 0xC6D8, 0xD6F9, 0xE718, 0xE739, 0xD718, 0xCED7, 0xCEF7, 0xD718, 0xDF39, 0xDF19, 0xE719, 0xDEF9, 0xD6B8,
    0xC697, 0xC697, 0xC6B7, 0xBE55, 0xCEB6, 0xDEF8, 0xE739, 0xE73A, 0xDF19, 0xD6F8, 0xC6B7, 0xBEB7, 0xBEB7, 0xBED7, 0xBED8, 0xC6B7,
    0xC6B8, 0xCED8, 0xD719, 0xD719, 0xD739, 0xDF3A, 0xD75A, 0xD719, 0xD719, 0xDF5A, 0xD73A, 0xC6D8, 0xB676, 0xB676, 0xBEB8, 0xC6F8,
    0xBED8, 0xBEB7, 0xBEF8, 0xBEB8, 0xB6B7, 0xB697, 0xAE97, 0xAE77, 0xAE77, 0xA636, 0xA636, 0xA636, 0xA636, 0xA656, 0xAE78, 0xA698,
    0xA677, 0x9E57, 0x9636, 0x9E36, 0xA656, 0xAE97, 0xB698, 0xAE57, 0xA636, 0xA636, 0xAE77, 0xAE77, 0xB677, 0xAE57, 0xB677, 0xB657,
    0xB677, 0xB677, 0xB636, 0xBE98, 0xC6D9, 0xBE98, 0xB657, 0xB637, 0xB657, 0xAE57, 0xB657, 0xB677, 0xB698, 0xB678, 0xAE57, 0xAE37,
    0xB677, 0xB677, 0xAE57, 0xBEB9, 0xC6FA, 0xC71A, 0xCF1A, 0xCEF9, 0xCEFA, 0xBE98, 0xAE36, 0xAE37, 0xB678, 0xBE99, 0xB699, 0xB699,
    0xB699, 0xAE79, 0xAE58, 0xAE58, 0xAE58, 0xAE37, 0xAE36, 0xB677, 0xBEB8, 0xBEB8, 0xB6B8, 0xB697, 0xB6B7, 0xB6B8, 0xBEB8, 0xC6F9,
    0xCED9, 0xCED9, 0xD6D9, 0xD6D9, 0xCED9, 0xC6D8, 0xBEB7, 0xBEB7, 0xBED8, 0xB6D8, 0xAE97, 0xA697, 0xAEB7, 0xAE97, 0xAE97, 0xB677,
    0xB677, 0xB657, 0xAE57, 0xB678, 0xAE37, 0xAE37, 0xAE58, 0xB698, 0xB678, 0xAE57, 0xAE37, 0xAE57, 0xAE57, 0xB658, 0xB678, 0xB678,
    0xB678, 0xB677, 0xB677, 0xB677, 0xB677, 0xBED8, 0xCF3A, 0xCF3A, 0xC6F9, 0xB697, 0xB697, 0xB697, 0xBEB8, 0xB697, 0xB697, 0xC6B8,
    0xD6D8, 0xDED8, 0xDF18, 0xD6F8, 0xC6B6, 0xBEB6, 0xC6B7, 0xD6F8, 0xE739, 0xE719, 0xDED8, 0xCE97, 0xC677, 0xBE97, 0xC6B7, 0xD6F8,
    0xDEF8, 0xE718, 0xE719, 0xE719, 0xE6F9, 0xDEF9, 0xCED8, 0xC6D7, 0xBEB7, 0xB696, 0xBE97, 0xC677, 0xC677, 0xCEB8, 0xD719, 0xD719,
    0xD6F9, 0xCEF9, 0xCED8, 0xC6B8, 0xCED8, 0xD719, 0xCEF9, 0xC6B7, 0xBE97, 0xBE77, 0xBEB7, 0xC6D8, 0xBEB8, 0xB697, 0xB697, 0xB697,
    0xAE56, 0xAE77, 0xAE77, 0xAE57, 0xA636, 0xA637, 0xAE57, 0xA657, 0xA657, 0xA657, 0xAE78, 0xA658, 0x9E37, 0x9E37, 0x9E57, 0x9E57,
    0xA656, 0xA657, 0xAE97, 0xA657, 0xA616, 0xA636, 0xA636, 0xA636, 0xB697, 0xB676, 0xB677, 0xB677, 0xB677, 0xB677, 0xB656, 0xC698,
    0xCEF9, 0xC6D8, 0xBE77, 0xBE77, 0xBE98, 0xB677, 0xAE77, 0xB697, 0xB6B8, 0xB697, 0xAE36, 0xAE56, 0xB6B8, 0xB697, 0xAE56, 0xB697,
    0xBED8, 0xBEF9, 0xBEF9, 0xBE98, 0xC6D9, 0xBEB8, 0xAE56, 0xAE36, 0xB677, 0xBEB8, 0xBED9, 0xB6B9, 0xB698, 0xAE99, 0xAE99, 0xAE98,
    0xA658, 0xB678, 0xB697, 0xBEB8, 0xC73A, 0xC75A, 0xB6D8, 0xAEB7, 0xB6D8, 0xB6B8, 0xB6B8, 0xC6F9, 0xC6D9, 0xC6D9, 0xCED9, 0xC698,
    0xB636, 0xBE57, 0xB677, 0xB677, 0xB697, 0xB697, 0xAE76, 0xA656, 0xA676, 0xAE77, 0xAE77, 0xB677, 0xAE57, 0xAE36, 0xAE16, 0xAE37,
    0xAE36, 0xAE36, 0xAE36, 0xAE37, 0xAE37, 0xAE36, 0xB698, 0xB678, 0xAE57, 0xAE37, 0xAE57, 0xB677, 0xB698, 0xB678, 0xB697, 0xBEB8,
    0xBEB8, 0xBEB8, 0xBED8, 0xBED8, 0xBEB8, 0xB697, 0xB677, 0xB697, 0xB697, 0xB677, 0xB677, 0xBE97, 0xD6B8, 0xDEF8, 0xDF18, 0xD6F8,
    0xC6B7, 0xBE96, 0xBE96, 0xCED8, 0xE739, 0xE719, 0xDEF9, 0xD6B8, 0xCEB8, 0xCEF9, 0xD739, 0xDF59, 0xE739, 0xE719, 0xE6F8, 0xE6D8,
    0xE6F8, 0xDF19, 0xD719, 0xCEF8, 0xBEB7, 0xBE96, 0xBEB7, 0xCED8, 0xCEB8, 0xCEB8, 0xCED8, 0xCED8, 0xC6B8, 0xC697, 0xC697, 0xBE77,
    0xC697, 0xCED8, 0xC6B8, 0xBE97, 0xBE77, 0xB656, 0xBE97, 0xBEB8, 0xBEB8, 0xB697, 0xB677, 0xB677, 0xAE57, 0xAE77, 0xB677, 0xAE57,
    0xAE36, 0xAE57, 0xB678, 0xB698, 0xAE98, 0xAE78, 0xA657, 0xA637, 0x9E16, 0x9E16, 0x9E16, 0x9E36, 0x9E36, 0x9E36, 0xA657, 0xA636,
    0xA636, 0xAE57, 0xAE77, 0xAE57, 0xBE97, 0xBE97, 0xBEB8, 0xC6D8, 0xC6D8, 0xBE97, 0xBE97, 0xC6B8, 0xCEF9, 0xCED9, 0xCED8, 0xCEF9,
    0xC6F9, 0xBED8, 0xB697, 0xB697, 0xAE97, 0xAE77, 0xAE56, 0xAE76, 0xB6B8, 0xB697, 0xAE56, 0xAE77, 0xB697, 0xB6B8, 0xB6B7, 0xAE36,
    0xB6B8, 0xBED8, 0xB697, 0xA636, 0xA636, 0xAE77, 0xB698, 0xAE77, 0xA657, 0xAE78, 0xAEB8, 0xAEB8, 0xA677, 0xB6D9, 0xBEF8, 0xBED8,
    0xC739, 0xBF39, 0xAE97, 0xA676, 0xAE97, 0xA676, 0xAE76, 0xAE77, 0xB677, 0xBE97, 0xC6B8, 0xBE98, 0xADF5, 0xB616, 0xB656, 0xB677,
    0xB676, 0xB677, 0xAE77, 0xAE56, 0xAE56, 0xAE76, 0xB677, 0xBE77, 0xBE77, 0xB657, 0xB657, 0xB636, 0xB657, 0xB657, 0xAE37, 0xAE37,
    0xB657, 0xB677, 0xC6D9, 0xBEB9, 0xB677, 0xAE37, 0xAE36, 0xB657, 0xBE98, 0xBE98, 0xBEB8, 0xC6F9, 0xBED8, 0xBEB8, 0xBEB8, 0xBEB8,
    0xB697, 0xB697, 0xBE98, 0xBEB8, 0xBE98, 0xB697, 0xB697, 0xBE97, 0xD6D8, 0xDEF8, 0xE739, 0xD738, 0xC6D7, 0xC696, 0xC696, 0xCEB7,
    0xDF19, 0xE719, 0xE71A, 0xDF19, 0xD739, 0xD77A, 0xDF9A, 0xDF39, 0xE719, 0xE719, 0xE6F9, 0xEEF9, 0xE6F9, 0xE719, 0xDF39, 0xD719,
    0xC6F8, 0xC6F8, 0xCF19, 0xDF3A, 0xDF19, 0xCED8, 0xBE77, 0xBE97, 0xBE97, 0xBE97, 0xBE97, 0xBE77, 0xBE77, 0xBE97, 0xBEB7, 0xBE77,
    0xB677, 0xB656, 0xB677, 0xBE97, 0xBEB8, 0xB697, 0xB697, 0xB697, 0xB677, 0xB697, 0xB698, 0xB697, 0xB677, 0xB698, 0xB698, 0xB6B8,
    0xB6B8, 0xB6B8, 0xAE77, 0xA636, 0x9E16, 0x9E16, 0x9E36, 0x9E36, 0x9E36, 0xA656, 0xA657, 0xA657, 0xAE57, 0xB677, 0xB677, 0xAE77,
    0xBE97, 0xBEB7, 0xC6F8, 0xD719, 0xD73A, 0xD719, 0xCEF9, 0xCEF8, 0xCEF8, 0xCED8, 0xCED8, 0xCEF9, 0xC6F8, 0xBEF8, 0xB6B7, 0xAE56,
    0xA635, 0xA635, 0xAE56, 0xAE56, 0xB697, 0xB697, 0xA656, 0xAE56, 0xAE56, 0xAE76, 0xAE76, 0xA635, 0xB6B7, 0xC719, 0xBF19, 0xB697,
    0xA656, 0xA656, 0xA656, 0xA636, 0xA636, 0xA677, 0xAE97, 0xAEB8, 0xAE97, 0xB6B8, 0xB697, 0xAE77, 0xAE97, 0xAE77, 0xA635, 0x9E35,
    0xA676, 0xA676, 0xA636, 0xA636, 0xA616, 0xB677, 0xC6F9, 0xC6B8, 0xB657, 0xBE78, 0xC6B8, 0xBE98, 0xBE97, 0xBE97, 0xB697, 0xB677,
    0xB676, 0xB697, 0xBEB7, 0xC6B8, 0xC6B8, 0xC6B8, 0xC6B8, 0xBE97, 0xBEB8, 0xBE98, 0xBE77, 0xB656, 0xB636, 0xB656, 0xBEB8, 0xC6D8,
    0xC6D9, 0xC6D8, 0xC6B8, 0xBE97, 0xB657, 0xBE97, 0xC6F9, 0xC719, 0xC6F9, 0xBED8, 0xBEB8, 0xBEB8, 0xB697, 0xBEB8, 0xBED8, 0xBED8,
    0xBEB8, 0xBEB8, 0xBEB8, 0xBEB8, 0xD6D8, 0xDEF8, 0xDF39, 0xD738, 0xC6D7, 0xBEB6, 0xC6B7, 0xCED7, 0xDEF9, 0xE73A, 0xE73A, 0xDF3A,
    0xD719, 0xCF19, 0xCF39, 0xD718, 0xDF19, 0xE739, 0xEF3A, 0xF73A, 0xEF1A, 0xE719, 0xDF39, 0xD719, 0xCF19, 0xCF39, 0xD73A, 0xDF3A,
    0xD6F9, 0xCEB8, 0xBE97, 0xBE97, 0xBE97, 0xBE97, 0xBE97, 0xBE97, 0xB697, 0xB677, 0xBE97, 0xBE97, 0xBEB7, 0xBE97, 0xBE97, 0xBED8,
    0xBED8, 0xBEB7, 0xBE97, 0xBE97, 0xBEB8, 0xBE98, 0xBEB8, 0xBEB8, 0xB698, 0xB698, 0xB677, 0xB677, 0xB698, 0xB698, 0xAE77, 0xA657,
    0xA657, 0xA657, 0xA657, 0xA657, 0xA677, 0xA657, 0xA657, 0xAE57, 0xAE57, 0xAE77, 0xAE57, 0xAE57, 0xBEB7, 0xBEB7, 0xC6D8, 0xCEF8,
    0xD739, 0xDF5A, 0xDF5A, 0xD739, 0xD6F9, 0xCED8, 0xCED8, 0xC6D8, 0xBEB7, 0xB6B7, 0xB676, 0xAE56, 0xAE56, 0xAE56, 0xB676, 0xAE56,
    0xB697, 0xBE97, 0xAE56, 0xAE56, 0xAE56, 0xAE56, 0xB676, 0xAE56, 0xB6B7, 0xC739, 0xCF5A, 0xBEF8, 0xB697, 0xAE76, 0xAE76, 0xAE76,
    0xAE76, 0xAE76, 0xAE77, 0xAE77, 0xAE77, 0xA636, 0xAE36, 0xAE36, 0xA615, 0xA615, 0xAE56, 0xAE76, 0xAE76, 0xB697, 0xAE77, 0xAE56,
    0xAE56, 0xBEB8, 0xCF3A, 0xC6D9, 0xC6B8, 0xCED9, 0xCED9, 0xC6B8, 0xC6B8, 0xC6B8, 0xBE97, 0xBE97, 0xBE98, 0xC6B8, 0xC6B8, 0xCEB8,
    0xCED8, 0xD6F9, 0xD6F9, 0xCEF9, 0xCEF9, 0xCED9, 0xC6B8, 0xBE77, 0xB636, 0xADF5, 0xB656, 0xC698, 0xCF19, 0xD75A, 0xD73A, 0xC6D8,
    0xB656, 0xBE97, 0xC719, 0xC719, 0xC6F9, 0xBEB8, 0xBEB8, 0xBEB8, 0xB697, 0xBEB8, 0xC6F9, 0xC6F9, 0xBEB8, 0xBEB8, 0xBED8, 0xBE97,
    0xCEB7, 0xDED8, 0xDF18, 0xD718, 0xC6D7, 0xBEB7, 0xC6D7, 0xD6F8, 0xDF19, 0xE73A, 0xE73A, 0xD6F9, 0xC6B8, 0xBE97, 0xBE96, 0xCEF8,
    0xD6F8, 0xE719, 0xEF1A, 0xEF3A, 0xEF3A, 0xE719, 0xD6F9, 0xCEF8, 0xCEF8, 0xCF18, 0xCEF9, 0xCED8, 0xCEB8, 0xC6B8, 0xC6D8, 0xBED8,
    0xBEB7, 0xBEB7, 0xBEB7, 0xBEB7, 0xB697, 0xB697, 0xB697, 0xC6D8, 0xC6D8, 0xC6D8, 0xBED8, 0xC6D8, 0xC6D8, 0xBEB7, 0xBEB8, 0xBEB8,
    0xBE98, 0xB698, 0xB698, 0xB6B8, 0xB698, 0xB698, 0xB677, 0xAE57, 0xAE56, 0xAE57, 0xB678, 0xB698, 0xB698, 0xB698, 0xAE77, 0xAE77,
    0xAE77, 0xA657, 0xA657, 0xA636, 0xAE36, 0xAE57, 0xAE57, 0xAE37, 0xC6B7, 0xBE76, 0xBE76, 0xBE76, 0xC696, 0xCEF8, 0xD739, 0xD739,
    0xD739, 0xD719, 0xCEF8, 0xC6B7, 0xBE77, 0xB656, 0xBE76, 0xC6B7, 0xCEF8, 0xCEF8, 0xBE97, 0xBE76, 0xC6D8, 0xCEF8, 0xC6B8, 0xC6B7,
    0xBE97, 0xBE97, 0xBE97, 0xAE35, 0xB676, 0xC6D7, 0xCF39, 0xC718, 0xBEB7, 0xB697, 0xBED8, 0xBEF8, 0xBED8, 0xB697, 0xAE56, 0xAE35,
    0xAE35, 0xAE15, 0xB657, 0xBE97, 0xAE36, 0xB636, 0xC6D8, 0xC6D9, 0xBE97, 0xBEB8, 0xBE98, 0xBE77, 0xB677, 0xC6D9, 0xD73A, 0xC6B8,
    0xBE77, 0xC677, 0xC677, 0xC677, 0xC6B8, 0xCED9, 0xC6B8, 0xCED8, 0xCED9, 0xCEB8, 0xC698, 0xC697, 0xCEB8, 0xD6D8, 0xD6F9, 0xD73A,
    0xD73A, 0xD71A, 0xD719, 0xCED8, 0xBE77, 0xB615, 0xBE77, 0xC6B8, 0xCEF9, 0xD73A, 0xD73A, 0xD719, 0xCED8, 0xC6F9, 0xCF19, 0xC6F9,
    0xBEB8, 0xBEB8, 0xBEB8, 0xBEB8, 0xB697, 0xBE98, 0xC6F9, 0xC6F9, 0xBEB8, 0xBEB8, 0xBEB8, 0xBE97, 0xD6B8, 0xDEF8, 0xDF39, 0xD719,
    0xCEF8, 0xCF18, 0xD759, 0xDF7A, 0xDF5A, 0xE75A, 0xDF1A, 0xCED8, 0xBE97, 0xB697, 0xB6B7, 0xBED7, 0xC6D7, 0xCEB8, 0xD6B8, 0xDEB8,
    0xDEB8, 0xD6D8, 0xCEB7, 0xC6B7, 0xBED7, 0xBEB7, 0xC6B7, 0xC6B7, 0xCEB8, 0xCED8, 0xC6D8, 0xBEB8, 0xBEB8, 0xBEB7, 0xBEB8, 0xBEB8,
    0xBEB7, 0xBEB7, 0xBEB7, 0xC6D8, 0xC6D8, 0xC6D8, 0xC6D7, 0xC6F7, 0xC6F7, 0xBEB7, 0xC6B7, 0xC6B8, 0xB677, 0xB677, 0xB677, 0xB698,
    0xAE77, 0xAE77, 0xAE78, 0xAE57, 0xA616, 0xAE36, 0xB698, 0xBEB8, 0xBEB8, 0xBEB8, 0xB678, 0xB678, 0xAE57, 0xAE37, 0xAE37, 0xA636,
    0xAE36, 0xAE57, 0xAE57, 0xA636, 0xC6D7, 0xBE96, 0xB676, 0xB655, 0xBE56, 0xC6B7, 0xCF18, 0xD759, 0xDF59, 0xD739, 0xD719, 0xD6F8,
    0xD6F9, 0xCEB8, 0xCEB8, 0xD719, 0xDF5A, 0xDF3A, 0xCED8, 0xCED8, 0xDF3A, 0xDF5A, 0xD6F9, 0xD719, 0xDF3A, 0xD719, 0xC6B8, 0xB635,
    0xB656, 0xC6D8, 0xCF19, 0xCEF8, 0xC6D8, 0xCEF9, 0xD719, 0xCEF8, 0xC6D8, 0xC6B7, 0xBE97, 0xBE76, 0xBE56, 0xBE56, 0xC6B8, 0xD6FA,
    0xCED9, 0xC698, 0xCED9, 0xCED9, 0xCEB8, 0xCED9, 0xCED9, 0xCED9, 0xCED9, 0xD6F9, 0xD6FA, 0xCEB8, 0xC678, 0xBE57, 0xBE57, 0xBE77,
    0xC6B8, 0xD6F9, 0xD6F9, 0xD6D9, 0xD6D9, 0xCEB8, 0xCED8, 0xD6D8, 0xD6F8, 0xD6F8, 0xD6F8, 0xDF5A, 0xDF3A, 0xDF3A, 0xDF5A, 0xD739,
    0xCEF8, 0xC6B7, 0xBE56, 0xC697, 0xCEF8, 0xD739, 0xD719, 0xD6F9, 0xD6F9, 0xC6D8, 0xBEB8, 0xBEB8, 0xB697, 0xB697, 0xBEB8, 0xBEB8,
    0xB677, 0xBEB8, 0xBEB8, 0xBED8, 0xBEB8, 0xB697, 0xBEB8, 0xB677, 0xD6D8, 0xE719, 0xDF39, 0xD739, 0xC6F8, 0xC6F7, 0xCF18, 0xCF19,
    0xD6F8, 0xD6F9, 0xCED8, 0xC6B8, 0xBEB7, 0xB6B7, 0xB6D7, 0xB6D7, 0xBED7, 0xC697, 0xC677, 0xCE77, 0xCE97, 0xCE97, 0xC6B7, 0xC6B7,
    0xBED7, 0xBEB7, 0xBEB7, 0xBEB7, 0xC6F8, 0xCF19, 0xC6D8, 0xC6D8, 0xBED8, 0xBED8, 0xBEB8, 0xBED8, 0xC6F8, 0xC6D8, 0xC6D8, 0xBEB7,
    0xC6B7, 0xC6B7, 0xC6B7, 0xC6D7, 0xC6D7, 0xBEB7, 0xC6B8, 0xC6B8, 0xBE77, 0xB657, 0xAE57, 0xAE57, 0xA636, 0xA657, 0xAE77, 0xAE57,
    0xAE36, 0xB656, 0xB677, 0xBE98, 0xBE98, 0xBEB8, 0xBE98, 0xB677, 0xAE57, 0xAE57, 0xAE57, 0xAE57, 0xB677, 0xB677, 0xAE57, 0xA636,
    0xC6F8, 0xBEB7, 0xBE96, 0xB676, 0xBE76, 0xC6B7, 0xCEF8, 0xD739, 0xD739, 0xD719, 0xCEF8, 0xD6F8, 0xE75A, 0xDF3A, 0xDF1A, 0xDF3A,
    0xE73A, 0xE73A, 0xDF3A, 0xDF19, 0xDF3A, 0xDF1A, 0xD6D9, 0xDF1A, 0xE77B, 0xE73A, 0xCEB8, 0xBE56, 0xC677, 0xD6F9, 0xD719, 0xCED8,
    0xCED8, 0xDF3A, 0xD719, 0xCEB8, 0xC697, 0xCE97, 0xD6D8, 0xD6F8, 0xCEB8, 0xCEB8, 0xD6D9, 0xDF1A, 0xDEFA, 0xCE98, 0xC657, 0xCE78,
    0xD6D9, 0xD6FA, 0xD6D9, 0xD6FA, 0xD71A, 0xD6D9, 0xCE98, 0xCEB9, 0xCEB9, 0xC698, 0xC6B8, 0xCEF9, 0xD6F9, 0xD71A, 0xD6F9, 0xCEB8,
    0xD6B8, 0xD6D9, 0xDF19, 0xDF39, 0xDF39, 0xDF19, 0xDF19, 0xD719, 0xCED8, 0xCEF8, 0xD739, 0xD719, 0xCED8, 0xC6B7, 0xB635, 0xCEB7,
    0xDF39, 0xD719, 0xD6F8, 0xD719, 0xCED8, 0xBE76, 0xB677, 0xBEB8, 0xB697, 0xB697, 0xC6D9, 0xC6F9, 0xBE98, 0xBEB8, 0xB677, 0xBE98,
    0xB697, 0xB677, 0xBE98, 0xB677, 0xD6F9, 0xDF19, 0xD6F8, 0xCED8, 0xBEB7, 0xB696, 0xB696, 0xBE97, 0xBE77, 0xC677, 0xC677, 0xBE97,
    0xBE97, 0xB6B7, 0xB6D7, 0xB6F8, 0xBEF8, 0xBEB7, 0xBE97, 0xC697, 0xC697, 0xC697, 0xBEB7, 0xBED7, 0xBED7, 0xB6D7, 0xBED7, 0xB6B7,
    0xBED7, 0xCF39, 0xCF39, 0xCF19, 0xCF19, 0xC719, 0xC6F9, 0xC719, 0xC719, 0xC6D8, 0xC6D8, 0xBE97, 0xBEB7, 0xBEB7, 0xBEB7, 0xC6D8,
    0xC6F8, 0xC6D8, 0xC6B8, 0xC6B8, 0xBE77, 0xB657, 0xAE36, 0xA636, 0xA636, 0xA636, 0xAE36, 0xAE57, 0xAE56, 0xB656, 0xB657, 0xB657,
    0xB657, 0xB677, 0xB677, 0xB657, 0xAE57, 0xAE57, 0xAE57, 0xAE77, 0xB698, 0xB698, 0xAE77, 0xAE77, 0xC6F8, 0xBED7, 0xBE97, 0xB656,
    0xB635, 0xB676, 0xC6D7, 0xCF18, 0xCF18, 0xC6D8, 0xC697, 0xBE77, 0xD6D8, 0xDEF9, 0xE73A, 0xDF1A, 0xDEF9, 0xDF1A, 0xEF5B, 0xD6B8,
    0xCE98, 0xCE98, 0xCE77, 0xD6B8, 0xDF1A, 0xDEF9, 0xCE98, 0xC677, 0xC677, 0xCED8, 0xD719, 0xD6D9, 0xCEB8, 0xD6F9, 0xD6D8, 0xD6B8,
    0xCE97, 0xCE97, 0xD6B7, 0xD6B8, 0xD6B8, 0xD6D9, 0xDEDA, 0xD6B9, 0xCE78, 0xCE78, 0xCE78, 0xD698, 0xD699, 0xD6B9, 0xD698, 0xCE98,
    0xCE98, 0xC678, 0xC657, 0xC678, 0xC698, 0xBE98, 0xCEF9, 0xD71A, 0xD719, 0xD6F9, 0xCE98, 0xCE77, 0xD6B8, 0xDEF9, 0xDF19, 0xDEF9,
    0xDEF8, 0xDF19, 0xDF39, 0xCEB8, 0xBE76, 0xBE76, 0xC6B7, 0xC6B7, 0xBE56, 0xB615, 0xC697, 0xDF3A, 0xDF3A, 0xC697, 0xC6B7, 0xD739,
    0xCED8, 0xBE97, 0xBEB8, 0xB677, 0xB677, 0xBEB8, 0xC6F9, 0xC719, 0xCF1A, 0xBEB8, 0xB697, 0xB697, 0xB677, 0xB677, 0xBEB8, 0xBE98,
    0xDF19, 0xDEF9, 0xCE97, 0xBE76, 0xBE96, 0xBEB7, 0xBEB7, 0xBE97, 0xBE97, 0xBE77, 0xBE77, 0xBE97, 0xB6B7, 0xB6D8, 0xB6F8, 0xAED7,
    0xAEF7, 0xB6D7, 0xBE97, 0xC6B7, 0xC6B8, 0xC6B8, 0xBEB7, 0xB6B7, 0xB6D7, 0xAED7, 0xB6F7, 0xAEB6, 0xB6B6, 0xBEF7, 0xBED7, 0xC6D8,
    0xC6D8, 0xC6F9, 0xC6F8, 0xC6D8, 0xBED8, 0xBEB8, 0xC6D8, 0xBE97, 0xBE98, 0xB698, 0xB698, 0xBED9, 0xC6F9, 0xC6FA, 0xBED9, 0xBED8,
    0xB698, 0xAE57, 0xAE56, 0xAE57, 0xA636, 0xA636, 0xA636, 0xAE57, 0xAE56, 0xAE56, 0xAE56, 0xAE56, 0xA636, 0xA636, 0xA636, 0xA636,
    0xA636, 0xA636, 0xA657, 0xA657, 0xA657, 0xAE77, 0xA657, 0xAE77, 0xBED8, 0xBED7, 0xB697, 0xB676, 0xB656, 0xB656, 0xBE97, 0xC6B8,
    0xC6B8, 0xBE97, 0xB656, 0xB636, 0xBE56, 0xCE98, 0xD6F9, 0xCEB8, 0xC677, 0xCEB8, 0xDF3A, 0xC677, 0xBE36, 0xBE36, 0xBE36, 0xC677,
    0xCEB8, 0xCEB8, 0xC677, 0xBE57, 0xBE36, 0xC678, 0xD6F9, 0xD6F9, 0xD6D9, 0xD6F9, 0xD6F9, 0xD6F9, 0xD6F9, 0xD6D8, 0xD6B7, 0xD697,
    0xD6B8, 0xD6B8, 0xD699, 0xCE78, 0xD6B9, 0xDEFA, 0xE6FA, 0xD699, 0xD678, 0xDEB9, 0xCE98, 0xCE78, 0xC678, 0xC677, 0xBE77, 0xC698,
    0xC6B8, 0xBE98, 0xBE98, 0xC6B8, 0xC698, 0xCEB8, 0xD6B8, 0xD6B8, 0xDED8, 0xDF19, 0xDF19, 0xDEF8, 0xDEF8, 0xDF19, 0xDF5A, 0xD739,
    0xCEB8, 0xBE57, 0xBE36, 0xB615, 0xB615, 0xB615, 0xD71A, 0xCED9, 0xC697, 0xCED8, 0xCED8, 0xC6B8, 0xC6B8, 0xC6D8, 0xB697, 0xAE36,
    0xB677, 0xBEB8, 0xBEB8, 0xC6F9, 0xCF5A, 0xBEB8, 0xB697, 0xBEB8, 0xBE98, 0xB697, 0xBEB8, 0xBE98, 0xDF39, 0xDEF9, 0xCE97, 0xBE76,
    0xBEB7, 0xC6F8, 0xC6F8, 0xC6F8, 0xC6B8, 0xC697, 0xBE77, 0xB697, 0xB6B7, 0xB6D8, 0xAEF8, 0xA6D7, 0xAED7, 0xB6D7, 0xB6B7, 0xC6B8,
    0xCED8, 0xC6F9, 0xBED8, 0xB6D7, 0xB6D7, 0xAEF7, 0xB6F7, 0xAED7, 0xAEB6, 0xB6B7, 0xB697, 0xBE97, 0xC6B8, 0xC6D8, 0xC6D8, 0xC6D8,
    0xBEB7, 0xBE97, 0xBE97, 0xBE97, 0xB697, 0xB677, 0xB677, 0xB6B8, 0xBED8, 0xBED9, 0xB6B8, 0xB6B8, 0xB698, 0xAE77, 0xAE77, 0xAE77,
    0xAE77, 0xAE77, 0xAE57, 0xAE57, 0xA656, 0xAE56, 0xAE77, 0xAE77, 0xAE56, 0xA636, 0x9E16, 0x9E16, 0x9E16, 0x9E36, 0xA657, 0xA657,
    0xA656, 0xA656, 0x9E36, 0xA637, 0xB697, 0xB697, 0xB697, 0xB697, 0xB697, 0xB697, 0xB697, 0xB697, 0xB677, 0xB676, 0xB656, 0xB636,
    0xB636, 0xBE57, 0xBE77, 0xBE57, 0xB636, 0xBE57, 0xC698, 0xBE57, 0xB636, 0xB636, 0xB636, 0xBE57, 0xBE77, 0xBE77, 0xBE57, 0xB636,
    0xADF6, 0xB637, 0xC6B8, 0xCED9, 0xCED9, 0xCEB8, 0xD6F9, 0xD719, 0xDF3A, 0xD6F9, 0xD6D8, 0xCEB8, 0xD6F9, 0xCE98, 0xBE37, 0xBE37,
    0xCEB9, 0xE73B, 0xE73B, 0xDED9, 0xCE78, 0xD6B9, 0xCE98, 0xC678, 0xC698, 0xBE98, 0xBEB8, 0xC6D9, 0xBEB8, 0xB677, 0xBE77, 0xBE77,
    0xBE77, 0xCED9, 0xDEF9, 0xDF19, 0xDF19, 0xDEF9, 0xDEF8, 0xDF19, 0xE739, 0xDF18, 0xDF18, 0xDF5A, 0xD73A, 0xCED9, 0xBE56, 0xADF5,
    0xAE15, 0xBE97, 0xD73A, 0xBE56, 0xB615, 0xCEF9, 0xCEF9, 0xBE77, 0xC6B8, 0xC6D8, 0xB657, 0xB677, 0xBEB8, 0xBEB8, 0xB677, 0xBE98,
    0xCF3A, 0xBEB8, 0xBEB8, 0xC6F9, 0xBED8, 0xBE97, 0xBEB8, 0xB677, 0xD6F9, 0xDF19, 0xD6F9, 0xCEF8, 0xC6F8, 0xC719, 0xCF5A, 0xCF5A,
    0xCF19, 0xC6D8, 0xBEB8, 0xB697, 0xB6B7, 0xAED8, 0xAEF8, 0xA6D7, 0xAED8, 0xB6B8, 0xBE97, 0xC6B8, 0xCED9, 0xD6F9, 0xC6F8, 0xBEF8,
    0xBEF8, 0xBF18, 0xBF38, 0xB6F7, 0xB6B7, 0xB6B7, 0xB676, 0xB676, 0xBE97, 0xBEB7, 0xBEB7, 0xBEB7, 0xBE97, 0xBEB7, 0xBE97, 0xB697,
    0xB697, 0xB677, 0xAE77, 0xB697, 0xB6B7, 0xB6D8, 0xAE77, 0xAE77, 0xB697, 0xB697, 0xB697, 0xB697, 0xB697, 0xB698, 0xB697, 0xB677,
    0xAE77, 0xAE56, 0xAE56, 0xAE56, 0xAE56, 0xA636, 0x9E15, 0x9E16, 0x9E36, 0x9E36, 0xA657, 0xA657, 0x9E36, 0x9E36, 0x9E36, 0x9E36,
    0xAE76, 0xAE77, 0xAE97, 0xB697, 0xB6B8, 0xBEB8, 0xB697, 0xB677, 0xB677, 0xB677, 0xB677, 0xB677, 0xB677, 0xB657, 0xAE57, 0xAE57,
    0xAE57, 0xAE57, 0xAE57, 0xAE57, 0xB677, 0xAE57, 0xAE57, 0xAE57, 0xAE57, 0xAE57, 0xAE57, 0xAE57, 0xAE36, 0xAE36, 0xB677, 0xBE98,
    0xBE98, 0xB657, 0xBEB8, 0xC6D8, 0xCEF9, 0xCEF9, 0xCEF8, 0xCF19, 0xD73A, 0xC6B8, 0xB636, 0xADF6, 0xBE36, 0xCE98, 0xD6FA, 0xD6D9,
    0xCEB8, 0xCEB8, 0xC677, 0xBE77, 0xBE77, 0xB677, 0xB6B7, 0xBED8, 0xB677, 0xAE77, 0xBEB8, 0xC6D9, 0xCED9, 0xD71A, 0xDF1A, 0xE73A,
    0xE739, 0xDED8, 0xDEF8, 0xE759, 0xE759, 0xD717, 0xC696, 0xBE97, 0xCEF9, 0xD73A, 0xC6D8, 0xB656, 0xB656, 0xC6D8, 0xC698, 0xBE77,
    0xB656, 0xBE57, 0xC6B8, 0xCED8, 0xC6B8, 0xB677, 0xB677, 0xBEB8, 0xC719, 0xC6F9, 0xB697, 0xBE98, 0xC719, 0xBE98, 0xBEB8, 0xC719,
    0xC6F9, 0xBE98, 0xBE97, 0xB677, 0xCEB8, 0xDEF9, 0xDF3A, 0xD739, 0xCF39, 0xCF39, 0xCF5A, 0xD77A, 0xCF19, 0xCEF9, 0xC6D8, 0xBEB8,
    0xB6B8, 0xAED8, 0xAEF8, 0xAEF8, 0xB6F8, 0xB6B8, 0xBE98, 0xCEB8, 0xD6D9, 0xDF1A, 0xD6F9, 0xCF19, 0xC6F8, 0xC718, 0xC739, 0xBEF8,
    0xBEB7, 0xBED8, 0xC6F8, 0xC6D8, 0xC6F8, 0xCEF9, 0xC6F9, 0xCEF9, 0xC6F8, 0xC6B8, 0xBEB7, 0xBE97, 0xBEB7, 0xB697, 0xAE76, 0xAE76,
    0xAE76, 0xAEB7, 0xA656, 0xAE76, 0xB6B7, 0xB6D8, 0xB6B8, 0xB697, 0xB697, 0xBE98, 0xBE97, 0xBE98, 0xBED8, 0xBED8, 0xB697, 0xB677,
    0xAE77, 0xAE77, 0xA656, 0xAE97, 0xA657, 0xA657, 0xA657, 0x9E56, 0x9E36, 0x9E36, 0xA657, 0x9E37, 0xAE97, 0xAE97, 0xAE97, 0xAE97,
    0xB697, 0xB6B8, 0xB697, 0xB6B7, 0xB6B8, 0xBEB8, 0xB697, 0xAE77, 0xAE97, 0xAE97, 0xA677, 0xA677, 0xA677, 0xA677, 0xA657, 0xA677,
    0xA677, 0xA677, 0xA677, 0xA677, 0xA657, 0xA657, 0xA677, 0xAE98, 0xA677, 0xA657, 0xAE77, 0xAE77, 0xAE77, 0xA636, 0xAE76, 0xB697,
    0xBEB7, 0xBED7, 0xC6D8, 0xC6D8, 0xC6F8, 0xC6D8, 0xBEB7, 0xAE56, 0xAE16, 0xB636, 0xBE77, 0xC698, 0xC6B8, 0xC6B8, 0xBE77, 0xB677,
    0xAE97, 0xA676, 0xA676, 0xAE97, 0xA677, 0xAE77, 0xBED9, 0xCF19, 0xCEF9, 0xD719, 0xDF19, 0xDF19, 0xE719, 0xDEF8, 0xDEF8, 0xDF38,
    0xDF18, 0xCEB6, 0xBE35, 0xADF5, 0xBE77, 0xC6D9, 0xC6D9, 0xBE98, 0xBE98, 0xCEF9, 0xBE97, 0xC6F9, 0xC6B8, 0xAE15, 0xB657, 0xCEF9,
    0xBE98, 0xAE36, 0xB697, 0xBEB8, 0xC6D9, 0xC6D9, 0xC6D9, 0xBED8, 0xBED8, 0xBE98, 0xBEB8, 0xC6F9, 0xBED8, 0xBE97, 0xBEB8, 0xC6D8,
    0xCEB8, 0xD6B8, 0xD6F9, 0xCEF9, 0xC718, 0xC718, 0xC719, 0xCF19, 0xC6F9, 0xC6D9, 0xC6D8, 0xBED8, 0xB6D8, 0xAEF8, 0xAEF8, 0xB6F8,
    0xBED9, 0xC6B8, 0xC698, 0xD6B9, 0xDEDA, 0xE71A, 0xDEF9, 0xCED9, 0xC6D8, 0xC6D8, 0xCEF8, 0xC6D8, 0xBEB7, 0xC6D8, 0xC6D8, 0xC6D8,
    0xC6F8, 0xCEF8, 0xCEF8, 0xC6D8, 0xC6D8, 0xBEB7, 0xBEB8, 0xBE97, 0xBEB7, 0xBE97, 0xB676, 0xB676, 0xAE56, 0xAE76, 0xAE56, 0xAE77,
    0xBED8, 0xBEF8, 0xBED8, 0xBE77, 0xBE77, 0xC698, 0xC698, 0xC698, 0xC6B8, 0xC6D8, 0xC6B8, 0xBEB8, 0xBEB8, 0xBEB8, 0xBEB8, 0xB6D8,
    0xAE98, 0xA677, 0xA657, 0xA656, 0x9E36, 0x9E36, 0xA657, 0xA657, 0xB6B8, 0xB6B7, 0xB697, 0xAE56, 0xAE56, 0xAE77, 0xB697, 0xBED8,
    0xC719, 0xC6F9, 0xB697, 0xAE56, 0xA656, 0xA677, 0xA677, 0xA677, 0xA656, 0xA656, 0xA657, 0xA677, 0xA677, 0xA677, 0xA697, 0xA677,
    0xA656, 0xA657, 0xA677, 0xA677, 0xA677, 0xA677, 0xA677, 0xAE77, 0xAE97, 0xAE77, 0xAE76, 0xAE56, 0xB656, 0xB676, 0xB656, 0xB655,
    0xAE35, 0xBED8, 0xC73A, 0xC719, 0xBED8, 0xB677, 0xB656, 0xB636, 0xB677, 0xC6F9, 0xBEB8, 0xB6B8, 0xB697, 0xA676, 0xA655, 0xA656,
    0xAE77, 0xAE57, 0xB697, 0xB677, 0xB657, 0xCEB8, 0xDF19, 0xDEF9, 0xD6F8, 0xDEF8, 0xDF18, 0xD718, 0xCEB6, 0xBE55, 0xB614, 0xBE56,
    0xB636, 0xB636, 0xB657, 0xBE77, 0xC6D8, 0xD73A, 0xD73A, 0xCF19, 0xC6B8, 0xB656, 0xB636, 0xBE57, 0xB657, 0xB636, 0xB656, 0xB677,
    0xB656, 0xBE98, 0xCF1A, 0xC719, 0xB697, 0xBEB8, 0xBE98, 0xBED8, 0xBE97, 0xB677, 0xC6F8, 0xD73A, 0xCEB8, 0xCE77, 0xC677, 0xBE77,
    0xBEB7, 0xBED8, 0xBED8, 0xBEB7, 0xBEB8, 0xBE98, 0xBEB8, 0xBEB8, 0xB6D8, 0xB6D8, 0xB6D8, 0xBED8, 0xBEB8, 0xC698, 0xCE78, 0xD698,
    0xE6DA, 0xEF1A, 0xDEB9, 0xCE98, 0xC697, 0xC697, 0xCED8, 0xC6B8, 0xC697, 0xC697, 0xBE77, 0xBE97, 0xC6B8, 0xC6B8, 0xC6B8, 0xC6B8,
    0xC6D8, 0xC697, 0xBE97, 0xBE77, 0xC6B7, 0xC6B8, 0xBE97, 0xBE97, 0xB676, 0xB697, 0xB676, 0xB676, 0xBEB8, 0xC6F8, 0xC6D8, 0xBE97,
    0xBE77, 0xC697, 0xC698, 0xC698, 0xC698, 0xC698, 0xC6B8, 0xC6B8, 0xC6D8, 0xC6D8, 0xBED8, 0xBEB8, 0xB698, 0xAE77, 0xA657, 0xA657,
    0xA636, 0xA636, 0xA636, 0xA657, 0xC6B7, 0xBE97, 0xBE76, 0xBE56, 0xC697, 0xCEF8, 0xC6B8, 0xBE97, 0xBE76, 0xBE76, 0xBE76, 0xBE76,
    0xB677, 0xAE16, 0xAE16, 0xB657, 0xB677, 0xB677, 0xC6D8, 0xBEB8, 0xB677, 0xAE36, 0xA615, 0xAE36, 0xB677, 0xAE56, 0xA636, 0xAE77,
    0xAE77, 0xA636, 0xA616, 0xB677, 0xBE98, 0xB657, 0xAE15, 0xB656, 0xC698, 0xC697, 0xBE56, 0xBE15, 0xB615, 0xBE97, 0xBED8, 0xB6B8,
    0xB677, 0xAE36, 0xB657, 0xBE97, 0xC6B8, 0xCEF9, 0xD6F9, 0xCED9, 0xBE97, 0xBE77, 0xBE97, 0xC6B8, 0xC6F9, 0xB697, 0xB656, 0xB656,
    0xB656, 0xB636, 0xB656, 0xC697, 0xCED8, 0xCED8, 0xC697, 0xBE76, 0xBE76, 0xBE76, 0xB635, 0xB656, 0xB636, 0xADF5, 0xB615, 0xBE57,
    0xC6B8, 0xD73A, 0xD73A, 0xD719, 0xCED8, 0xBE56, 0xB615, 0xBE35, 0xB636, 0xB656, 0xB656, 0xAE15, 0xB636, 0xC6D9, 0xCF1A, 0xBEB8,
    0xB677, 0xBE98, 0xBE97, 0xBE97, 0xBEB7, 0xCEF8, 0xD739, 0xD739, 0xCED9, 0xC698, 0xBE78, 0xBE78, 0xBEB8, 0xBEB8, 0xBE98, 0xBE98,
    0xBE98, 0xBE98, 0xBE98, 0xBEB8, 0xBEB8, 0xBEB8, 0xBEB8, 0xBEB7, 0xC676, 0xC676, 0xCE97, 0xDEF9, 0xE6F9, 0xD6B8, 0xCE77, 0xCE77,
    0xC697, 0xC697, 0xC697, 0xBEB7, 0xC6D8, 0xC6B8, 0xBED8, 0xBED8, 0xBE97, 0xB677, 0xBE97, 0xC6D8, 0xCED8, 0xC6D8, 0xC6B8, 0xC697,
    0xC6D8, 0xCEF8, 0xC6D8, 0xC6D8, 0xBE97, 0xC6B8, 0xBE77, 0xB656, 0xBE97, 0xC6D8, 0xC6B8, 0xC698, 0xBE77, 0xBE77, 0xC677, 0xC698,
    0xC697, 0xC657, 0xC677, 0xC6B8, 0xCED8, 0xC6B8, 0xBE77, 0xAE36, 0xAE36, 0xAE37, 0xAE57, 0xAE57, 0xA657, 0xA637, 0xA637, 0xA657,
    0xD6F8, 0xCED8, 0xCEB7, 0xCEB7, 0xCED8, 0xD6F8, 0xCED8, 0xCEB8, 0xCEB7, 0xC697, 0xCEB7, 0xCEB8, 0xD6F9, 0xCEB9, 0xC698, 0xCE98,
    0xC677, 0xBE37, 0xBE77, 0xBE57, 0xBE57, 0xBE57, 0xB636, 0xBE57, 0xC6B8, 0xC6D9, 0xC6D9, 0xC6F9, 0xC6F9, 0xB698, 0xB677, 0xC6D8,
    0xCEF9, 0xC6D9, 0xBE77, 0xC698, 0xD6D9, 0xD6F9, 0xCEB8, 0xCE77, 0xC657, 0xC6B8, 0xBED9, 0xB698, 0xB677, 0xAE36, 0xAE36, 0xAE16,
    0xB657, 0xCED9, 0xD71A, 0xDF1A, 0xD6D9, 0xD6D9, 0xDEF9, 0xDF19, 0xCED8, 0xBE97, 0xBE97, 0xC6D8, 0xC6D8, 0xC6B7, 0xBE97, 0xBE76,
    0xBE76, 0xBE76, 0xB635, 0xAE15, 0xB636, 0xB636, 0xB615, 0xC677, 0xC697, 0xC677, 0xC697, 0xCEB8, 0xCED8, 0xDF3A, 0xDF19, 0xDF3A,
    0xDF19, 0xCEB7, 0xC676, 0xCE97, 0xCE97, 0xC677, 0xBE56, 0xADF5, 0xB636, 0xCEF9, 0xCF1A, 0xBEB9, 0xBE98, 0xBED8, 0xBEB8, 0xBE97,
    0xBE97, 0xCF19, 0xDF79, 0xDF7A, 0xCF1A, 0xBEB9, 0xBE79, 0xBE99, 0xBEB9, 0xBEB9, 0xBE99, 0xBEB9, 0xBE98, 0xBEB8, 0xBE98, 0xBE98,
    0xBE98, 0xBE98, 0xC697, 0xC696, 0xCEB6, 0xD6B7, 0xDED8, 0xE719, 0xE739, 0xDEF9, 0xD6D8, 0xD6D8, 0xD6F8, 0xCF19, 0xCF19, 0xCF19,
    0xCF39, 0xC719, 0xBED8, 0xB6B8, 0xB6B7, 0xB697, 0xBEB8, 0xC6D8, 0xCED9, 0xC6B8, 0xCED8, 0xCEF9, 0xCEF9, 0xCEF9, 0xCEF9, 0xCF19,
    0xD719, 0xCED8, 0xBE56, 0xB656, 0xC697, 0xCED9, 0xC6B8, 0xBE77, 0xBE77, 0xBE77, 0xBE77, 0xC697, 0xC697, 0xBE56, 0xBE36, 0xBE36,
    0xBE57, 0xBE57, 0xB636, 0xA5F5, 0xA5F5, 0xA5F6, 0xA636, 0xAE37, 0xAE57, 0xAE57, 0xA657, 0xA657, 0xD719, 0xD719, 0xD719, 0xD719,
    0xCEF8, 0xCEB7, 0xCEF8, 0xD719, 0xDF39, 0xD739, 0xD719, 0xD719, 0xDF3A, 0xD71A, 0xD71A, 0xCED9, 0xBE57, 0xADF5, 0xADD5, 0xB616,
    0xC698, 0xCEF9, 0xC6D8, 0xC6B8, 0xC6F9, 0xD77B, 0xD75B, 0xBEB9, 0xBED9, 0xB698, 0xB657, 0xBE98, 0xC6D9, 0xC6D9, 0xD71A, 0xD71A,
    0xD71A, 0xD71A, 0xDF3A, 0xDF19, 0xCED8, 0xC6F9, 0xC6FA, 0xBED9, 0xBEB9, 0xBEB8, 0xB677, 0xAE16, 0xADF5, 0xC6B8, 0xD71A, 0xDF5B,
    0xDF5B, 0xDF5A, 0xE75A, 0xDF5A, 0xD6F9, 0xCED8, 0xD6F9, 0xD73A, 0xDF3A, 0xD719, 0xD719, 0xD719, 0xD719, 0xD739, 0xD6F9, 0xD6F9,
    0xD719, 0xD73A, 0xD719, 0xCED8, 0xD719, 0xD719, 0xD719, 0xDF3A, 0xD6F9, 0xD719, 0xD6F9, 0xDF19, 0xDF19, 0xD6F9, 0xD6F8, 0xDF19,
    0xDF19, 0xD6F8, 0xC6B7, 0xBE56, 0xBE77, 0xCEF9, 0xCF3A, 0xC6F9, 0xBED9, 0xC6F9, 0xBED8, 0xBE97, 0xBE97, 0xCF18, 0xDF59, 0xDF7A,
    0xC6F9, 0xBEB9, 0xB6B9, 0xBEB9, 0xBEB9, 0xBEB8, 0xBEB8, 0xBEB8, 0xBEB8, 0xBEB8, 0xBEB8, 0xBEB8, 0xBEB8, 0xBEB8, 0xC6B7, 0xCE97,
    0xDEF8, 0xE739, 0xE739, 0xDF19, 0xE719, 0xE739, 0xDEF9, 0xD6F9, 0xD719, 0xD739, 0xCF39, 0xCF39, 0xC739, 0xC739, 0xBED8, 0xB697,
    0xB6B7, 0xBED8, 0xC6D8, 0xC6D8, 0xCED9, 0xCED8, 0xCED8, 0xCED8, 0xCED8, 0xC698, 0xC6B8, 0xCED9, 0xCEF9, 0xC6B8, 0xBE77, 0xB657,
    0xC6B8, 0xC6D9, 0xC6B8, 0xBE77, 0xB677, 0xB677, 0xAE57, 0xBE97, 0xC677, 0xBE56, 0xBE56, 0xBE77, 0xC677, 0xBE77, 0xB636, 0xAE15,
    0xAE16, 0xA5F6, 0xAE36, 0xAE57, 0xAE57, 0xAE78, 0xAE77, 0xA637, 0xCED8, 0xCED9, 0xCEF9, 0xD73A, 0xCEF9, 0xBE77, 0xC6B8, 0xCF19,
    0xD75A, 0xDF5A, 0xDF5A, 0xDF5A, 0xCF1A, 0xD71A, 0xD71A, 0xCED9, 0xBE77, 0xB637, 0xB657, 0xBE98, 0xCF1A, 0xD75A, 0xC6F9, 0xBEB8,
    0xBEB8, 0xCF1A, 0xC6FA, 0xAE57, 0xB677, 0xAE37, 0xA5F6, 0xAE36, 0xB657, 0xBE77, 0xCF3A, 0xCF3A, 0xD71A, 0xD71A, 0xD73A, 0xD73A,
    0xD71A, 0xCF1A, 0xC6FA, 0xBEF9, 0xC71A, 0xCF3B, 0xCF3A, 0xC6D9, 0xBE98, 0xBE77, 0xCEF9, 0xD73A, 0xD73A, 0xDF3A, 0xDF3A, 0xDF1A,
    0xE75A, 0xE73A, 0xDF1A, 0xDF19, 0xDEF9, 0xDF1A, 0xE73A, 0xE73A, 0xE73A, 0xE73A, 0xE73A, 0xE73A, 0xE73A, 0xE75A, 0xDF3A, 0xD719,
    0xDF5A, 0xDF3A, 0xDF3A, 0xD6F9, 0xCEB8, 0xCEB7, 0xC677, 0xCE97, 0xD6F8, 0xDF19, 0xDF39, 0xDF5A, 0xDF5A, 0xDF5A, 0xD719, 0xCEF9,
    0xCEF9, 0xC6D9, 0xC6D9, 0xC6D9, 0xC6D9, 0xC6F9, 0xBED8, 0xBE97, 0xBE97, 0xCEF8, 0xD739, 0xD739, 0xBED8, 0xB6B8, 0xB6B8, 0xB6B8,
    0xBED8, 0xB6B8, 0xB6B8, 0xBEB8, 0xB6B7, 0xBEB7, 0xBEB8, 0xBED8, 0xBED8, 0xC6D8, 0xC6B8, 0xD6D7, 0xDF19, 0xE75A, 0xE739, 0xDF19,
    0xDF19, 0xDEF9, 0xCE97, 0xCEB7, 0xCED8, 0xC6D8, 0xBEB7, 0xBEB7, 0xBEB8, 0xBED8, 0xBED8, 0xB6B7, 0xB6B8, 0xBEB8, 0xBEB8, 0xBEB8,
    0xC6B8, 0xCEF9, 0xCED9, 0xC6B8, 0xC698, 0xBE77, 0xBE77, 0xC698, 0xC6B8, 0xBE97, 0xBE77, 0xB677, 0xBE98, 0xC6D9, 0xBEB8, 0xB697,
    0xAE57, 0xA656, 0xA656, 0xB697, 0xC6B8, 0xC697, 0xC697, 0xC6B8, 0xC6B8, 0xC6B8, 0xBEB8, 0xBE98, 0xB677, 0xAE36, 0xAE57, 0xAE57,
    0xAE57, 0xAE78, 0xAE57, 0xA637, 0xB677, 0xBE97, 0xC6F9, 0xD75A, 0xC6F8, 0xB656, 0xBE77, 0xBEB8, 0xC6F8, 0xCF19, 0xD73A, 0xD75A,
    0xCEF9, 0xCF1A, 0xCF1A, 0xC6D9, 0xC6B9, 0xC6F9, 0xCF3B, 0xC71A, 0xC71A, 0xC71A, 0xBEB8, 0xB677, 0xB677, 0xB677, 0xAE77, 0xAE57,
    0xB678, 0xAE57, 0xAE37, 0xAE57, 0xB677, 0xB678, 0xBE98, 0xC6D9, 0xC6D9, 0xC6D9, 0xC6D8, 0xC6F9, 0xCF3A, 0xC6F9, 0xB6B9, 0xB6B8,
    0xBED9, 0xC73A, 0xCF5B, 0xCF3A, 0xC6D9, 0xB657, 0xBE98, 0xC6B8, 0xC698, 0xC6B8, 0xCED9, 0xCEB8, 0xD6D9, 0xDEF9, 0xE719, 0xDEF9,
    0xDED9, 0xDEF9, 0xE719, 0xE6F9, 0xDEF9, 0xDEF9, 0xDEF9, 0xDEF9, 0xDEF9, 0xDEF9, 0xDEF9, 0xDF3A, 0xDF3A, 0xD6D8, 0xCE97, 0xC656,
    0xBE35, 0xBE56, 0xBE35, 0xBE56, 0xCED8, 0xDF39, 0xDF5A, 0xDF5A, 0xDF5A, 0xDF3A, 0xCED8, 0xD719, 0xD73A, 0xBE98, 0xAE36, 0xBE98,
    0xC6D9, 0xBEB8, 0xBEB8, 0xBE97, 0xBEB7, 0xC6D8, 0xCED7, 0xBE96, 0xB697, 0xB6B7, 0xB6B7, 0xB6D8, 0xB6B8, 0xB697, 0xB6B7, 0xBEB7,
    0xB697, 0xBEB7, 0xC6D8, 0xC6F8, 0xCF19, 0xCF18, 0xCEF8, 0xDF18, 0xE719, 0xE739, 0xE719, 0xDF19, 0xDEF8, 0xD6B7, 0xC676, 0xC677,
    0xC697, 0xBE97, 0xB677, 0xAE56, 0xAE56, 0xAE97, 0xB6B8, 0xB697, 0xB697, 0xB677, 0xB697, 0xBE98, 0xBEB8, 0xC6D8, 0xC6B8, 0xBE77,
    0xBE77, 0xB657, 0xB677, 0xBE77, 0xBE97, 0xB677, 0xB657, 0xB657, 0xB677, 0xBEB8, 0xBED8, 0xB6B8, 0xAE97, 0xA676, 0x9E56, 0xAE77,
    0xBE97, 0xC6B7, 0xC6D8, 0xC6D8, 0xBEB8, 0xBE97, 0xBE98, 0xB698, 0xB698, 0xB677, 0xAE57, 0xA637, 0xA616, 0xA637, 0xA657, 0x9E37,
    0xAE56, 0xB677, 0xC6F9, 0xCF5A, 0xC6F9, 0xAE36, 0xAE36, 0xAE56, 0xB677, 0xBEB8, 0xC6D9, 0xC6F9, 0xBE98, 0xBEB8, 0xBE98, 0xB657,
    0xB657, 0xBEB8, 0xC6F9, 0xBEB8, 0xB6B8, 0xB698, 0xAE57, 0xAE57, 0xAE77, 0xA636, 0xA636, 0xAE58, 0xAE37, 0xAE57, 0xB678, 0xB678,
    0xB678, 0xAE57, 0xAE16, 0xB677, 0xB698, 0xB697, 0xB677, 0xB697, 0xBEF9, 0xB6B8, 0xA657, 0xA637, 0xAE57, 0xAE78, 0xB6B8, 0xB6B8,
    0xB678, 0xAE57, 0xB657, 0xB637, 0xB636, 0xB657, 0xBE77, 0xBE57, 0xBDF5, 0xCE57, 0xDED9, 0xE6F9, 0xDED9, 0xDED9, 0xDEB8, 0xE6F9,
    0xEF3A, 0xEF3A, 0xEF5A, 0xEF5A, 0xE73A, 0xE71A, 0xE73A, 0xDF19, 0xD6F9, 0xC676, 0xBE15, 0xB5F5, 0xB5F5, 0xBE36, 0xC677, 0xCEB7,
    0xD6F9, 0xDF5A, 0xDF5A, 0xDF3A, 0xDF3A, 0xCEB8, 0xB615, 0xCED8, 0xD73A, 0xB657, 0xA5F5, 0xB678, 0xBEB9, 0xB697, 0xBE97, 0xBE97,
    0xC6B7, 0xC6D8, 0xC6D7, 0xBE76, 0xB696, 0xB697, 0xB6B7, 0xBED8, 0xBEB7, 0xB697, 0xBEB7, 0xBEB7, 0xBEB7, 0xC6F8, 0xCF18, 0xCF39,
    0xD739, 0xD739, 0xD739, 0xE719, 0xE719, 0xDEF8, 0xDEF8, 0xDEF8, 0xD6B8, 0xCE77, 0xCE97, 0xCEB7, 0xC6B8, 0xC6D8, 0xBEB8, 0xB697,
    0xAE97, 0xAE77, 0xAE77, 0xAE77, 0xAE76, 0xAE77, 0xB697, 0xBEB8, 0xBEB8, 0xB677, 0xAE36, 0xB656, 0xB656, 0xAE56, 0xB677, 0xB677,
    0xB677, 0xAE56, 0xAE56, 0xAE36, 0xAE57, 0xB697, 0xB6B8, 0xB6D8, 0xAEB8, 0xA697, 0x9E56, 0xA656, 0xB677, 0xBEB7, 0xBEB8, 0xB677,
    0xAE56, 0xAE56, 0xB677, 0xB677, 0xB697, 0xB698, 0xAE97, 0xA656, 0x9E16, 0x9E36, 0xA657, 0xA636, 0xAE56, 0xAE77, 0xBED8, 0xC719,
    0xBEB8, 0xAE36, 0xAE56, 0xAE56, 0xAE56, 0xAE77, 0xB697, 0xB697, 0xAE36, 0xAE37, 0xAE16, 0xA5F6, 0xA616, 0xAE57, 0xA636, 0xAE57,
    0xAE77, 0xAE77, 0xA657, 0xA657, 0xAE77, 0xA677, 0xA637, 0xAE37, 0xA617, 0xAE37, 0xB698, 0xB698, 0xAE57, 0xA616, 0xA636, 0xAE57,
    0xAE77, 0xAE57, 0xAE56, 0xAE77, 0xB698, 0xAE77, 0xA657, 0xA657, 0xA657, 0xA637, 0xA637, 0xAE37, 0xAE36, 0xAE57, 0xB657, 0xAE36,
    0xAE36, 0xB657, 0xB657, 0xB636, 0xB5F5, 0xCE76, 0xD6D8, 0xD6B8, 0xCE97, 0xD6B7, 0xD6D8, 0xDED8, 0xD6D8, 0xDED8, 0xE719, 0xE739,
    0xDEF9, 0xDEF9, 0xE719, 0xDF19, 0xD6F8, 0xC656, 0xBE15, 0xBE35, 0xBE56, 0xCEB8, 0xD6F9, 0xD719, 0xDF3A, 0xE77B, 0xD73A, 0xCEB8,
    0xC697, 0xBE56, 0xADF5, 0xC697, 0xD75A, 0xBE98, 0xAE36, 0xBE98, 0xB698, 0xB698, 0xBE98, 0xBEB8, 0xC6D8, 0xCF18, 0xD718, 0xCED7,
    0xBE97, 0xBEB7, 0xC6D8, 0xC6F8, 0xC6D7, 0xBEB7, 0xC6B7, 0xC6D7, 0xCEF8, 0xD718, 0xD739, 0xDF59, 0xDF59, 0xDF39, 0xDF39, 0xE719,
    0xE6F9, 0xE6F8, 0xDEF8, 0xDED8, 0xD6B8, 0xCE97, 0xCEB7, 0xC697, 0xC697, 0xC6B8, 0xBEB8, 0xBEB8, 0xB6B8, 0xB697, 0xB697, 0xAE97,
    0xB697, 0xB6B8, 0xBED8, 0xBED9, 0xBEB8, 0xB677, 0xAE56, 0xB697, 0xB677, 0xAE57, 0xB677, 0xB697, 0xAE77, 0xAE77, 0xA657, 0xA657,
    0xAE77, 0xB698, 0xB698, 0xB698, 0xB698, 0xAE77, 0xAE77, 0xAE77, 0xAE76, 0xB697, 0xB6B8, 0xB677, 0xAE36, 0xAE16, 0xA616, 0xA615,
    0xA636, 0xA636, 0x9E36, 0x9E36, 0x9616, 0x9615, 0x9E16, 0x9E36, 0xAE57, 0xAE57, 0xB6B8, 0xB698, 0xAE77, 0xAE56, 0xAE57, 0xAE57,
    0xAE57, 0xAE57, 0xAE57, 0xAE56, 0xAE57, 0xB678, 0xB677, 0xAE57, 0xB678, 0xB698, 0xAE57, 0xA636, 0xAE77, 0xAE98, 0xAE77, 0xA657,
    0xA677, 0xAE77, 0xAE78, 0xB678, 0xB638, 0xB678, 0xC6FA, 0xC71A, 0xB699, 0xAE37, 0xB678, 0xAE57, 0xAE57, 0xAE57, 0xAE77, 0xAE77,
    0xA656, 0xAE57, 0xAE78, 0xB698, 0xB698, 0xB698, 0xAE77, 0xAE57, 0xAE57, 0xAE57, 0xB657, 0xB657, 0xB677, 0xBE97, 0xBE77, 0xB636,
    0xC697, 0xD6D8, 0xD6B7, 0xC615, 0xBDF5, 0xCE56, 0xDEF8, 0xDEF8, 0xD6B7, 0xD6B8, 0xDF19, 0xE73A, 0xDF19, 0xDF19, 0xE73A, 0xDEF9,
    0xD6F8, 0xC677, 0xC656, 0xCE97, 0xCEB8, 0xDF19, 0xDF5A, 0xDF3A, 0xDF3A, 0xDF3A, 0xCED9, 0xBE36, 0xB5F5, 0xBE36, 0xBE56, 0xCED8,
    0xDF9B, 0xCEFA, 0xBE98, 0xBEB8, 0xAE57, 0xBEB8, 0xBEB8, 0xBEB8, 0xC6D8, 0xD739, 0xDF79, 0xDF59, 0xC6D7, 0xC6B7, 0xCED8, 0xCEF8,
    0xCED8, 0xCEB7, 0xCED8, 0xD6F8, 0xDF39, 0xDF39, 0xE759, 0xE759, 0xE739, 0xE719, 0xE718, 0xE6D8, 0xE719, 0xE719, 0xE719, 0xE719,
    0xDEF9, 0xD6D8, 0xCEB8, 0xC677, 0xBE57, 0xBE77, 0xBE77, 0xBE97, 0xBE98, 0xBEB8, 0xBEF9, 0xBEF9, 0xBEF9, 0xBEF9, 0xBEF9, 0xBEF9,
    0xBED9, 0xBEB8, 0xBED9, 0xCF3A, 0xC719, 0xBED8, 0xBED8, 0xBEF9, 0xB6B8, 0xAE98, 0xA677, 0xA677, 0xB698, 0xB698, 0xAE77, 0xB678,
    0xB698, 0xAE57, 0xAE37, 0xAE56, 0xAE56, 0xAE56, 0xB677, 0xB657, 0xB657, 0xB677, 0xB657, 0xAE36, 0xA636, 0xA636, 0x9E36, 0x9E36,
    0x9E36, 0x9615, 0x9E16, 0x9E36, 0xAE77, 0xB6B8, 0xB677, 0xAE36, 0xAE36, 0xAE36, 0xB677, 0xB677, 0xB677, 0xB697, 0xB677, 0xAE36,
    0xAE36, 0xB657, 0xB678, 0xAE57, 0xAE36, 0xA636, 0xAE56, 0xA656, 0xAE77, 0xAE57, 0xA656, 0xAE77, 0xA657, 0xA636, 0xAE37, 0xA5F6,
    0xAE37, 0xBEB9, 0xC6FA, 0xBEB9, 0xB678, 0xB678, 0xBED9, 0xB698, 0xAE56, 0xAE56, 0xB697, 0xB697, 0xAE77, 0xAE36, 0xAE36, 0xAE36,
    0xAE16, 0xAE37, 0xB657, 0xAE36, 0xAE16, 0xB677, 0xBE97, 0xBEB8, 0xC6D8, 0xCEF9, 0xCEF9, 0xC6D8, 0xCEF8, 0xD719, 0xDF39, 0xD718,
    0xCED7, 0xCEB7, 0xCED8, 0xD718, 0xCED8, 0xC696, 0xCED8, 0xE77A, 0xDF39, 0xD6F8, 0xDF19, 0xDEF8, 0xDEF8, 0xDF39, 0xE739, 0xE75A,
    0xDF39, 0xD6F9, 0xDF3A, 0xD6F9, 0xC698, 0xBE77, 0xBE56, 0xBE56, 0xBE36, 0xB636, 0xB635, 0xBE77, 0xD73A, 0xD75B, 0xC6D9, 0xB677,
    0xB678, 0xBE98, 0xBEB8, 0xBEB8, 0xC6D8, 0xC6B7, 0xBE96, 0xD739, 0xD719, 0xDF19, 0xDF19, 0xD6D8, 0xD6B7, 0xDEF9, 0xE739, 0xE719,
    0xE719, 0xE719, 0xE719, 0xE718, 0xEF18, 0xEEF8, 0xEEF8, 0xEF19, 0xE719, 0xE719, 0xE719, 0xE719, 0xE739, 0xDF19, 0xDF3A, 0xD71A,
    0xD73A, 0xD73A, 0xD73A, 0xCF1A, 0xCF1A, 0xC71A, 0xC6F9, 0xC719, 0xC719, 0xC719, 0xBEF9, 0xC6F9, 0xC6F9, 0xBEF9, 0xC6F9, 0xC6F9,
    0xC71A, 0xC719, 0xBED8, 0xB6B8, 0xB6B8, 0xBEF9, 0xAE77, 0xA657, 0xB698, 0xB698, 0xB698, 0xBEB8, 0xB697, 0xB677, 0xB677, 0xB657,
    0xB677, 0xB697, 0xB677, 0xBE77, 0xBE98, 0xC698, 0xBE77, 0xBE98, 0xBEB8, 0xB697, 0xAE77, 0xAE77, 0xA677, 0xA656, 0xA677, 0xA677,
    0xAE56, 0xB677, 0xAE57, 0xAE56, 0xB677, 0xB677, 0xB657, 0xAE56, 0xAE56, 0xAE57, 0xB657, 0xB677, 0xB657, 0xB657, 0xB657, 0xB677,
    0xB698, 0xB678, 0xB677, 0xAE37, 0xB677, 0xB677, 0xAE77, 0xB6B8, 0xAE77, 0xA636, 0xAE57, 0xBEB9, 0xB658, 0xB657, 0xB657, 0xAE37,
    0xB657, 0xC6D9, 0xB657, 0xB657, 0xAE56, 0xAE56, 0xAE56, 0xB676, 0xB697, 0xB677, 0xBE98, 0xBE98, 0xBE98, 0xBE98, 0xC6B8, 0xBE98,
    0xBE97, 0xCED8, 0xCEF9, 0xCF19, 0xCF19, 0xD739, 0xD739, 0xCF19, 0xD718, 0xD719, 0xDF39, 0xD718, 0xCED8, 0xCED7, 0xCEF8, 0xD718,
    0xCED7, 0xBE76, 0xC697, 0xD718, 0xCED8, 0xC696, 0xD6F8, 0xE739, 0xE739, 0xE739, 0xE739, 0xDF19, 0xDF19, 0xD719, 0xC697, 0xC677,
    0xBE57, 0xB616, 0xB5F5, 0xB616, 0xBE77, 0xC697, 0xC677, 0xC6B8, 0xD71A, 0xCF1A, 0xBE98, 0xB657, 0xB698, 0xB677, 0xBEB8, 0xCF19,
    0xD75A, 0xD739, 0xC6D7, 0xD718, 0xD6F8, 0xDF19, 0xE719, 0xDEF8, 0xDED8, 0xE6F9, 0xEF19, 0xEF19, 0xEEF9, 0xEEF9, 0xEEF8, 0xEEF8,
    0xEEF8, 0xEEF8, 0xEEF9, 0xEF19, 0xE6F9, 0xE6F9, 0xE719, 0xE719, 0xDF19, 0xD6F9, 0xD6F9, 0xD719, 0xD71A, 0xD71A, 0xCED9, 0xC6B8,
    0xC6B8, 0xBEB8, 0xB697, 0xB697, 0xB6B7, 0xB697, 0xB697, 0xBED8, 0xBED9, 0xC6F9, 0xB697, 0xB697, 0xB697, 0xB677, 0xAE56, 0xAE56,
    0xB697, 0xB6B8, 0xAE77, 0xAE57, 0xB697, 0xB677, 0xB677, 0xBE98, 0xBE98, 0xC6B8, 0xBE97, 0xBE77, 0xBE77, 0xBE97, 0xBE97, 0xC698,
    0xC698, 0xC698, 0xC698, 0xC698, 0xBE98, 0xBE98, 0xB697, 0xB697, 0xB697, 0xB698, 0xB6B8, 0xAE97, 0xBE77, 0xBE77, 0xB656, 0xBE97,
    0xCEF9, 0xC6B8, 0xB656, 0xB636, 0xB656, 0xAE16, 0xB636, 0xC6B8, 0xC6B8, 0xBE98, 0xBE77, 0xBE98, 0xC6B8, 0xBEB8, 0xB657, 0xBE97,
    0xC6D9, 0xC6F9, 0xC6F9, 0xC719, 0xBED8, 0xB677, 0xBE98, 0xCEFA, 0xC6B9, 0xBE78, 0xB616, 0xADF5, 0xB637, 0xC6D9, 0xB636, 0xBE77,
    0xBE97, 0xBE97, 0xBE77, 0xBE97, 0xC6D8, 0xCED8, 0xCEF9, 0xD71A, 0xD71A, 0xD6F9, 0xD71A, 0xD719, 0xD719, 0xD739, 0xDF5A, 0xDF3A,
    0xDF39, 0xDF39, 0xDF39, 0xD719, 0xD718, 0xD739, 0xD759, 0xD738, 0xCEF8, 0xCEF7, 0xCF18, 0xD718, 0xCED7, 0xBE76, 0xBE76, 0xC6D7,
    0xBE96, 0xB655, 0xC696, 0xE739, 0xE759, 0xE759, 0xE739, 0xDEF8, 0xD6F8, 0xDF19, 0xC697, 0xC697, 0xC698, 0xBE57, 0xB636, 0xBE57,
    0xCED9, 0xD71A, 0xD719, 0xD73A, 0xD73A, 0xC6D9, 0xB657, 0xAE36, 0xB677, 0xB698, 0xBED8, 0xC6F9, 0xD739, 0xCF19, 0xC6D7, 0xD718,
    0xDF19, 0xE719, 0xEF3A, 0xE719, 0xE719, 0xE6F9, 0xE6F8, 0xEED9, 0xEEF9, 0xEEF9, 0xEEF8, 0xF6F8, 0xF6D8, 0xF6F8, 0xEEF9, 0xEEF9,
    0xE6F9, 0xE6F9, 0xE6F9, 0xDEF9, 0xD6F9, 0xCED8, 0xCED8, 0xCEF9, 0xCED9, 0xC6D8, 0xBE97, 0xB657, 0xBE77, 0xBE77, 0xB677, 0xAE77,
    0xAE77, 0xAE56, 0xAE57, 0xB697, 0xBEB8, 0xBED9, 0xB698, 0xB677, 0xB677, 0xB657, 0xAE36, 0xAE56, 0xB677, 0xB697, 0xAE77, 0xAE97,
    0xB697, 0xAE56, 0xB697, 0xC6D8, 0xC6D8, 0xC6D8, 0xC6D8, 0xC6B8, 0xC698, 0xC698, 0xBE77, 0xBE57, 0xBE57, 0xC677, 0xC677, 0xC678,
    0xBE77, 0xBE77, 0xBE77, 0xBE98, 0xB698, 0xB698, 0xAE77, 0xAE77, 0xCED8, 0xCEB8, 0xC697, 0xCEB8, 0xD73A, 0xCEF9, 0xBE77, 0xC677,
    0xC698, 0xBE36, 0xBE36, 0xCED8, 0xD71A, 0xD6F9, 0xCED9, 0xCED9, 0xC6B8, 0xBE97, 0xBE56, 0xC698, 0xCEF9, 0xCEF9, 0xC6D8, 0xC6F9,
    0xBEB8, 0xB677, 0xBE98, 0xCED9, 0xD6FA, 0xCEF9, 0xC678, 0xBE36, 0xBE57, 0xC698, 0xCEB8, 0xD6D9, 0xD719, 0xD719, 0xD6F9, 0xD719,
    0xDF39, 0xDEF9, 0xDF1A, 0xE75B, 0xE75B, 0xE73A, 0xE73A, 0xE73A, 0xDF19, 0xDF19, 0xE75A, 0xDF39, 0xDEF8, 0xDF18, 0xD6F8, 0xD6F8,
    0xD718, 0xDF39, 0xDF59, 0xD739, 0xD718, 0xD718, 0xD718, 0xD718, 0xD6F8, 0xCEB7, 0xCEB7, 0xCEF7, 0xC696, 0xB635, 0xBE35, 0xD6B7,
    0xDF18, 0xE759, 0xE739, 0xDEF9, 0xDEF9, 0xDF39, 0xDF39, 0xDF3A, 0xDF3A, 0xD71A, 0xCED9, 0xCED9, 0xCF1A, 0xD75A, 0xDF7B, 0xDF5B,
    0xD73A, 0xC6B8, 0xAE36, 0xAE36, 0xB677, 0xBED8, 0xBEB8, 0xBE97, 0xBE97, 0xC697, 0xC696, 0xCEF8, 0xDF19, 0xE719, 0xE73A, 0xE73A,
    0xE739, 0xE6F9, 0xE6D8, 0xE6D8, 0xEEF9, 0xEEF9, 0xF6F9, 0xF6F8, 0xF6D8, 0xF6D8, 0xEED8, 0xE6F9, 0xDED8, 0xD6B8, 0xD6B8, 0xCEB8,
    0xCEB8, 0xC6B8, 0xC697, 0xBE97, 0xBE97, 0xC6B8, 0xBE98, 0xBE77, 0xBE97, 0xC6B8, 0xBEB8, 0xBED8, 0xB697, 0xAE77, 0xAE56, 0xB677,
    0xB697, 0xB697, 0xBED9, 0xBEB8, 0xBEB8, 0xBE98, 0xB677, 0xB657, 0xB677, 0xAE77, 0xAE77, 0xB6B8, 0xB677, 0xB677, 0xBEB8, 0xC6D9,
    0xC6D9, 0xC6D8, 0xC6D8, 0xC6B8, 0xBE98, 0xBE98, 0xBE77, 0xB657, 0xBE57, 0xBE77, 0xBE57, 0xBE57, 0xBE36, 0xB636, 0xBE57, 0xBE97,
    0xBE97, 0xB677, 0xA616, 0xA616, 0xD6F9, 0xD6F9, 0xCEB8, 0xCEB8, 0xDF19, 0xD719, 0xCEB8, 0xD6F9, 0xD719, 0xC697, 0xC677, 0xD6D8,
    0xD6F9, 0xD719, 0xDF19, 0xD6F9, 0xCEB8, 0xC697, 0xC6B8, 0xCED8, 0xCEF8, 0xC6B8, 0xBE77, 0xC697, 0xBE76, 0xB656, 0xBE77, 0xCEB8,
    0xD71A, 0xD71A, 0xCED8, 0xCE98, 0xCEB8, 0xD6D8, 0xE71A, 0xE739, 0xE71A, 0xE73A, 0xE73A, 0xE73A, 0xE73A, 0xE6F9, 0xE719, 0xEF3A,
    0xE73A, 0xE71A, 0xE739, 0xE6F9, 0xDED8, 0xDEF8, 0xE739, 0xE739, 0xDEF8, 0xDEF8, 0xDEF8, 0xDEF7, 0xDF18, 0xDF38, 0xDF39, 0xDF38,
    0xDF18, 0xDF18, 0xDF38, 0xDF18, 0xDF18, 0xDF18, 0xDF18, 0xDF39, 0xD6F7, 0xC675, 0xC635, 0xC635, 0xD6B7, 0xE719, 0xE739, 0xE739,
    0xDF19, 0xDF39, 0xE77B, 0xE77B, 0xDF5B, 0xD75B, 0xD71A, 0xCEF9, 0xBE98, 0xC698, 0xCED8, 0xCED8, 0xC6D8, 0xBE77, 0xB657, 0xB657,
    0xB698, 0xBED8, 0xBEB8, 0xBE97, 0xBE97, 0xC697, 0xBE76, 0xC6B7, 0xCED8, 0xCED8, 0xD6D8, 0xDEF9, 0xE739, 0xE719, 0xE719, 0xE719,
    0xE6F9, 0xEEF9, 0xEEF9, 0xEEF8, 0xEEF8, 0xEED8, 0xE6D8, 0xDED8, 0xD6B8, 0xCE77, 0xC657, 0xBE57, 0xBE77, 0xBE77, 0xB677, 0xB677,
    0xB677, 0xBEB8, 0xC6D8, 0xC6B8, 0xC6D8, 0xC6F8, 0xC6F9, 0xC6F9, 0xB6B8, 0xB677, 0xB677, 0xAE77, 0xAE57, 0xAE57, 0xC6F9, 0xC6D9,
    0xC6D9, 0xC6D9, 0xBE98, 0xB637, 0xAE36, 0xAE57, 0xAE98, 0xB6B8, 0xB697, 0xB698, 0xBEB8, 0xBE98, 0xBE98, 0xC6B8, 0xBE78, 0xB657,
    0xB657, 0xB657, 0xB677, 0xB677, 0xB677, 0xB677, 0xB657, 0xBE77, 0xBE57, 0xB636, 0xB636, 0xB636, 0xB636, 0xAE36, 0xA615, 0xA5F5,
    0xD6D8, 0xDED9, 0xD698, 0xCE97, 0xDEF9, 0xDF1A, 0xDEF9, 0xDF19, 0xDF19, 0xD6D9, 0xD6B8, 0xD6D8, 0xCE97, 0xD6D8, 0xDEF9, 0xDEF9,
    0xD6D8, 0xD6D8, 0xDEF9, 0xDF39, 0xDF3A, 0xD6F9, 0xCEB8, 0xCED8, 0xCEB8, 0xCEB7, 0xCED8, 0xCEB8, 0xD6F9, 0xD6D9, 0xCEB8, 0xD6D8,
    0xDF19, 0xE71A, 0xE71A, 0xE719, 0xE6F9, 0xE6F9, 0xE6F9, 0xEEF9, 0xEEF9, 0xE6F9, 0xEEF9, 0xEEF9, 0xE6F9, 0xEF19, 0xEF19, 0xE6D8,
    0xD676, 0xDEB7, 0xE718, 0xEF39, 0xE718, 0xE718, 0xE718, 0xE718, 0xE718, 0xE718, 0xE718, 0xDF18, 0xE718, 0xE718, 0xDF18, 0xE718,
    0xE739, 0xE739, 0xE739, 0xEF59, 0xE719, 0xD6B7, 0xD696, 0xC635, 0xD696, 0xDEF8, 0xE739, 0xE739, 0xE739, 0xDF3A, 0xD719, 0xD6F9,
    0xCED9, 0xC6B8, 0xC6B8, 0xBE78, 0xB637, 0xADF6, 0xB615, 0xBE56, 0xBE77, 0xBE98, 0xBE98, 0xBE98, 0xB698, 0xB697, 0xBED8, 0xC6D8,
    0xC6F8, 0xCF18, 0xC6D7, 0xC6B7, 0xC6D7, 0xC697, 0xC697, 0xCED7, 0xD6F8, 0xDF19, 0xE73A, 0xE73A, 0xE719, 0xE6F9, 0xEEF9, 0xEEF9,
    0xEEF8, 0xEEF8, 0xE6D8, 0xDEF9, 0xD6D9, 0xCE98, 0xC677, 0xBE97, 0xBE97, 0xBE97, 0xBEB8, 0xB6B7, 0xB6B7, 0xBED8, 0xC6F8, 0xC6D8,
    0xC6D8, 0xC6F8, 0xC6D8, 0xBED8, 0xB697, 0xB677, 0xB698, 0xB697, 0xAE56, 0xAE36, 0xC6D9, 0xBED9, 0xC6D9, 0xC6D9, 0xC6B8, 0xBE78,
    0xBE77, 0xB677, 0xB6B8, 0xB698, 0xAE57, 0xB677, 0xB657, 0xAE36, 0xB657, 0xB678, 0xAE36, 0xAE57, 0xB677, 0xAE57, 0xAE57, 0xAE57,
    0xAE57, 0xAE57, 0xAE56, 0xBE97, 0xBE77, 0xBE57, 0xBE77, 0xBE77, 0xB677, 0xB657, 0xAE36, 0xAE36, 0xD6B8, 0xDF19, 0xDEF8, 0xDEF8,
    0xE719, 0xE719, 0xE739, 0xDF19, 0xDEF8, 0xDEF9, 0xDEF9, 0xDED8, 0xD697, 0xD6B7, 0xD6D8, 0xDEF8, 0xDF19, 0xDF19, 0xDEF8, 0xDF19,
    0xDF39, 0xDF19, 0xD6F8, 0xDF19, 0xD6F8, 0xCED8, 0xCEB7, 0xC677, 0xCEB8, 0xD6D8, 0xD6D8, 0xDF19, 0xE719, 0xDEF9, 0xDED8, 0xE6F9,
    0xE6F9, 0xE6D8, 0xDE97, 0xE6B8, 0xEEF9, 0xF71A, 0xEEF9, 0xEED9, 0xEED8, 0xEF19, 0xEF19, 0xDE97, 0xCE15, 0xD635, 0xE6B7, 0xEF18,
    0xEF18, 0xEF18, 0xEF18, 0xE718, 0xE6F8, 0xE6F8, 0xE6F8, 0xE6F8, 0xE719, 0xE718, 0xE6F8, 0xE718, 0xEF39, 0xEF39, 0xE6F8, 0xEF19,
    0xEF39, 0xE6F8, 0xE718, 0xDED7, 0xDED7, 0xDEF8, 0xDF18, 0xE739, 0xE739, 0xDF3A, 0xC677, 0xBE57, 0xBE57, 0xB636, 0xB616, 0xB637,
    0xBE78, 0xB657, 0xB615, 0xBE77, 0xC6D8, 0xCF19, 0xCF1A, 0xBEB8, 0xB657, 0xB677, 0xBE97, 0xBE97, 0xC6B7, 0xCF18, 0xD718, 0xD718,
    0xD739, 0xC6D8, 0xBE97, 0xC6B7, 0xC6B7, 0xCEB7, 0xD6D8, 0xDF19, 0xE739, 0xE719, 0xE719, 0xE719, 0xE719, 0xE719, 0xE719, 0xE719,
    0xDF3A, 0xD71A, 0xCEF9, 0xC6F9, 0xC6F8, 0xBED8, 0xBEF9, 0xC719, 0xBED8, 0xB6B7, 0xB697, 0xB697, 0xBEB7, 0xC6D8, 0xC6D8, 0xBEB8,
    0xB697, 0xBEB8, 0xC6D9, 0xBED9, 0xB697, 0xAE57, 0xB698, 0xB677, 0xB677, 0xBE98, 0xBEB9, 0xC6B9, 0xCEFA, 0xB698, 0xAE98, 0xAE77,
    0xA636, 0xAE57, 0xAE37, 0xAE37, 0xBE98, 0xB698, 0xA616, 0xB678, 0xB6D9, 0xAE78, 0xA657, 0xA657, 0xA656, 0xA656, 0xA656, 0xBEB7,
    0xBE97, 0xBEB7, 0xBEB8, 0xBEB8, 0xBEB7, 0xBEB8, 0xBEB8, 0xB698, 0xD6F9, 0xDF3A, 0xDF19, 0xDF39, 0xE75A, 0xE73A, 0xE73A, 0xDEF8,
    0xD6B8, 0xDED8, 0xDEF8, 0xDEF8, 0xD6F8, 0xCEB7, 0xCEB7, 0xCED8, 0xD6D8, 0xD6D8, 0xCE97, 0xCE97, 0xCED8, 0xD6D8, 0xD6B8, 0xD6B8,
    0xCE97, 0xC656, 0xC656, 0xBE36, 0xCED8, 0xD6F9, 0xD719, 0xE75A, 0xDF1A, 0xCE98, 0xCE77, 0xD6D8, 0xD6D9, 0xCE97, 0xCE57, 0xCE98,
    0xDED9, 0xE6F9, 0xE6F9, 0xE6D9, 0xEEF9, 0xEF3A, 0xEF1A, 0xDE98, 0xD636, 0xC5F5, 0xDE77, 0xE6F8, 0xE6F8, 0xE6F8, 0xE6F8, 0xEF19,
    0xE719, 0xDEF8, 0xDED8, 0xDED8, 0xE719, 0xE719, 0xE6F8, 0xE6F8, 0xEF39, 0xEF19, 0xE6D8, 0xEEF8, 0xEEF9, 0xEF19, 0xEF39, 0xE739,
    0xE718, 0xDEF8, 0xE6F8, 0xE719, 0xE719, 0xE719, 0xCE77, 0xCE57, 0xCE77, 0xBE57, 0xBE37, 0xC678, 0xCEF9, 0xCED8, 0xCE77, 0xD697,
    0xDED9, 0xE73A, 0xDF3A, 0xCED9, 0xC677, 0xCE98, 0xC697, 0xC656, 0xC696, 0xD6D7, 0xDF18, 0xE759, 0xE77A, 0xD71A, 0xC6B8, 0xC697,
    0xC697, 0xC697, 0xC697, 0xCED8, 0xD719, 0xD719, 0xDF39, 0xDF3A, 0xDF19, 0xDF19, 0xDF19, 0xDF19, 0xDF19, 0xDF1A, 0xDF3A, 0xD73A,
    0xCF19, 0xCEF9, 0xCF19, 0xCF19, 0xC6D8, 0xBE97, 0xBE77, 0xBE57, 0xBE77, 0xBE97, 0xBE98, 0xBE97, 0xBE97, 0xC6D8, 0xCF19, 0xCEF9,
    0xBEB8, 0xB657, 0xAE36, 0xAE36, 0xAE36, 0xB657, 0xB678, 0xBEB8, 0xCF1A, 0xBED9, 0xB697, 0xAE56, 0xAE36, 0xB677, 0xB697, 0xBEB8,
    0xC71A, 0xC6F9, 0xAE57, 0xAE57, 0xAE78, 0xAE77, 0xA697, 0xA698, 0xA697, 0x9E56, 0x9E36, 0xAE76, 0xBE97, 0xBED8, 0xBED8, 0xBE97,
    0xB697, 0xBEB8, 0xBEB8, 0xBED8, 0xD71A, 0xD719, 0xCEF9, 0xCED8, 0xD719, 0xDF39, 0xDF19, 0xD6F8, 0xD6D7, 0xD6D7, 0xDEF8, 0xDF38,
    0xC6B7, 0xBE96, 0xC6B7, 0xC6B7, 0xBE96, 0xC697, 0xBE56, 0xC677, 0xCEB7, 0xCED8, 0xD6F8, 0xD6D8, 0xCE97, 0xCE97, 0xCE97, 0xCEB7,
    0xD719, 0xD739, 0xD719, 0xDF3A, 0xCEF9, 0xBE57, 0xAE15, 0xB657, 0xB657, 0xAE16, 0xB657, 0xBEB9, 0xBE78, 0xBE37, 0xCE78, 0xD679,
    0xDEB9, 0xDEDA, 0xD6B9, 0xD698, 0xDEB8, 0xC616, 0xCE57, 0xDEB8, 0xE6F9, 0xE6F9, 0xE6F9, 0xE739, 0xDF39, 0xD6F8, 0xCEB7, 0xD6D8,
    0xDF19, 0xE739, 0xE719, 0xE719, 0xE719, 0xEF19, 0xEEF8, 0xEEF8, 0xEEF8, 0xEEF8, 0xE6F8, 0xE719, 0xE739, 0xE719, 0xE719, 0xEEF9,
    0xEEF9, 0xEEF9, 0xEEF9, 0xEF1A, 0xEF1A, 0xDEF9, 0xDEF9, 0xDF1A, 0xDF3A, 0xE719, 0xEED9, 0xE698, 0xE6B8, 0xEEF9, 0xEF1A, 0xE71A,
    0xE73A, 0xE73A, 0xDED9, 0xDED8, 0xE719, 0xE718, 0xE6F8, 0xEF18, 0xE719, 0xDF1A, 0xD6F9, 0xCED8, 0xC6B8, 0xC6B8, 0xBE97, 0xBE97,
    0xB697, 0xBEB8, 0xCF19, 0xD73A, 0xCF19, 0xCEF9, 0xD6F9, 0xCE97, 0xCE97, 0xD6D8, 0xDF3A, 0xDF3A, 0xDF1A, 0xDF1A, 0xDF3A, 0xDEF9,
    0xD6D9, 0xCEB8, 0xCE98, 0xCE98, 0xC678, 0xBE57, 0xBE57, 0xBE56, 0xBE77, 0xCED8, 0xCEF9, 0xCF1A, 0xCF19, 0xBE77, 0xB657, 0xB657,
    0xB698, 0xBEB8, 0xB698, 0xAE78, 0xB6B9, 0xC6F9, 0xBED8, 0xBE97, 0xBEB7, 0xBEB8, 0xC719, 0xCF3A, 0xC6F9, 0xBEB8, 0xB677, 0xA636,
    0xA636, 0xAE97, 0xB6B8, 0xAE98, 0xA698, 0x9E57, 0x9616, 0xA636, 0xB697, 0xBEB8, 0xB697, 0xAE36, 0xAE16, 0xB677, 0xB677, 0xB697,
    0xC6D9, 0xC6B8, 0xBE97, 0xBE77, 0xC697, 0xC6B8, 0xCEB8, 0xCED8, 0xD6F8, 0xD718, 0xD718, 0xD718, 0xC6D8, 0xBED8, 0xCF39, 0xCF39,
    0xC6F8, 0xC6D8, 0xBE77, 0xC677, 0xC697, 0xD6D8, 0xD6F9, 0xDEF9, 0xDEF9, 0xDEF9, 0xE73A, 0xE75A, 0xD6F8, 0xD6F8, 0xDF39, 0xCED8,
    0xBE56, 0xB636, 0xAE15, 0xBE77, 0xBE77, 0xBE77, 0xC6B8, 0xCF3A, 0xCF1A, 0xBE98, 0xBE57, 0xB637, 0xB617, 0xBE57, 0xB636, 0xB636,
    0xC697, 0xC698, 0xBE56, 0xC677, 0xD6D8, 0xD719, 0xD719, 0xD719, 0xC676, 0xCEB7, 0xDF19, 0xE73A, 0xE73A, 0xE739, 0xE739, 0xE719,
    0xE719, 0xEF18, 0xEF18, 0xEF19, 0xEF19, 0xEF18, 0xEF19, 0xE719, 0xE739, 0xE719, 0xEF19, 0xEEF9, 0xEEF9, 0xF6D9, 0xEEB9, 0xEED9,
    0xEEF9, 0xE6F9, 0xDEF9, 0xDF19, 0xDF3A, 0xE73A, 0xEF1A, 0xEF19, 0xEF3A, 0xEF3A, 0xE6F9, 0xDEF9, 0xDEF9, 0xDED9, 0xD697, 0xD6B7,
    0xE6F8, 0xE718, 0xE718, 0xE718, 0xDEF9, 0xDF1A, 0xDF3A, 0xD719, 0xC6B8, 0xBE77, 0xB697, 0xBEB7, 0xB697, 0xB697, 0xBEB8, 0xBEB8,
    0xBEB8, 0xC6B8, 0xCEF8, 0xC6B7, 0xCEB7, 0xD6D8, 0xD6F9, 0xDF19, 0xDF19, 0xDF19, 0xDEF9, 0xDEF9, 0xD6D9, 0xCEB9, 0xCEB9, 0xCED9,
    0xCEDA, 0xCEF9, 0xCED9, 0xC697, 0xC698, 0xCED9, 0xCEF9, 0xD71A, 0xCF1A, 0xC6B8, 0xBE98, 0xB678, 0xB698, 0xB698, 0xB678, 0xAE57,
    0xA637, 0xAE56, 0xBE97, 0xC6F8, 0xBEB8, 0xBED8, 0xCF5A, 0xC6F9, 0xAE56, 0xAE56, 0xAE56, 0xAE57, 0xB677, 0xB698, 0xB698, 0xA657,
    0x9E37, 0x9E37, 0xA637, 0xA657, 0xAE57, 0xB697, 0xB697, 0xAE36, 0xAE36, 0xAE56, 0xAE36, 0xAE56, 0xB677, 0xB657, 0xB657, 0xB657,
    0xB657, 0xBE77, 0xBE77, 0xBEB8, 0xC6D8, 0xC6D9, 0xC6D8, 0xBEB8, 0xC719, 0xC719, 0xD77A, 0xD77A, 0xCF39, 0xCF19, 0xC6B8, 0xC6B8,
    0xCEF9, 0xD6F9, 0xDF19, 0xDEF9, 0xDF1A, 0xDF1A, 0xE75A, 0xE77A, 0xD6D7, 0xDF18, 0xE759, 0xD6D7, 0xC676, 0xCE97, 0xC696, 0xCEB7,
    0xCED8, 0xCED7, 0xD6F8, 0xDF39, 0xD739, 0xC6D8, 0xB6B8, 0xAE56, 0xA635, 0xAE56, 0xAE36, 0xAE56, 0xBED8, 0xC739, 0xB676, 0xAE55,
    0xB696, 0xBED7, 0xBEB6, 0xB676, 0xB614, 0xCE77, 0xDF19, 0xE75A, 0xDF19, 0xDEF8, 0xE6F9, 0xE6F8, 0xE6F8, 0xE6F8, 0xE718, 0xEF18,
    0xEF19, 0xEF19, 0xEF39, 0xE718, 0xE738, 0xE718, 0xEF19, 0xEEF9, 0xEEF9, 0xF6D9, 0xEEB9, 0xEED9, 0xEEFA, 0xE6FA, 0xD6D9, 0xCEB8,
    0xCEB8, 0xCEB7, 0xCE97, 0xD6B8, 0xDF19, 0xDF3A, 0xDF19, 0xD71A, 0xDF5A, 0xCEB8, 0xC697, 0xC697, 0xD6F8, 0xDF39, 0xDF38, 0xDF18,
    0xD6F8, 0xDF3A, 0xDF7B, 0xD75A, 0xCEF8, 0xBEB7, 0xB6B7, 0xBEB7, 0xB6B7, 0xB697, 0xB697, 0xB677, 0xB676, 0xBE77, 0xC6B8, 0xC6B7,
    0xC6B7, 0xCEB7, 0xCEB8, 0xCEB8, 0xCEB8, 0xCEB8, 0xCED9, 0xCEF9, 0xCEF9, 0xCED9, 0xC6D9, 0xCEF9, 0xCF1A, 0xCF1A, 0xCF1A, 0xCEF9,
    0xD6F9, 0xD6F9, 0xCEF9, 0xD71A, 0xD71A, 0xCED9, 0xCF1A, 0xC6B9, 0xB677, 0xAE36, 0xAE16, 0xA616, 0xAE57, 0xA615, 0xAE36, 0xB697,
    0xAE56, 0xB677, 0xC719, 0xBED8, 0xA636, 0xA615, 0xA616, 0xA616, 0xAE56, 0xAE57, 0xAE57, 0xA616, 0x9E16, 0x9DF6, 0xA616, 0xA657,
    0xA636, 0xAE36, 0xB657, 0xB657, 0xBE77, 0xBE97, 0xB677, 0xB677, 0xAE37, 0xAE37, 0xB657, 0xB658, 0xB678, 0xB678, 0xAE57, 0xAE57,
    0xAE78, 0xB698, 0xAE98, 0xAE77, 0xAE56, 0xB676, 0xBED8, 0xC6F8, 0xC6D8, 0xCEF9, 0xCEF9, 0xCEF9, 0xD719, 0xD71A, 0xD6D9, 0xCEB8,
    0xD6B8, 0xD6B8, 0xD6B7, 0xD6D7, 0xDF18, 0xE738, 0xE738, 0xDF18, 0xDF18, 0xDF18, 0xDF18, 0xE738, 0xE718, 0xDF18, 0xDF18, 0xE738,
    0xDF18, 0xD739, 0xC73A, 0xBEF8, 0xB6D7, 0xBEF8, 0xBED7, 0xB6B7, 0xC738, 0xCF79, 0xBED7, 0xAE75, 0xAE75, 0xAE55, 0xA634, 0xAE35,
    0xBE56, 0xCE97, 0xDEF9, 0xE719, 0xDEF8, 0xD6B7, 0xD697, 0xDEB7, 0xDED8, 0xE6F8, 0xE6F8, 0xE6F8, 0xE718, 0xEF18, 0xEF18, 0xE718,
    0xE718, 0xE718, 0xEF18, 0xEEF9, 0xEEF9, 0xEEF9, 0xEEF9, 0xEEF9, 0xE6FA, 0xDEFA, 0xCE98, 0xBE37, 0xB616, 0xB636, 0xC676, 0xCEB8,
    0xCEF9, 0xCEF9, 0xBE98, 0xBE97, 0xBED8, 0xC6F9, 0xC6D8, 0xC6D8, 0xCF39, 0xDF79, 0xDF79, 0xD739, 0xCEF8, 0xCEF8, 0xD739, 0xCF39,
    0xCF19, 0xBED8, 0xBEB7, 0xB6B7, 0xB6B7, 0xBEB7, 0xBEB7, 0xBE97, 0xB656, 0xBE56, 0xBE97, 0xC6B7, 0xC697, 0xC697, 0xC697, 0xBE76,
    0xBE56, 0xBE76, 0xBE97, 0xBE97, 0xBE97, 0xBE97, 0xBE98, 0xB6B8, 0xB6B8, 0xBEB8, 0xC6D9, 0xD71A, 0xCED9, 0xC6B8, 0xC698, 0xC698,
    0xC6B8, 0xCED9, 0xCEF9, 0xCEF9, 0xCEF9, 0xC6B8, 0xB657, 0xAE36, 0xAE37, 0xB657, 0xAE56, 0xA636, 0xAE36, 0xAE56, 0xB6B8, 0xBED8,
    0xB6B8, 0xB697, 0xAE57, 0xAE56, 0xB677, 0xB697, 0xB697, 0xB697, 0xAE77, 0xA637, 0xA637, 0xAE77, 0xB677, 0xB657, 0xBE77, 0xC698,
    0xC6B8, 0xC698, 0xC6B8, 0xC6B8, 0xB657, 0xAE37, 0xB678, 0xB678, 0xAE58, 0xAE57, 0xA657, 0xA637, 0xA657, 0xA658, 0xA678, 0xAE98,
    0xBED8, 0xBEB7, 0xBEB7, 0xB676, 0xAE15, 0xB656, 0xBE77, 0xBE77, 0xC697, 0xC697, 0xBE36, 0xB616, 0xBE36, 0xBE36, 0xBE15, 0xCE75,
    0xE738, 0xE718, 0xD6D7, 0xE718, 0xE759, 0xDEF7, 0xE738, 0xE738, 0xE738, 0xE718, 0xE718, 0xE737, 0xE718, 0xDF59, 0xDF7A, 0xCF39,
    0xCF39, 0xD77A, 0xD759, 0xCF18, 0xCF59, 0xCF59, 0xC718, 0xC6D7, 0xBE96, 0xB675, 0xB675, 0xC6B7, 0xDF19, 0xE6F9, 0xE6F9, 0xE6F9,
    0xE6F9, 0xDED8, 0xD697, 0xDEB7, 0xDED8, 0xDED8, 0xE6F8, 0xE6F8, 0xE6F8, 0xE718, 0xE718, 0xE718, 0xE718, 0xEF18, 0xEF18, 0xEEF8,
    0xEEF9, 0xEEF9, 0xEEF9, 0xE6D9, 0xDEB9, 0xDEF9, 0xCED9, 0xBE57, 0xB636, 0xB657, 0xBE97, 0xC6D8, 0xC6F9, 0xBEB8, 0xAE57, 0xA636,
    0xAE56, 0xB697, 0xB697, 0xB676, 0xB697, 0xC6D7, 0xC6F7, 0xC6D7, 0xC6B7, 0xBE97, 0xBEB7, 0xBEB7, 0xC6D7, 0xC6D7, 0xBEB7, 0xB696,
    0xBEB7, 0xC6F8, 0xC6F8, 0xC6D7, 0xC6B7, 0xC697, 0xC6B7, 0xC6B7, 0xC697, 0xC6B7, 0xC6B7, 0xC6B7, 0xBE96, 0xB676, 0xB676, 0xB676,
    0xB677, 0xB697, 0xB6B8, 0xB6B8, 0xB6B8, 0xB697, 0xB698, 0xC6B9, 0xC698, 0xB657, 0xB636, 0xB637, 0xBE77, 0xC6D9, 0xC6B8, 0xCF1A,
    0xD75B, 0xD71A, 0xC6B8, 0xBE97, 0xBE77, 0xBED9, 0xB677, 0xA636, 0xB677, 0xAE77, 0xAE56, 0xB677, 0xB6B8, 0xB698, 0xB697, 0xB6B8,
    0xBED9, 0xBEF9, 0xC6F9, 0xC719, 0xB6D9, 0xAE78, 0xAE57, 0xB678, 0xBE98, 0xBE98, 0xC698, 0xC698, 0xCE98, 0xC677, 0xCEB9, 0xCED9,
    0xC699, 0xBE98, 0xC6B9, 0xBEB9, 0xB658, 0xAE57, 0xAE78, 0xAE98, 0xA678, 0xA658, 0xA699, 0xAEB9, 0xC6F9, 0xBED8, 0xBED8, 0xB677,
    0xB656, 0xBE98, 0xCED9, 0xCED9, 0xCEF9, 0xD71A, 0xC6B8, 0xC698, 0xD6F9, 0xD6FA, 0xCEB8, 0xC676, 0xD6F8, 0xD6D8, 0xD6D7, 0xDF18,
    0xE718, 0xDED7, 0xE718, 0xE718, 0xE718, 0xEF38, 0xEF38, 0xEF17, 0xEF38, 0xEF39, 0xE73A, 0xDEF9, 0xDEF9, 0xE75A, 0xE73A, 0xDF19,
    0xDF19, 0xDEF8, 0xDF19, 0xDF19, 0xDEF8, 0xD6D7, 0xD6F8, 0xE739, 0xEF5A, 0xEF3A, 0xE719, 0xE719, 0xEF19, 0xE719, 0xE6F8, 0xDED8,
    0xDEF8, 0xE6F8, 0xE6F8, 0xE6F8, 0xE6F8, 0xE718, 0xE718, 0xE718, 0xEF18, 0xEF18, 0xEF18, 0xEEF8, 0xEEF9, 0xEEF9, 0xEEF9, 0xD678,
    0xCE77, 0xD6D9, 0xD6FA, 0xC6B9, 0xBE78, 0xB677, 0xAE56, 0xB677, 0xB6B8, 0xBED9, 0xB6B8, 0xB698, 0xB698, 0xAE77, 0xB697, 0xB677,
    0xB676, 0xBEB7, 0xC6F8, 0xCF18, 0xC6D7, 0xBEB6, 0xBE96, 0xBE96, 0xBEB6, 0xC6B7, 0xC6B7, 0xBEB7, 0xCED7, 0xD739, 0xD719, 0xD6F8,
    0xD719, 0xDF19, 0xD6F8, 0xCEF8, 0xC6B7, 0xCED7, 0xC6D7, 0xC6B7, 0xBEB7, 0xB676, 0xB676, 0xB676, 0xB677, 0xB697, 0xB6B7, 0xB6B8,
    0xAE97, 0xAE77, 0xB697, 0xC6FA, 0xCEFA, 0xC6B9, 0xBEB9, 0xC6D9, 0xC6F9, 0xD73B, 0xBE98, 0xC6D9, 0xC6D8, 0xBE77, 0xBE77, 0xC6D8,
    0xCF19, 0xC719, 0xAE97, 0xA636, 0xAE77, 0xAE57, 0xA616, 0xA636, 0xAE57, 0xAE57, 0xAE57, 0xB698, 0xBED8, 0xBED8, 0xBEB8, 0xBED9,
    0xB6B8, 0xAE77, 0xAE36, 0xAE57, 0xBE77, 0xC698, 0xBE77, 0xC677, 0xCE98, 0xC677, 0xCE98, 0xCEB9, 0xD6F9, 0xD6F9, 0xD73A, 0xD71A,
    0xBEB8, 0xB677, 0xC6FA, 0xC71A, 0xB6B9, 0xA657, 0xA678, 0xAE98, 0xAE57, 0xB656, 0xBE77, 0xB657, 0xB636, 0xC6B8, 0xCF1A, 0xD73A,
    0xDF7B, 0xDF7B, 0xD6FA, 0xCED9, 0xDF3B, 0xDF5B, 0xDF3A, 0xD6F9, 0xC677, 0xCEB7, 0xDF39, 0xE759, 0xE739, 0xE739, 0xE739, 0xDF18,
    0xE718, 0xE718, 0xE718, 0xE6F7, 0xE717, 0xEF18, 0xEED9, 0xDE77, 0xDE77, 0xEEF9, 0xEEF9, 0xEEF9, 0xEF19, 0xEEF9, 0xEEF9, 0xF719,
    0xEF19, 0xE6F8, 0xE6F8, 0xEF39, 0xE6F9, 0xE6F9, 0xE6F9, 0xEF19, 0xEF19, 0xEF19, 0xEF19, 0xE719, 0xE719, 0xE718, 0xE718, 0xE718,
    0xE718, 0xE738, 0xE738, 0xE718, 0xEF18, 0xEF18, 0xEF18, 0xEEF8, 0xEEF9, 0xEEF9, 0xE6D9, 0xCE36, 0xBDF6, 0xCE98, 0xD6F9, 0xC6B9,
    0xB678, 0xB678, 0xBEB8, 0xB697, 0xB6B8, 0xBEB8, 0xB6B8, 0xAE77, 0xA657, 0xAE57, 0xB6B8, 0xB698, 0xB676, 0xBE97, 0xCF18, 0xD75A,
    0xD738, 0xCF18, 0xCF18, 0xCED7, 0xC6B6, 0xC6B7, 0xD6F8, 0xD718, 0xD718, 0xDF59, 0xDF39, 0xDF19, 0xE739, 0xE719, 0xDEF8, 0xDF39,
    0xDF39, 0xD719, 0xCED8, 0xCED8, 0xC6D8, 0xBEB7, 0xC6D8, 0xBED8, 0xBED8, 0xBED8, 0xB6B8, 0xAE97, 0xAE77, 0xAE77, 0xAE77, 0xB698,
    0xBED9, 0xBEB9, 0xBEB8, 0xBEB8, 0xB698, 0xBED9, 0xAE56, 0xB677, 0xAE56, 0xAE35, 0xB676, 0xC6F8, 0xCF19, 0xC73A, 0xBEF9, 0xAE98,
    0xA657, 0xA636, 0xB6B8, 0xBEF9, 0xBED9, 0xBEF9, 0xB698, 0xAE77, 0xAE57, 0xAE36, 0xAE56, 0xAE77, 0xAE77, 0xB678, 0xAE57, 0xAE36,
    0xB677, 0xC6B8, 0xC677, 0xC677, 0xCEB8, 0xCE98, 0xC677, 0xCE98, 0xDEF8, 0xDF19, 0xE75A, 0xDF5A, 0xDF5A, 0xD73A, 0xC6D9, 0xBEB8,
    0xB677, 0xAE56, 0xAE57, 0xB698, 0xB657, 0xB657, 0xB636, 0xADF5, 0xADF5, 0xBE57, 0xBE77, 0xC6B8, 0xCEB8, 0xC698, 0xBE57, 0xBE57,
    0xC677, 0xC677, 0xC698, 0xD71A, 0xBE57, 0xB636, 0xBE77, 0xC697, 0xC697, 0xCE97, 0xD6F8, 0xE739, 0xE739, 0xE719, 0xDEF8, 0xDEF8,
    0xE718, 0xEED8, 0xEEB8, 0xEEB8, 0xEEB8, 0xF6D9, 0xEED9, 0xEED9, 0xF6F9, 0xEEF9, 0xF71A, 0xF71A, 0xEEF9, 0xEEF9, 0xEEF9, 0xEF19,
    0xE6D9, 0xE6F9, 0xEF19, 0xE719, 0xEF1A, 0xEF3A, 0xE719, 0xE719, 0xE719, 0xE719, 0xE739, 0xE739, 0xDEF8, 0xD6D7, 0xD6B6, 0xE718,
    0xEF38, 0xEF18, 0xEF18, 0xEF39, 0xEEF8, 0xE6F9, 0xDED8, 0xD698, 0xC637, 0xCE98, 0xCED9, 0xB637, 0xAE16, 0xBE78, 0xBE98, 0xB657,
    0xB677, 0xC71A, 0xBEB9, 0xA616, 0xB677, 0xB677, 0xAE57, 0xB656, 0xBE97, 0xCF19, 0xD739, 0xD719, 0xD719, 0xDF59, 0xE759, 0xDF19,
    0xD6F8, 0xDF18, 0xDF19, 0xDF19, 0xE739, 0xE719, 0xE719, 0xE719, 0xE719, 0xE719, 0xE719, 0xE719, 0xE739, 0xDF39, 0xDF19, 0xD719,
    0xD719, 0xD719, 0xD739, 0xCF19, 0xC719, 0xBEF8, 0xBED8, 0xB6D8, 0xB6B7, 0xAE77, 0xAE57, 0xAE98, 0xB698, 0xB698, 0xAE98, 0xAE77,
    0xA656, 0xAE77, 0xA636, 0xA656, 0xAE56, 0xAE76, 0xB6B7, 0xBF18, 0xC719, 0xC73A, 0xBF1A, 0xAE98, 0xA636, 0xAE57, 0xB6D9, 0xBED9,
    0xAE98, 0xAE98, 0xAE77, 0xAE77, 0xAE77, 0xAE57, 0xA636, 0xAE57, 0xAE57, 0xAE77, 0xAE77, 0xB677, 0xBEB8, 0xCED9, 0xCEB8, 0xCEB8,
    0xCEB8, 0xCE98, 0xC698, 0xCEB9, 0xDED7, 0xDEF8, 0xE739, 0xE739, 0xDF39, 0xD6F8, 0xBE76, 0xB635, 0xB656, 0xB656, 0xBE77, 0xC6D8,
    0xCED8, 0xCEF9, 0xC697, 0xBE56, 0xBE77, 0xC6B8, 0xCED8, 0xCEB8, 0xC698, 0xC677, 0xBE36, 0xB616, 0xBE16, 0xBE36, 0xC678, 0xC698,
    0xB657, 0xAE16, 0xB616, 0xB636, 0xB636, 0xB616, 0xC677, 0xCED8, 0xDEF9, 0xD6F8, 0xD6D8, 0xDF19, 0xE75A, 0xE6D8, 0xE6B8, 0xEEF9,
    0xEF19, 0xEEF9, 0xE6B8, 0xDEB8, 0xDEB7, 0xE6D8, 0xEF19, 0xEF3A, 0xE6F9, 0xE6F9, 0xE6F9, 0xDED8, 0xE6F9, 0xEF19, 0xEF1A, 0xE6F9,
    0xE719, 0xE719, 0xDED8, 0xDEF8, 0xE719, 0xE718, 0xE739, 0xE718, 0xDEF8, 0xD6B6, 0xD696, 0xE718, 0xEF39, 0xE6F8, 0xE6F8, 0xEF39,
    0xE6F9, 0xE6F8, 0xE719, 0xE73A, 0xD6B8, 0xD6D9, 0xD6FA, 0xB636, 0xB616, 0xC698, 0xBE98, 0xB637, 0xB657, 0xCF3B, 0xC6B9, 0xA5F6,
    0xB658, 0xAE17, 0xB637, 0xC698, 0xD71A, 0xDF3A, 0xDF19, 0xD6F8, 0xD6F8, 0xDF39, 0xE75A, 0xDF39, 0xE719, 0xE73A, 0xE739, 0xE719,
    0xE719, 0xE719, 0xE6F9, 0xE6F9, 0xE6F9, 0xE6F9, 0xE719, 0xE6F9, 0xE719, 0xDF19, 0xDF19, 0xE739, 0xDF39, 0xDF3A, 0xD739, 0xCEF9,
    0xC6F8, 0xC6D8, 0xBED8, 0xBED8, 0xB6B8, 0xAE77, 0xAE77, 0xAE77, 0xAE77, 0xAE98, 0xAE97, 0xA677, 0xA676, 0xA677, 0xAE97, 0xAE97,
    0xA676, 0xA656, 0xAE96, 0xB6D7, 0xB6D7, 0xB6B8, 0xB6B8, 0xAE78, 0xA636, 0xA636, 0xAE57, 0xAE77, 0xAE57, 0xA657, 0xAE57, 0xAE57,
    0xAE57, 0xA637, 0xAE57, 0xB6B8, 0xAE77, 0xAE77, 0xAE57, 0xB677, 0xBEB8, 0xCED8, 0xCED8, 0xCEB8, 0xCEB8, 0xCE98, 0xC698, 0xC6B8,
    0xE6F7, 0xDED7, 0xDEF8, 0xDF18, 0xDF18, 0xD6D7, 0xC696, 0xC696, 0xCEB7, 0xCED7, 0xD6F8, 0xDF39, 0xDF3A, 0xDF5A, 0xD719, 0xD6F9,
    0xD6F9, 0xDF3A, 0xDF3A, 0xD719, 0xDF1A, 0xD6F9, 0xCE98, 0xBE36, 0xBE36, 0xCE98, 0xCEB8, 0xB657, 0xB657, 0xB657, 0xBE98, 0xC698,
    0xBE78, 0xB657, 0xB5F5, 0xBE36, 0xBE57, 0xC677, 0xCEB8, 0xD6F9, 0xDF19, 0xD6D8, 0xD6D8, 0xDF39, 0xE759, 0xDF39, 0xD6F8, 0xCEB7,
    0xCEB7, 0xC696, 0xCEF8, 0xD719, 0xD719, 0xCEF8, 0xCEF8, 0xC6B7, 0xD697, 0xDED8, 0xE6F9, 0xE6F9, 0xE719, 0xE719, 0xDED8, 0xDEF8,
    0xE719, 0xE718, 0xE718, 0xE718, 0xE718, 0xDED7, 0xDED7, 0xE738, 0xE718, 0xDEB7, 0xDED7, 0xE719, 0xE719, 0xDEF8, 0xEF5A, 0xEF7B,
    0xDF19, 0xDF1A, 0xDF3A, 0xC697, 0xC677, 0xCEF9, 0xCED9, 0xBE57, 0xBE57, 0xCF1A, 0xC6B9, 0xAE17, 0xB658, 0xB617, 0xB617, 0xCE99,
    0xDF1A, 0xDF1A, 0xDED9, 0xDEF9, 0xD6D8, 0xD6F8, 0xDEF9, 0xDEF8, 0xDEF9, 0xE719, 0xE739, 0xE719, 0xE719, 0xE719, 0xE6F9, 0xDEF9,
    0xDED8, 0xDED8, 0xDEF9, 0xE6F9, 0xDEB8, 0xDEB8, 0xDEF8, 0xE739, 0xE739, 0xDEF9, 0xCE97, 0xC677, 0xBE97, 0xC6B7, 0xC6B8, 0xBEB8,
    0xB677, 0xB697, 0xB698, 0xAE97, 0xAE97, 0xAE97, 0xAEB8, 0xAE97, 0xAE97, 0xAE97, 0xAED8, 0xAED8, 0xA697, 0x9E56, 0x9E56, 0xA676,
    0xA656, 0xA656, 0xAE56, 0xAE77, 0xA636, 0xA636, 0xA636, 0xAE57, 0xAE57, 0xAE57, 0xAE77, 0xAE77, 0xAE77, 0xAE56, 0xAE77, 0xBED8,
    0xB6B8, 0xB698, 0xAE57, 0xAE56, 0xBE97, 0xC6B8, 0xCEB8, 0xCEB8, 0xCEB8, 0xC698, 0xBE77, 0xB657, 0xDEF7, 0xD6D7, 0xD6D7, 0xDF18,
    0xE739, 0xE738, 0xDF18, 0xDEF8, 0xDF18, 0xDF18, 0xDF39, 0xE759, 0xE73A, 0xE73A, 0xDF19, 0xDF19, 0xDF19, 0xDF19, 0xDEF9, 0xDF39,
    0xE75A, 0xE75A, 0xDEF9, 0xCEB8, 0xCE97, 0xD6F9, 0xD6F9, 0xC698, 0xC6B9, 0xCED9, 0xD71A, 0xD71A, 0xCEF9, 0xCEB9, 0xB616, 0xB616,
    0xB616, 0xB636, 0xBE57, 0xC677, 0xBE57, 0xBE76, 0xC6B7, 0xCEF7, 0xCF18, 0xCF18, 0xC6F8, 0xC6D7, 0xBEB6, 0xAE55, 0xB696, 0xB6D7,
    0xB6D7, 0xB6D7, 0xB6B7, 0xAE76, 0xB615, 0xCE56, 0xD6B8, 0xDEF9, 0xE719, 0xE739, 0xE719, 0xE719, 0xE719, 0xE6F8, 0xE6F8, 0xE718,
    0xE718, 0xE6F8, 0xE6F8, 0xE739, 0xDEF8, 0xCE77, 0xD6B7, 0xE739, 0xE73A, 0xE719, 0xDF19, 0xE73A, 0xDF19, 0xDF19, 0xE75A, 0xDEF9,
    0xDEF9, 0xDF1A, 0xCED9, 0xC677, 0xBE57, 0xCED9, 0xC6B9, 0xBE78, 0xCEFA, 0xD6FA, 0xB5F6, 0xBDF6, 0xD6D9, 0xE71A, 0xE6F9, 0xE6F9,
    0xCEB8, 0xCEB7, 0xCEB7, 0xCE97, 0xD6B8, 0xD6B8, 0xDEB8, 0xDEF9, 0xE71A, 0xE719, 0xDEF9, 0xDED8, 0xD6D8, 0xD6D8, 0xD6D8, 0xE6F9,
    0xE6D8, 0xD697, 0xD697, 0xD6B7, 0xD6B8, 0xD697, 0xC656, 0xBE36, 0xBE36, 0xBE56, 0xBE97, 0xC6B8, 0xBE98, 0xBE98, 0xBED9, 0xB6B8,
    0xB697, 0xAE97, 0xAE97, 0xAE97, 0xAEB7, 0xAEB7, 0xAEB7, 0xAEB7, 0xA697, 0xA676, 0xA676, 0xA676, 0xA676, 0xAE77, 0xAE56, 0xA616,
    0xA636, 0xB698, 0xBED8, 0xB677, 0xA616, 0xA616, 0xAE56, 0xB698, 0xBED8, 0xB6B8, 0xB697, 0xAE97, 0xBED9, 0xBED8, 0xB697, 0xB657,
    0xBE97, 0xCEB8, 0xCEB8, 0xCEB8, 0xC698, 0xC697, 0xB657, 0xAE36, 0xCED7, 0xCEB7, 0xD6F8, 0xDF39, 0xE759, 0xDF39, 0xDF39, 0xDEF8,
    0xDEF8, 0xDEF8, 0xE6F8, 0xDF19, 0xE719, 0xE719, 0xDEF9, 0xE719, 0xE719, 0xDF19, 0xDED8, 0xDF19, 0xE739, 0xE73A, 0xE73A, 0xE739,
    0xE739, 0xDF19, 0xDF19, 0xDF19, 0xDF19, 0xDF3A, 0xDF3A, 0xDF3A, 0xDF3A, 0xDF3A, 0xCEB8, 0xCE98, 0xC677, 0xC657, 0xC697, 0xC677,
    0xBE36, 0xB635, 0xB655, 0xB676, 0xB675, 0xB655, 0xAE55, 0xAE55, 0xAE75, 0xA655, 0xA676, 0xA676, 0xA655, 0xA676, 0xA696, 0xA656,
    0xADD4, 0xC615, 0xD697, 0xDEF8, 0xE719, 0xE73A, 0xE739, 0xE719, 0xE719, 0xE6F8, 0xE6F8, 0xE718, 0xEF19, 0xEF18, 0xE718, 0xE719,
    0xD6D8, 0xC656, 0xCE97, 0xE739, 0xE75A, 0xE73A, 0xDF19, 0xE739, 0xDF19, 0xDF19, 0xE75A, 0xE75A, 0xE75A, 0xE73A, 0xD6F9, 0xC6B8,
    0xBE78, 0xC698, 0xBE98, 0xCED9, 0xDF7C, 0xE77C, 0xC657, 0xBE16, 0xD6D9, 0xEF3A, 0xE719, 0xE6F9, 0xD6D8, 0xC6B8, 0xC697, 0xC697,
    0xCE97, 0xCE77, 0xCE77, 0xD6B8, 0xDF3A, 0xD719, 0xCED8, 0xCEB8, 0xC6B8, 0xC6B8, 0xCEB8, 0xDEF9, 0xDEB7, 0xD697, 0xD6B7, 0xDED8,
    0xDED8, 0xD6B7, 0xC656, 0xC656, 0xBE56, 0xBE56, 0xC697, 0xC6B8, 0xC6B8, 0xC6D8, 0xC6D8, 0xBE98, 0xB677, 0xAE56, 0xAE56, 0xAE56,
    0xA656, 0xAE77, 0xAE97, 0xAE97, 0xAE97, 0xAEB8, 0xAEB7, 0xAE97, 0xA677, 0xAE77, 0xAE56, 0xAE36, 0xB677, 0xC6F9, 0xCF3A, 0xBEB8,
    0xAE36, 0xAE36, 0xA615, 0xB677, 0xC6F9, 0xC719, 0xBEB8, 0xAE57, 0xBEF9, 0xBEF9, 0xBED8, 0xBEB8, 0xC6D8, 0xCEF9, 0xCED8, 0xCED8,
    0xC6B8, 0xC6B8, 0xB677, 0xAE56, 0xBE97, 0xBE97, 0xC6F8, 0xD719, 0xD719, 0xDF19, 0xE739, 0xE719, 0xDEF9, 0xE719, 0xEF3A, 0xEF39,
    0xEF39, 0xE6F9, 0xE6F9, 0xEF3A, 0xEF5A, 0xE739, 0xE719, 0xE719, 0xE719, 0xE719, 0xE739, 0xEF5A, 0xEF5A, 0xE739, 0xE719, 0xE739,
    0xE739, 0xE719, 0xE719, 0xE719, 0xE739, 0xE739, 0xE719, 0xDF19, 0xDEF9, 0xD6D9, 0xDF19, 0xDEF9, 0xCED8, 0xCED8, 0xCED8, 0xC6B7,
    0xBE76, 0xB656, 0xB656, 0xB676, 0xB677, 0xB697, 0xB677, 0xAE56, 0xA636, 0xAE77, 0xAE97, 0xAE56, 0xB635, 0xCE77, 0xD6D8, 0xDEF9,
    0xDEF9, 0xE719, 0xE719, 0xE719, 0xE719, 0xE6F8, 0xE6F8, 0xEF19, 0xEF19, 0xEF18, 0xE719, 0xDF19, 0xD6F9, 0xC677, 0xC697, 0xD6F9,
    0xDF19, 0xDF19, 0xDF39, 0xE75A, 0xE75A, 0xE718, 0xE719, 0xEF59, 0xEF39, 0xDF39, 0xD719, 0xCED9, 0xC698, 0xBE57, 0xB657, 0xC6B9,
    0xD73B, 0xCEFA, 0xD6D9, 0xDEFA, 0xE75B, 0xE73A, 0xE719, 0xE73A, 0xD73A, 0xCF19, 0xC6D8, 0xC6D8, 0xCED8, 0xC698, 0xC677, 0xC6B8,
    0xD719, 0xCEF9, 0xC6B8, 0xBE97, 0xBE97, 0xB6B7, 0xBE97, 0xDF39, 0xDF19, 0xDEF8, 0xDF19, 0xDF19, 0xDF19, 0xDF19, 0xDF19, 0xD6F9,
    0xCEB8, 0xC697, 0xC6B8, 0xCED8, 0xCED9, 0xC6D9, 0xC6B8, 0xBE97, 0xBE77, 0xBE77, 0xB677, 0xB657, 0xB657, 0xB677, 0xB677, 0xAE57,
    0xAE77, 0xAE97, 0xAE78, 0xA657, 0xA657, 0xA636, 0xB677, 0xBED8, 0xC6D8, 0xC6D8, 0xC6F9, 0xBED8, 0xBED8, 0xB697, 0xA615, 0xA615,
    0xB697, 0xC6F9, 0xC6F9, 0xBED8, 0xBED8, 0xBEF9, 0xC6F9, 0xC6D8, 0xCEF9, 0xCF19, 0xCEF8, 0xCEF8, 0xCEF9, 0xC6D8, 0xB697, 0xA677,
    0xA677, 0xAE77, 0xB6B8, 0xBEB8, 0xC6B8, 0xD6F9, 0xDF1A, 0xDEF9, 0xD6D8, 0xE6F9, 0xEF3A, 0xEF3A, 0xE719, 0xDEB7, 0xDED7, 0xEF19,
    0xEF39, 0xE718, 0xE718, 0xE6F8, 0xE718, 0xE6F8, 0xE6F8, 0xE718, 0xE718, 0xE718, 0xE718, 0xEF18, 0xEEF8, 0xEF18, 0xE6F8, 0xE6F8,
    0xE718, 0xE718, 0xE718, 0xE739, 0xE719, 0xE719, 0xE73A, 0xE75A, 0xE73A, 0xE73A, 0xEF3A, 0xE71A, 0xE6F9, 0xDED9, 0xDED9, 0xDEF9,
    0xDEFA, 0xD6D9, 0xCED9, 0xC698, 0xC698, 0xC6B9, 0xC6B9, 0xC678, 0xC677, 0xD6D8, 0xDF39, 0xDF19, 0xDEF9, 0xDF19, 0xE719, 0xE719,
    0xE719, 0xEEF8, 0xEF18, 0xF719, 0xF719, 0xF718, 0xEEF9, 0xDF1A, 0xD6FA, 0xC677, 0xBE57, 0xC697, 0xC697, 0xCEB7, 0xD6D8, 0xDEF8,
    0xDF18, 0xD6B7, 0xD696, 0xE6F8, 0xE6F7, 0xD6D7, 0xC6D8, 0xBEB7, 0xBE97, 0xB677, 0xB677, 0xBE98, 0xBE77, 0xB657, 0xCED9, 0xDF3A,
    0xDF19, 0xDF19, 0xE719, 0xE719, 0xD75A, 0xC719, 0xBED8, 0xBEF8, 0xC6F9, 0xC6D8, 0xBE97, 0xBEB7, 0xC6F8, 0xC6F8, 0xBED8, 0xB6D7,
    0xB6B7, 0xAEB7, 0xB696, 0xD6F8, 0xDF18, 0xE739, 0xE759, 0xE759, 0xDF39, 0xDF39, 0xDF19, 0xDF39, 0xD719, 0xCEF9, 0xCEF9, 0xCED9,
    0xCED9, 0xC6D9, 0xCED9, 0xCED8, 0xCEB8, 0xCED9, 0xCED9, 0xCED9, 0xC6D9, 0xC6D9, 0xBEB8, 0xB677, 0xAE57, 0xAE57, 0xAE57, 0xAE57,
    0xAE77, 0xAE57, 0xBEB7, 0xCF39, 0xCF39, 0xC6F8, 0xC6D8, 0xC6F9, 0xC719, 0xBE97, 0xAE15, 0xA5F4, 0xAE35, 0xBE97, 0xC6F8, 0xCF3A,
    0xB6B7, 0xBEB8, 0xBEB8, 0xBE97, 0xC6D8, 0xCEF9, 0xCF19, 0xCF19, 0xC6F8, 0xBEB7, 0xAE97, 0xA677, 0xA636, 0xA657, 0xAE77, 0xAE57,
    0xAE36, 0xBE57, 0xC677, 0xBE36, 0xBDF6, 0xC636, 0xCE77, 0xCE77, 0xD6B7, 0xCE56, 0xCE56, 0xD6D8, 0xDEF8, 0xD6D8, 0xD6B7, 0xDEF8,
    0xE719, 0xE719, 0xDED8, 0xD697, 0xD697, 0xE6F9, 0xEF19, 0xEED7, 0xEEF7, 0xF718, 0xF738, 0xEF18, 0xEF38, 0xEF38, 0xDED7, 0xE6F8,
    0xE718, 0xE6F8, 0xE719, 0xE739, 0xEF39, 0xE6D8, 0xE698, 0xEED9, 0xEEF9, 0xEED9, 0xEEFA, 0xEF1B, 0xEF1B, 0xE71B, 0xE71B, 0xDF1A,
    0xDEFB, 0xDF1B, 0xDEFA, 0xCEB9, 0xC697, 0xD6F8, 0xDF39, 0xDF39, 0xDF19, 0xE739, 0xEF5A, 0xEF39, 0xE719, 0xEEF9, 0xEF19, 0xEF39,
    0xF739, 0xEF19, 0xE6F9, 0xDF1A, 0xD71A, 0xC677, 0xBE36, 0xBE36, 0xBE36, 0xBE36, 0xBE35, 0xC656, 0xCE76, 0xC635, 0xC635, 0xD6D7,
    0xD6D7, 0xC676, 0xB656, 0xAE35, 0xB677, 0xBEB8, 0xBED9, 0xB698, 0xA5F6, 0xAE36, 0xB657, 0xBE57, 0xBE56, 0xD6F8, 0xE75A, 0xDF19,
    0xCF39, 0xBEF9, 0xB6B7, 0xB6B8, 0xBED8, 0xBEB8, 0xB6B8, 0xBEB8, 0xB6B8, 0xBED8, 0xBEF8, 0xBF19, 0xB6F8, 0xAEB7, 0xAE76, 0xC6B7,
    0xD718, 0xDF39, 0xDF19, 0xCED7, 0xCEB7, 0xCED8, 0xD6F8, 0xD719, 0xD73A, 0xD73A, 0xD73A, 0xCEF9, 0xC6D9, 0xC6F9, 0xCED9, 0xCEB8,
    0xCEB8, 0xCED9, 0xD6F9, 0xCED9, 0xCEF9, 0xCF1A, 0xD73A, 0xBEB9, 0xB657, 0xB657, 0xB657, 0xB678, 0xC6D9, 0xC6F9, 0xC6F9, 0xCF39,
    0xCF3A, 0xD75A, 0xD75A, 0xCF3A, 0xC6D8, 0xAE56, 0xAE56, 0xAE56, 0xB656, 0xB677, 0xC6D8, 0xCF5A, 0xB677, 0xB677, 0xB677, 0xB656,
    0xBE76, 0xC6D8, 0xCF19, 0xC6D8, 0xB677, 0xAE56, 0xA656, 0xA677, 0xB697, 0xCF3A, 0xD79B, 0xD77B, 0xD73A, 0xD73A, 0xCED9, 0xBE57,
    0xBE36, 0xC677, 0xCE98, 0xCEB8, 0xDF5A, 0xCED8, 0xC697, 0xBE77, 0xB656, 0xBE56, 0xC6B8, 0xCED8, 0xBE36, 0xB5D4, 0xC636, 0xD698,
    0xDEB8, 0xE6D9, 0xEEF9, 0xEEF8, 0xEEF8, 0xEF18, 0xEF39, 0xEF39, 0xEF59, 0xEF59, 0xE718, 0xE718, 0xE718, 0xE718, 0xE719, 0xEF19,
    0xEEF9, 0xEED9, 0xEEB9, 0xEED9, 0xEED9, 0xEEF9, 0xF71A, 0xEEF9, 0xE6D9, 0xEF1A, 0xEF3B, 0xDED9, 0xDED9, 0xE73B, 0xE73B, 0xD6D9,
    0xDF7B, 0xD739, 0xC697, 0xC677, 0xD6D8, 0xE71A, 0xE6F9, 0xEEF9, 0xEF1A, 0xE6D9, 0xE6F9, 0xE719, 0xDF19, 0xDEF9, 0xDF19, 0xE75A,
    0xDF19, 0xDF1A, 0xDF1A, 0xCEB8, 0xC656, 0xBE36, 0xC657, 0xBE36, 0xB615, 0xBE56, 0xBE97, 0xBE77, 0xB636, 0xAE36, 0xB676, 0xAE76,
    0xAE77, 0xAE57, 0xAE57, 0xAE78, 0xAE58, 0xAE58, 0xCF3B, 0xB678, 0xB616, 0xBE57, 0xADB4, 0xB615, 0xBE98, 0xB6B8, 0xB698, 0xB6B9,
    0xB6B9, 0xB6B9, 0xB698, 0xBEB9, 0xBED9, 0xB6B9, 0xBEB9, 0xBED9, 0xBED9, 0xBED9, 0xBED8, 0xC6B7, 0xCED7, 0xD718, 0xD719, 0xC6B7,
    0xC676, 0xBE76, 0xBE56, 0xBE76, 0xB676, 0xB676, 0xAE76, 0xAE96, 0xAE97, 0xAE97, 0xB677, 0xBE36, 0xBE36, 0xC698, 0xD71A, 0xCF1A,
    0xC6D8, 0xC6D9, 0xC719, 0xCF3A, 0xC6D9, 0xBE98, 0xBE98, 0xC6D9, 0xCF1A, 0xC719, 0xC739, 0xCF5A, 0xC719, 0xBED8, 0xBEB7, 0xBEF8,
    0xBEF8, 0xAE56, 0xAE56, 0xAE76, 0xB6B7, 0xB6B7, 0xB697, 0xC6F9, 0xC6B8, 0xB656, 0xB636, 0xBE77, 0xC6F9, 0xCF1A, 0xCF3A, 0xC6F9,
    0xB698, 0xAE97, 0xAE77, 0xA677, 0xBE97, 0xC6F9, 0xCF19, 0xCF19, 0xCEF9, 0xD71A, 0xD73A, 0xD719, 0xD71A, 0xDF5B, 0xE79B, 0xDF9B,
    0xD75A, 0xCF39, 0xC6D8, 0xB677, 0xB677, 0xBED8, 0xD75A, 0xD73A, 0xC697, 0xBE36, 0xCE98, 0xDEFA, 0xE6FA, 0xE6DA, 0xEEF9, 0xEF19,
    0xEEF8, 0xEF18, 0xE6F8, 0xE6F8, 0xDEF8, 0xDEF8, 0xE738, 0xE738, 0xE718, 0xE718, 0xEF18, 0xEEF8, 0xEEF9, 0xF719, 0xF71A, 0xEEF9,
    0xEEF9, 0xEF1A, 0xF73A, 0xEF3A, 0xE6F9, 0xE6F9, 0xEF3A, 0xE73A, 0xE71A, 0xE73B, 0xDF1A, 0xCE98, 0xBE56, 0xBE97, 0xC6B7, 0xCED8,
    0xDF19, 0xEF1A, 0xE6D9, 0xEEFA, 0xEF1A, 0xEF1A, 0xE71A, 0xE73A, 0xE75A, 0xE77A, 0xE77B, 0xD6F9, 0xD719, 0xDF3A, 0xE75A, 0xDEF9,
    0xCE98, 0xC636, 0xBE36, 0xBE16, 0xBE57, 0xC6D8, 0xCF19, 0xC6F9, 0xBED8, 0xB677, 0xAE56, 0xB677, 0xB6B8, 0xB6B8, 0xAE98, 0xAE78,
    0xA658, 0xAE58, 0xC73B, 0xBEDA, 0xBE98, 0xBE98, 0xB636, 0xBE77, 0xBE98, 0xB698, 0xB698, 0xB698, 0xB698, 0xB698, 0xB698, 0xB678,
    0xB678, 0xB678, 0xBE99, 0xC6D9, 0xBEB9, 0xBE98, 0xC698, 0xC6B7, 0xBE97, 0xC6D7, 0xCED8, 0xC697, 0xCE97, 0xCEB8, 0xC677, 0xBE56,
    0xB656, 0xAE76, 0xAE76, 0xAE96, 0xAEB7, 0xAE96, 0xB656, 0xB636, 0xBE57, 0xBE98, 0xBEB8, 0xBE97, 0xAE77, 0xAE56, 0xA615, 0xB6B8,
    0xC6F9, 0xC6F9, 0xC6F9, 0xBE98, 0xB636, 0xB677, 0xB6B7, 0xB6B7, 0xB697, 0xAE76, 0xAE56, 0xB697, 0xB697, 0xAE56, 0xAE56, 0xAE76,
    0xB6B8, 0xBED8, 0xBED8, 0xCF3A, 0xC6D9, 0xBE77, 0xBE77, 0xC6D9, 0xCF3A, 0xCF3A, 0xCF3A, 0xBEB8, 0xAE77, 0xA657, 0xA657, 0xA657,
    0xB677, 0xB677, 0xBE77, 0xBE77, 0xBE56, 0xBE77, 0xC6B8, 0xC698, 0xC677, 0xBE56, 0xBE36, 0xB615, 0xBE77, 0xC6B8, 0xB677, 0xAE15,
    0xAE36, 0xC6F9, 0xD77B, 0xD73A, 0xC6B8, 0xC6B8, 0xDEF9, 0xE75B, 0xE73A, 0xE6FA, 0xEEF9, 0xEF19, 0xEEF8, 0xEF18, 0xE6F8, 0xE6F8,
    0xDEF8, 0xDEF8, 0xE718, 0xE718, 0xE718, 0xE718, 0xEEF8, 0xEEF8, 0xEEF8, 0xE6D8, 0xE6F9, 0xE6F9, 0xE6F9, 0xE6D9, 0xDED8, 0xD697,
    0xCE57, 0xD6B8, 0xDF1A, 0xDF1A, 0xD6D9, 0xCED9, 0xCED9, 0xC698, 0xA5D4, 0xB655, 0xC6D8, 0xD6F8, 0xDEF9, 0xE719, 0xEF1A, 0xE6F9,
    0xE6D9, 0xE6F9, 0xDED9, 0xD6B8, 0xCED8, 0xD719, 0xD719, 0xC677, 0xD6F9, 0xDF3A, 0xE75B, 0xE75A, 0xDEF9, 0xC677, 0xBE15, 0xBE36,
    0xC6B8, 0xD73A, 0xD75A, 0xCF3A, 0xCF39, 0xC6D8, 0xB677, 0xB697, 0xB697, 0xB698, 0xAE98, 0xAE78, 0xAE78, 0xAE78, 0xBEDA, 0xC6FA,
    0xBE98, 0xBE77, 0xCEB8, 0xD6F9, 0xC6B8, 0xBE98, 0xBE98, 0xBE98, 0xBE98, 0xBE98, 0xBE98, 0xBE98, 0xBE77, 0xBE77, 0xBE98, 0xC698,
    0xC697, 0xC677, 0xC698, 0xC697, 0xC6B7, 0xCED8, 0xD6F8, 0xD6F8, 0xDEF9, 0xDEF9, 0xD6D9, 0xCEB8, 0xC6B8, 0xBE97, 0xB697, 0xB6B7,
    0xAEB7, 0xAE76, 0xAE36, 0xBE77, 0xC6D9, 0xC6D9, 0xBE98, 0xB697, 0xAE97, 0xAE97, 0xA635, 0xAE97, 0xAE77, 0xAE77, 0xB697, 0xB677,
    0xB677, 0xB677, 0xAE56, 0xAE56, 0xAE56, 0xAE36, 0xAE56, 0xAE56, 0xAE56, 0xAE56, 0xA636, 0xA636, 0xB697, 0xB6B8, 0xB6B8, 0xC719,
    0xC6D9, 0xBE98, 0xBE98, 0xC6F9, 0xCF1A, 0xC719, 0xC6F9, 0xAE77, 0xA636, 0x9E16, 0x9E36, 0x9E37, 0xBE56, 0xB615, 0xB615, 0xB636,
    0xBE56, 0xC697, 0xCED8, 0xCED8, 0xC677, 0xBE16, 0xB5F5, 0xB5F5, 0xB636, 0xBE77, 0xB656, 0xADF5, 0xBE77, 0xD73A, 0xD75A, 0xC6D8,
    0xBE77, 0xC677, 0xCED9, 0xDF1A, 0xE71A, 0xE71A, 0xEF1A, 0xEEF9, 0xEEF8, 0xEF19, 0xEF39, 0xEF39, 0xEF59, 0xEF59, 0xE718, 0xE718,
    0xE718, 0xE718, 0xEF18, 0xEEF8, 0xEEF8, 0xE6D7, 0xE6F8, 0xEF39, 0xE719, 0xDEF8, 0xCE97, 0xBDF5, 0xB5D4, 0xCEB8, 0xCED8, 0xC697,
    0xB636, 0xB637, 0xBE98, 0xC6D9, 0xB676, 0xBE97, 0xC6B7, 0xC697, 0xCE97, 0xDED8, 0xE71A, 0xE6F9, 0xE6D9, 0xDED9, 0xCE97, 0xBE36,
    0xBE36, 0xBE76, 0xBE97, 0xB616, 0xC698, 0xD6D9, 0xDF1A, 0xE73A, 0xDF1A, 0xCE98, 0xC656, 0xCE77, 0xD6F8, 0xDF5A, 0xDF5A, 0xD739,
    0xD739, 0xD759, 0xCF19, 0xBE97, 0xAE36, 0xA616, 0xAE37, 0xB678, 0xB698, 0xB678, 0xB657, 0xBEB8, 0xB657, 0xB616, 0xD6F9, 0xE75B,
    0xD719, 0xCED8, 0xCED8, 0xCED8, 0xCED8, 0xCED8, 0xCED8, 0xD719, 0xDF3A, 0xD6F8, 0xCEB7, 0xCE97, 0xCE97, 0xCEB8, 0xD6D8, 0xCEB8,
    0xD6F8, 0xDF19, 0xDF19, 0xDEF9, 0xE71A, 0xDEF9, 0xDF1A, 0xDF1A, 0xD6F9, 0xC6B8, 0xBE97, 0xB697, 0xB676, 0xAE56, 0xAE36, 0xB677,
    0xBED8, 0xB6B8, 0xAE56, 0xA636, 0xA656, 0xA676, 0xAEB7, 0xAEB7, 0xA636, 0x9E15, 0xA636, 0xAE77, 0xBEF9, 0xBEB8, 0xB677, 0xAE56,
    0xAE56, 0xAE57, 0xB677, 0xAE56, 0xAE36, 0xAE36, 0xAE36, 0xA615, 0xAE56, 0xAE57, 0xAE77, 0xB6B8, 0xBED8, 0xBE97, 0xB677, 0xBEB8,
    0xBEB8, 0xB698, 0xB697, 0xAE57, 0xA636, 0x9E16, 0x9E16, 0x9E36, 0xBE56, 0xBE36, 0xBE76, 0xCEB8, 0xCED8, 0xCEB8, 0xD719, 0xDF19,
    0xD6F9, 0xD719, 0xDF3A, 0xE75A, 0xD6F9, 0xDF1A, 0xCEF9, 0xC6B8, 0xD719, 0xD75A, 0xC6D8, 0xB656, 0xB636, 0xB636, 0xBE57, 0xCE98,
    0xD6D9, 0xDF1A, 0xEF3A, 0xEEF9, 0xEEF8, 0xEF19, 0xEF19, 0xE719, 0xE739, 0xE739, 0xE718, 0xE718, 0xE718, 0xE6F8, 0xE6F8, 0xEEF8,
    0xEEF8, 0xE6F8, 0xE739, 0xEF59, 0xE739, 0xDEF8, 0xD6D8, 0xCE97, 0xC677, 0xCEF9, 0xCEF9, 0xBEB8, 0xAE56, 0xA616, 0xAE57, 0xB698,
    0xB697, 0xB697, 0xB656, 0xB636, 0xC677, 0xD6B8, 0xDED9, 0xD698, 0xD698, 0xD6D8, 0xCE77, 0xBE15, 0xB636, 0xBE56, 0xB656, 0xADF5,
    0xBE56, 0xC677, 0xCEB8, 0xD6F9, 0xDEF9, 0xD6B8, 0xDEF9, 0xDF19, 0xE739, 0xE759, 0xDF18, 0xD718, 0xDF39, 0xDF7A, 0xD759, 0xC6B8,
    0xB656, 0xAE36, 0xAE36, 0xB657, 0xB677, 0xB657, 0xAE16, 0xC6B8, 0xC698, 0xBE56, 0xD719, 0xDF3A, 0xDF39, 0xDF19, 0xDEF8, 0xDEF8,
    0xDF18, 0xDF18, 0xDF19, 0xE739, 0xE77A, 0xE739, 0xDF19, 0xDEF8, 0xDF19, 0xDF19, 0xDF18, 0xDF19, 0xD6F8, 0xD6D8, 0xD6B8, 0xD698,
    0xDED9, 0xDEB8, 0xDED9, 0xDED9, 0xD6B8, 0xC697, 0xBE57, 0xBE77, 0xBE77, 0xB677, 0xBE98, 0xC6F9, 0xC719, 0xBED8, 0xAE77, 0xAE77,
    0xA677, 0xA656, 0xA676, 0xAE97, 0xA676, 0xAE97, 0xAE97, 0xAE76, 0xAE77, 0xB697, 0xB657, 0xAE36, 0xAE56, 0xAE77, 0xB677, 0xAE56,
    0xA616, 0xAE56, 0xAE56, 0xAE36, 0xAE77, 0xB697, 0xB697, 0xBEB8, 0xC6D8, 0xB697, 0xAE56, 0xAE77, 0xAE77, 0xAE77, 0xAE77, 0xAE97,
    0xA677, 0x9E56, 0x9E36, 0x9E36, 0xBE76, 0xC6B7, 0xD6F8, 0xDF59, 0xDF39, 0xDF39, 0xDF59, 0xDF19, 0xD6F8, 0xDF19, 0xE73A, 0xE75A,
    0xE75B, 0xE75B, 0xDF3A, 0xD6F9, 0xCEF9, 0xC6B8, 0xB635, 0xAE15, 0xB636, 0xB616, 0xB615, 0xBE16, 0xC677, 0xD6D9, 0xE719, 0xEF39,
    0xEF19, 0xE6F8, 0xE6D8, 0xDEB7, 0xDEB7, 0xD6B7, 0xE718, 0xE6F8, 0xE6F8, 0xE6F8, 0xE6F8, 0xE6F8, 0xE6F8, 0xE718, 0xE718, 0xDED7,
    0xCE76, 0xC656, 0xCED7, 0xDF39, 0xDF3A, 0xCEF9, 0xCF3A, 0xCF3A, 0xBED9, 0xAE77, 0xA636, 0xA636, 0xAE56, 0xAE55, 0xAE56, 0xBE77,
    0xCED8, 0xD6D9, 0xCE98, 0xBE16, 0xBE15, 0xC636, 0xBE16, 0xB5F5, 0xBE36, 0xBE76, 0xB656, 0xB636, 0xB616, 0xBE57, 0xCEB8, 0xD6D9,
    0xD6D9, 0xDEF9, 0xEF7A, 0xEF7A, 0xE739, 0xE739, 0xDF18, 0xD6F7, 0xDF58, 0xDF59, 0xD719, 0xCEF8, 0xCED8, 0xCEB8, 0xC6B8, 0xB656,
    0xB616, 0xB636, 0xB636, 0xD6F9, 0xDF3A, 0xD719, 0xDF19, 0xDEF8, 0xDF18, 0xDF18, 0xDF18, 0xDF18, 0xE738, 0xE739, 0xE739, 0xDF18,
    0xDEF8, 0xE739, 0xE759, 0xEF59, 0xEF7A, 0xE759, 0xDEF8, 0xDEF9, 0xD6D8, 0xCE97, 0xCE56, 0xCE57, 0xDED8, 0xDED9, 0xDE98, 0xD698,
    0xD698, 0xCE98, 0xCE98, 0xCEB8, 0xCEF9, 0xCEF9, 0xC6F9, 0xC71A, 0xC719, 0xBEF9, 0xB6B8, 0xB6B7, 0xAE97, 0xAE97, 0xAE97, 0xAE97,
    0xA676, 0xA677, 0xAE77, 0xA636, 0xA656, 0xAE56, 0xAE36, 0xAE15, 0xAE36, 0xAE56, 0xB657, 0xAE36, 0xAE36, 0xB677, 0xBEB8, 0xBE98,
    0xBED8, 0xC6F9, 0xC6D9, 0xC6F9, 0xC6F9, 0xB6B7, 0xAE77, 0xAE77, 0xAE77, 0xAE77, 0xAE97, 0xAEB8, 0xAEB8, 0xA677, 0x9E56, 0x9E57,
    0xCEB7, 0xD6F8, 0xD738, 0xD718, 0xDF39, 0xE77A, 0xE759, 0xDF18, 0xD6F8, 0xDF18, 0xDF39, 0xDF19, 0xDEF9, 0xE71A, 0xE71A, 0xD6D9,
    0xC677, 0xBE56, 0xB656, 0xBE77, 0xBE97, 0xBE97, 0xB656, 0xB615, 0xB636, 0xC677, 0xD6B8, 0xEF39, 0xEF19, 0xE6F8, 0xDED7, 0xDEB7,
    0xD696, 0xD676, 0xE6F8, 0xE6F8, 0xE6F8, 0xE6F8, 0xE6F8, 0xE6F8, 0xE6F8, 0xE6F8, 0xE6F7, 0xDEB7, 0xCE75, 0xC655, 0xCEB7, 0xDF39,
    0xD739, 0xBE97, 0xC6B8, 0xBED8, 0xBEB8, 0xB678, 0xAE57, 0xAE77, 0xB697, 0xBEB7, 0xBED8, 0xC6F8, 0xD719, 0xD73A, 0xCED9, 0xC657,
    0xC657, 0xC698, 0xBE77, 0xBE77, 0xCED8, 0xC6D8, 0xBE97, 0xBE98, 0xAE36, 0xBE98, 0xD71A, 0xD6F9, 0xD6D8, 0xE719, 0xE73A, 0xE6F9,
    0xDED7, 0xDED7, 0xD6D6, 0xD6D6, 0xDF17, 0xDF38, 0xDF19, 0xD718, 0xD719, 0xD719, 0xD719, 0xCEB7, 0xBE76, 0xC697, 0xC676, 0xCEB8,
    0xDF3A, 0xE75A, 0xDF19, 0xDEF8, 0xD6F8, 0xD6F8, 0xDEF8, 0xDF18, 0xE739, 0xE759, 0xE739, 0xDF18, 0xDEF8, 0xDF18, 0xDF18, 0xDEF8,
    0xDF18, 0xDEF8, 0xD6D8, 0xD6B8, 0xCEB8, 0xD6B8, 0xCEB7, 0xD6B8, 0xDEF9, 0xDED9, 0xD6B8, 0xD6B8, 0xD6D9, 0xDEF9, 0xD6F9, 0xD6F9,
    0xCEF9, 0xCEB8, 0xBE77, 0xB656, 0xB677, 0xB697, 0xB697, 0xAE56, 0xAE76, 0xB6B7, 0xBF19, 0xB6B8, 0xA656, 0xA656, 0xA656, 0xA636,
    0xAE77, 0xAE56, 0xAE36, 0xB657, 0xB677, 0xBE98, 0xBEB8, 0xBEB8, 0xBEB8, 0xC6D9, 0xCF3A, 0xC6F9, 0xC6F9, 0xCF1A, 0xC6B8, 0xBE98,
    0xB6D8, 0xAE97, 0xAE97, 0xAE97, 0xAE97, 0xAE97, 0xAE97, 0xAEB8, 0xA6B8, 0x9E77, 0x9E36, 0x9656, 0xD6F8, 0xD718, 0xD6F8, 0xCE97,
    0xC655, 0xBE55, 0xC655, 0xC655, 0xCE76, 0xDEF8, 0xE739, 0xDEF9, 0xDEB8, 0xDED9, 0xE6FA, 0xDEF9, 0xCEB8, 0xCE98, 0xD719, 0xD739,
    0xCF19, 0xCED8, 0xBE76, 0xB615, 0xB636, 0xBE56, 0xCEB7, 0xEF39, 0xE718, 0xE6F8, 0xE6F8, 0xE6F8, 0xDED7, 0xDED7, 0xE6F8, 0xE6F8,
    0xE6F8, 0xE6F8, 0xE6F8, 0xE6F8, 0xE6F8, 0xEF18, 0xEF39, 0xEF39, 0xE6F8, 0xDED8, 0xDEF8, 0xDF19, 0xD6F8, 0xBE16, 0xB636, 0xB657,
    0xB677, 0xBE98, 0xBEB9, 0xC6D9, 0xC719, 0xCF5A, 0xCF5A, 0xCF39, 0xD73A, 0xDF5A, 0xDF3A, 0xD71A, 0xDF5A, 0xDF7B, 0xDF5A, 0xDF5A,
    0xDF9B, 0xDF9B, 0xCF3A, 0xC6D9, 0xB637, 0xC6B8, 0xDF7B, 0xDF3A, 0xD6D9, 0xE73A, 0xDED8, 0xD697, 0xD676, 0xD696, 0xD6D7, 0xD696,
    0xD6B6, 0xDF18, 0xE75A, 0xDF19, 0xDEF8, 0xDF19, 0xDF39, 0xDF19, 0xD6F8, 0xD6F8, 0xCEB7, 0xC676, 0xD6D8, 0xDF19, 0xDEF8, 0xDF18,
    0xCEB7, 0xCEB7, 0xCED7, 0xD6F8, 0xD718, 0xDF19, 0xDF39, 0xDF39, 0xDF39, 0xD6D8, 0xC676, 0xC656, 0xC677, 0xCE97, 0xCE97, 0xC697,
    0xCEB7, 0xD6F8, 0xD719, 0xDF19, 0xDEF9, 0xD6B8, 0xCE98, 0xD6D8, 0xDF1A, 0xDF1A, 0xD6F9, 0xC698, 0xBE57, 0xB636, 0xB616, 0xB616,
    0xB657, 0xBEB8, 0xC6D9, 0xBEB8, 0xBED8, 0xCF3A, 0xC6F9, 0xBEB8, 0xB677, 0xB677, 0xB677, 0xAE56, 0xAE57, 0xB677, 0xBE98, 0xBEB8,
    0xC6D9, 0xC719, 0xCF1A, 0xCF3A, 0xCF3A, 0xCF3A, 0xD75B, 0xCF1A, 0xC6D9, 0xBEB8, 0xB677, 0xAE36, 0xAE77, 0xAE96, 0xAE97, 0xAEB7,
    0xAEB7, 0xA697, 0xA697, 0xA6B7, 0xA697, 0x9E77, 0x9E56, 0x9E57, 0xD6F8, 0xDF39, 0xD718, 0xC676, 0xBE35, 0xC676, 0xCE97, 0xCE96,
    0xD6B7, 0xE739, 0xE75A, 0xDEF9, 0xCE56, 0xC5F5, 0xC616, 0xD6B8, 0xE73A, 0xDF5A, 0xD739, 0xDF7A, 0xD719, 0xBE76, 0xB635, 0xB635,
    0xCED8, 0xDF5A, 0xDF39, 0xE719, 0xE6D8, 0xE6D8, 0xE718, 0xEF18, 0xEF18, 0xEF39, 0xE718, 0xE718, 0xE6F8, 0xE6F8, 0xE6F8, 0xE6F8,
    0xE6F8, 0xEEF8, 0xEF18, 0xEEF8, 0xEEF8, 0xE6F8, 0xE6F8, 0xE719, 0xDEF9, 0xD6B8, 0xDF3A, 0xDF5B, 0xCEFA, 0xCEFA, 0xCEFA, 0xBE78,
    0xB677, 0xBED8, 0xC719, 0xC6F9, 0xCF19, 0xD75A, 0xDF5A, 0xDF5A, 0xD73A, 0xD719, 0xD719, 0xCF19, 0xCEF9, 0xCF19, 0xD75A, 0xCF3B,
    0xAE36, 0xB677, 0xCF1A, 0xD71A, 0xDF3A, 0xE73A, 0xDF19, 0xDEF8, 0xD6B7, 0xE718, 0xEF59, 0xD6B6, 0xC654, 0xDED7, 0xE759, 0xE719,
    0xDF18, 0xE739, 0xE739, 0xDF18, 0xE718, 0xE739, 0xE759, 0xDF19, 0xD6D8, 0xDEF8, 0xDEF8, 0xCE97, 0xBE56, 0xBE56, 0xBE77, 0xBE56,
    0xB636, 0xBE36, 0xC6B8, 0xCEF9, 0xCED8, 0xBE56, 0xB5F5, 0xBE56, 0xC698, 0xC697, 0xBE77, 0xC6B7, 0xCEF8, 0xCEF8, 0xCEF8, 0xCEF8,
    0xCEB8, 0xC697, 0xC677, 0xCEB8, 0xD6F9, 0xD6F9, 0xC698, 0xBE56, 0xBE56, 0xBE97, 0xBE77, 0xBE57, 0xBE77, 0xC6B8, 0xCEF9, 0xCF1A,
    0xCEF9, 0xC6B8, 0xBE98, 0xBE98, 0xB677, 0xAE36, 0xB657, 0xBEB8, 0xBEB8, 0xC6F9, 0xC6F9, 0xC6D9, 0xBED9, 0xC6D9, 0xC6F9, 0xCF3A,
    0xCF3A, 0xC71A, 0xBEB8, 0xB677, 0xAE36, 0xAE36, 0xB677, 0xB698, 0xAE97, 0xAE97, 0xAE97, 0xAEB7, 0xAEB7, 0xAEB7, 0xAEB8, 0xAEB8,
    0xA6B8, 0xA697, 0xA697, 0xA698, 0xD719, 0xDF39, 0xDF39, 0xDF39, 0xDF39, 0xDF39, 0xDF39, 0xDEF8, 0xDEF8, 0xDF19, 0xE75A, 0xE75A,
    0xCE56, 0xCE36, 0xD677, 0xDEF9, 0xE75A, 0xE75A, 0xDF5A, 0xD739, 0xCEF8, 0xC6B7, 0xCED8, 0xCEF8, 0xDF5A, 0xDF7A, 0xDF39, 0xE739,
    0xEF39, 0xEF39, 0xEF19, 0xE6F8, 0xE6F8, 0xEF19, 0xEF18, 0xE718, 0xE6F8, 0xE6F8, 0xE718, 0xEF39, 0xEF59, 0xEF19, 0xEEF9, 0xEEF9,
    0xEEF9, 0xE6F9, 0xE6F9, 0xE6F9, 0xE719, 0xE73B, 0xE73B, 0xD6D9, 0xBE16, 0xB5F6, 0xBE57, 0xB636, 0xAE15, 0xAE56, 0xB676, 0xB656,
    0xBEB7, 0xCF19, 0xD75A, 0xCEF9, 0xBE77, 0xB636, 0xB636, 0xB636, 0xB636, 0xB656, 0xBEB8, 0xBEB9, 0xAE37, 0xB657, 0xBE77, 0xBE57,
    0xCED9, 0xDF19, 0xE75A, 0xE73A, 0xD697, 0xD696, 0xDED7, 0xD6D7, 0xDEF8, 0xE719, 0xDEF8, 0xDEF8, 0xDEF8, 0xEF59, 0xEF59, 0xDEF8,
    0xDED7, 0xE739, 0xE739, 0xE719, 0xDF19, 0xE759, 0xE77A, 0xDF39, 0xC697, 0xB677, 0xB657, 0xBE77, 0xBE77, 0xB657, 0xBE77, 0xBE77,
    0xBE98, 0xBE98, 0xBE98, 0xC6B8, 0xCED9, 0xC6B8, 0xC698, 0xBE97, 0xBEB7, 0xC6B7, 0xC6D7, 0xC6B7, 0xBE97, 0xB635, 0xBE56, 0xC6B8,
    0xCED8, 0xCED9, 0xC6D8, 0xC6B8, 0xC6B8, 0xC6D8, 0xCED9, 0xCED9, 0xCEB9, 0xCEB9, 0xCEB9, 0xC6B9, 0xC698, 0xC698, 0xC6B8, 0xC6B8,
    0xBE98, 0xBE77, 0xBE98, 0xC6D8, 0xC6D9, 0xBE98, 0xB677, 0xAE77, 0xAE57, 0xAE77, 0xB698, 0xBEB8, 0xB6B8, 0xB698, 0xB677, 0xAE57,
    0xAE57, 0xAE57, 0xAE77, 0xB697, 0xA677, 0xA697, 0xA697, 0xA697, 0xA6B7, 0xA6B7, 0xAEB7, 0xA6B7, 0xA697, 0xA697, 0xA697, 0xA677,
    0xDF5A, 0xDF59, 0xD719, 0xDF5A, 0xE77A, 0xDF39, 0xD719, 0xD6F8, 0xCEB7, 0xC676, 0xCEB7, 0xE739, 0xE6D9, 0xDED8, 0xE6F9, 0xE73A,
    0xE73A, 0xD6F8, 0xCED8, 0xC6B7, 0xC697, 0xD718, 0xDF7A, 0xDF5A, 0xDF5A, 0xDF39, 0xDEF8, 0xDF18, 0xE739, 0xEF39, 0xEF39, 0xE6D8,
    0xE6D8, 0xEF19, 0xEF19, 0xEEF8, 0xE6F8, 0xE6F8, 0xE718, 0xE739, 0xEF39, 0xEF39, 0xEF19, 0xEF19, 0xEF1A, 0xEF1A, 0xEF1A, 0xE71A,
    0xE71A, 0xE71A, 0xE71A, 0xD698, 0xBDD5, 0xB5B5, 0xC636, 0xC657, 0xBE57, 0xB656, 0xAE36, 0xAE15, 0xB636, 0xC6B8, 0xCEF9, 0xCED9,
    0xC698, 0xBE57, 0xBE36, 0xB636, 0xB616, 0xB636, 0xB657, 0xAE57, 0xAE77, 0xB657, 0xAE16, 0xB636, 0xCED9, 0xDF3A, 0xDEF9, 0xDF1A,
    0xDF19, 0xDEF8, 0xDF19, 0xDF19, 0xDF19, 0xDF19, 0xDEF9, 0xD697, 0xD677, 0xDEF8, 0xEF39, 0xE6F8, 0xE6F8, 0xE718, 0xE718, 0xE718,
    0xDF18, 0xDF19, 0xDF19, 0xD719, 0xBE77, 0xB657, 0xBE78, 0xBEB8, 0xC6D9, 0xC6B9, 0xBE98, 0xB657, 0xB677, 0xC6D9, 0xCEFA, 0xCF1A,
    0xCF1A, 0xC6D9, 0xC6B8, 0xBE97, 0xBEB7, 0xBE96, 0xBE96, 0xBEB7, 0xBE97, 0xB656, 0xBE97, 0xBEB7, 0xBE97, 0xBE97, 0xBE97, 0xC6B8,
    0xCEF9, 0xD73A, 0xD73A, 0xD71A, 0xD6F9, 0xCED9, 0xC698, 0xC677, 0xBE37, 0xB616, 0xC678, 0xCEB9, 0xD6F9, 0xD71A, 0xCEF9, 0xC6B8,
    0xB657, 0xAE36, 0xA636, 0xA636, 0xA636, 0xA636, 0xAE57, 0xAE57, 0xAE57, 0xA636, 0xA636, 0xA657, 0xAE57, 0xAE77, 0xAE77, 0xAE97,
    0xA697, 0xA696, 0xA697, 0xA697, 0xA697, 0xA6B7, 0xA697, 0xA697, 0xA697, 0xA697, 0xA677, 0xA677, 0xDF7B, 0xDF5A, 0xCEF8, 0xCED8,
    0xCED8, 0xCED8, 0xCEB7, 0xCED8, 0xC697, 0xBE15, 0xC656, 0xDF19, 0xEF5A, 0xEF3A, 0xEF3A, 0xEF5A, 0xDF19, 0xCE97, 0xBE56, 0xBE35,
    0xBE76, 0xD739, 0xE79A, 0xD719, 0xCEB7, 0xD6B8, 0xD6B7, 0xD6B7, 0xD6B7, 0xDED8, 0xE718, 0xEEF8, 0xE6F8, 0xEEF8, 0xEEF8, 0xEEF8,
    0xEF19, 0xE718, 0xE6F8, 0xDED7, 0xD697, 0xD697, 0xD698, 0xD698, 0xD698, 0xD6B8, 0xD6B8, 0xD6B8, 0xD698, 0xCE77, 0xD6B8, 0xD6D8,
    0xCE77, 0xC677, 0xD6D8, 0xD6F9, 0xD73A, 0xC6F9, 0xB677, 0xAE16, 0xB636, 0xB656, 0xBE56, 0xCED8, 0xD71A, 0xCED9, 0xCED8, 0xC698,
    0xBE36, 0xB616, 0xB636, 0xAE36, 0xB698, 0xB678, 0xAE36, 0xBE78, 0xD71A, 0xDF3A, 0xD71A, 0xDF3A, 0xDEF9, 0xCEB8, 0xCEB8, 0xD6F9,
    0xDF19, 0xDF3A, 0xE719, 0xD677, 0xC615, 0xD696, 0xE6F8, 0xEF18, 0xEF59, 0xE718, 0xEF39, 0xE759, 0xE739, 0xDF19, 0xCED8, 0xC697,
    0xB657, 0xBE78, 0xC6D9, 0xC6F9, 0xCEFA, 0xC6F9, 0xC6D9, 0xB677, 0xB657, 0xC6D9, 0xC6F9, 0xCF1A, 0xC6F9, 0xBEB8, 0xBE97, 0xBEB7,
    0xBEB7, 0xBEB7, 0xBEB7, 0xC6B7, 0xC6D8, 0xC6D8, 0xBEB8, 0xB697, 0xB656, 0xAE36, 0xAE36, 0xB677, 0xC6D8, 0xCF3A, 0xD71A, 0xD6FA,
    0xD6F9, 0xCED9, 0xCEB9, 0xC678, 0xBE57, 0xBE37, 0xCEB8, 0xCEB9, 0xCED9, 0xC6D9, 0xBE98, 0xB677, 0xAE36, 0xAE36, 0xA657, 0xA636,
    0xA636, 0xA636, 0xA657, 0xAE57, 0xA657, 0xA636, 0xA636, 0xA636, 0xA657, 0xAE77, 0xAE77, 0xAE97, 0xA697, 0xA697, 0xA697, 0xA697,
    0xAE97, 0xAE97, 0xAE97, 0xAEB7, 0xAE97, 0xA697, 0xA677, 0xA677, 0xD75A, 0xD73A, 0xC6B8, 0xBE56, 0xBE56, 0xBE56, 0xBE77, 0xC698,
    0xC677, 0xBE36, 0xC677, 0xD719, 0xE719, 0xDED8, 0xDED8, 0xDF19, 0xDF39, 0xD6F8, 0xCEB7, 0xBE55, 0xBE56, 0xD718, 0xDF59, 0xCE76,
    0xBE15, 0xC656, 0xD697, 0xCE76, 0xC635, 0xD676, 0xE6F8, 0xEF39, 0xEF19, 0xEED8, 0xEED8, 0xEEF8, 0xEF19, 0xEF18, 0xDED7, 0xD696,
    0xC635, 0xC636, 0xBE36, 0xB5F6, 0xB5F5, 0xBE16, 0xBE36, 0xBE36, 0xBE16, 0xBE35, 0xCE97, 0xDF19, 0xDF19, 0xDF19, 0xDF59, 0xDF39,
    0xDF7B, 0xCEF9, 0xBE77, 0xBE57, 0xB657, 0xB636, 0xADF5, 0xC6B8, 0xD73A, 0xD71A, 0xD71A, 0xCED9, 0xC657, 0xBE16, 0xB616, 0xB677,
    0xBED9, 0xB698, 0xB657, 0xBEB9, 0xC6D9, 0xC698, 0xDF3A, 0xCED9, 0xC678, 0xB616, 0xB5F6, 0xBE57, 0xCEF9, 0xD71A, 0xDEF9, 0xD677,
    0xCE56, 0xDEB7, 0xE6F8, 0xE718, 0xEF18, 0xDEB7, 0xDEF8, 0xE739, 0xE75A, 0xD6F9, 0xC697, 0xBE56, 0xBE57, 0xC6D9, 0xCF3A, 0xCF19,
    0xC6D8, 0xC6D8, 0xC6B8, 0xBE98, 0xBE77, 0xBE98, 0xB677, 0xBE98, 0xBE98, 0xB677, 0xB656, 0xBE76, 0xC6B7, 0xCEF8, 0xCF19, 0xCF18,
    0xC6F8, 0xC6D8, 0xBEB7, 0xB676, 0xB676, 0xB656, 0xB656, 0xB677, 0xBEB8, 0xC6B8, 0xC6B8, 0xC6B8, 0xC698, 0xC698, 0xBE77, 0xC698,
    0xC6B8, 0xCED9, 0xCEF9, 0xC698, 0xB656, 0xAE16, 0xAE16, 0xAE57, 0xBEB8, 0xAE77, 0xA657, 0xA657, 0xA637, 0xA657, 0xA657, 0xA657,
    0xA657, 0xAE77, 0xA657, 0xA657, 0xA657, 0xA657, 0xAE78, 0xAE98, 0xAE97, 0xA697, 0xA697, 0xAE97, 0xAEB7, 0xAEB7, 0xAEB7, 0xAEB8,
    0xAE98, 0xAE97, 0xAE77, 0xAE77, 0xC6D8, 0xC6F9, 0xBE97, 0xB656, 0xB636, 0xB636, 0xBE56, 0xBE57, 0xB636, 0xB616, 0xC677, 0xCED8,
    0xD6B8, 0xCE56, 0xC656, 0xD6D8, 0xE75A, 0xE77A, 0xDF5A, 0xCEB7, 0xBE56, 0xCEB7, 0xD6F8, 0xCE76, 0xC635, 0xCE77, 0xDED8, 0xD6B7,
    0xCE55, 0xD676, 0xE6F8, 0xEF39, 0xEEF9, 0xEED8, 0xEED8, 0xEEF8, 0xEF19, 0xEF18, 0xE6F8, 0xD6B7, 0xCE76, 0xCEB8, 0xC6B8, 0xBE57,
    0xB657, 0xBE77, 0xC6B8, 0xC6B8, 0xC6B8, 0xC697, 0xC697, 0xD6F8, 0xD718, 0xD718, 0xDF39, 0xD739, 0xD73A, 0xC6B8, 0xBE77, 0xC698,
    0xC6D9, 0xBE77, 0xB616, 0xC698, 0xD71A, 0xD6FA, 0xD71A, 0xD6FA, 0xCEB9, 0xCE98, 0xC698, 0xB698, 0xBED9, 0xAE77, 0xB657, 0xBE78,
    0xB637, 0xB617, 0xCEB9, 0xB637, 0xBE37, 0xC699, 0xBE58, 0xB637, 0xB658, 0xC678, 0xD6B9, 0xDED8, 0xDED8, 0xE719, 0xEF19, 0xE6D7,
    0xE6D7, 0xCE35, 0xCE76, 0xD6D8, 0xDEF8, 0xCEB8, 0xBE77, 0xBE56, 0xC6B8, 0xD73A, 0xD73A, 0xC6B8, 0xB656, 0xBE77, 0xBE57, 0xBE77,
    0xC6B8, 0xBE97, 0xB656, 0xB656, 0xB657, 0xBE77, 0xBE97, 0xC676, 0xCEB7, 0xD6F8, 0xD739, 0xD719, 0xC6D8, 0xB676, 0xB676, 0xBE97,
    0xBE97, 0xBE97, 0xBEB7, 0xBEB7, 0xBE97, 0xB656, 0xB636, 0xB657, 0xB636, 0xAE16, 0xAE16, 0xB657, 0xC6B8, 0xCF19, 0xBE97, 0xB657,
    0xB657, 0xB677, 0xAE77, 0xAE76, 0xAE97, 0xA677, 0xA657, 0xA657, 0xA657, 0xA657, 0xA657, 0xA657, 0xA657, 0xAE98, 0xAE78, 0xA677,
    0xA677, 0xA677, 0xA677, 0xAE97, 0xA677, 0xA676, 0xA697, 0xA677, 0xAE97, 0xAE97, 0xAE97, 0xAE97, 0xAE97, 0xAE77, 0xAE77, 0xAE57,
    0xBE77, 0xB677, 0xB656, 0xBE57, 0xC697, 0xCED9, 0xCEF9, 0xC697, 0xBE36, 0xC698, 0xCF19, 0xD71A, 0xDF3A, 0xCE77, 0xBE35, 0xCEB7,
    0xDF5A, 0xE77A, 0xDF5A, 0xCED8, 0xBE55, 0xBE56, 0xD6D8, 0xDED8, 0xDED8, 0xDEF9, 0xE739, 0xE759, 0xDF18, 0xE6F8, 0xEF19, 0xEF19,
    0xEEF8, 0xEEF9, 0xEEF8, 0xEEF8, 0xEEF8, 0xE718, 0xE718, 0xE718, 0xDF39, 0xDF7A, 0xD75B, 0xC6D9, 0xBEB8, 0xC6F9, 0xCF3A, 0xD75A,
    0xD77A, 0xD739, 0xBE96, 0xB655, 0xB655, 0xC696, 0xD718, 0xD759, 0xD719, 0xC698, 0xC698, 0xD71A, 0xDF5B, 0xCED9, 0xBE57, 0xBE57,
    0xBE57, 0xBE57, 0xC678, 0xCEB8, 0xD6D9, 0xDEFA, 0xD71A, 0xB677, 0xB698, 0xAE36, 0xAE36, 0xB637, 0xAE16, 0xBE58, 0xD71A, 0xB616,
    0xB637, 0xD73B, 0xC6FA, 0xBE78, 0xBE99, 0xC6B9, 0xD6D9, 0xE71A, 0xE71A, 0xE719, 0xE6F9, 0xE6F8, 0xEF18, 0xDEB7, 0xD6B7, 0xDF18,
    0xDF39, 0xCEF8, 0xC6B8, 0xCED8, 0xD75A, 0xDF7A, 0xD719, 0xBE56, 0xB636, 0xBE77, 0xBE56, 0xBE56, 0xCED8, 0xCEF9, 0xC697, 0xBE76,
    0xBE77, 0xC6B8, 0xD719, 0xDF19, 0xD6B8, 0xC697, 0xCEB7, 0xCED8, 0xC6B8, 0xBE76, 0xBE77, 0xBE97, 0xBEB7, 0xBEB8, 0xC6D8, 0xC6D8,
    0xBEB8, 0xB676, 0xB636, 0xB636, 0xB677, 0xBE97, 0xBE98, 0xBEB8, 0xC6D9, 0xC6F9, 0xBEB8, 0xB697, 0xB6B8, 0xB6D8, 0xAE97, 0xA656,
    0xA676, 0xA677, 0xA677, 0xA677, 0xA677, 0xA677, 0xA677, 0xA657, 0xA657, 0xA657, 0xA677, 0xAE98, 0xAE98, 0xA678, 0xA677, 0xA657,
    0xA656, 0xA656, 0xA676, 0xA676, 0xA676, 0xA676, 0xA677, 0xA677, 0xAE77, 0xAE57, 0xA657, 0xA637, 0xBE76, 0xC677, 0xC697, 0xCEB8,
    0xD719, 0xDF5A, 0xD71A, 0xC698, 0xBE77, 0xBEB7, 0xC6F8, 0xC719, 0xCF19, 0xC697, 0xBE76, 0xC6B8, 0xD719, 0xDF39, 0xD719, 0xD719,
    0xC697, 0xBE36, 0xD6B8, 0xE71A, 0xE73A, 0xE73A, 0xE75A, 0xE77A, 0xE739, 0xDF19, 0xE719, 0xE719, 0xE719, 0xEF39, 0xE719, 0xE719,
    0xE739, 0xE739, 0xE719, 0xE739, 0xE75A, 0xE77A, 0xDF3A, 0xD6F9, 0xD6D8, 0xD6F9, 0xDF3A, 0xDF5A, 0xDF5A, 0xCEF8, 0xBE56, 0xAE15,
    0xAE35, 0xB676, 0xBEB7, 0xBE97, 0xC697, 0xC657, 0xCEB8, 0xDF3A, 0xDF5B, 0xD73A, 0xC698, 0xB636, 0xAE16, 0xAE16, 0xB636, 0xB637,
    0xB657, 0xCED9, 0xD75B, 0xC6D8, 0xB677, 0xAE36, 0xB636, 0xBE77, 0xC6B8, 0xD73A, 0xE79C, 0xC6B8, 0xB636, 0xBE57, 0xBE78, 0xC6D9,
    0xD75B, 0xD75B, 0xD6FA, 0xCEB9, 0xCE98, 0xD6B8, 0xE6F9, 0xE6F9, 0xE718, 0xD697, 0xE739, 0xE77A, 0xE759, 0xDF59, 0xCF18, 0xC6D8,
    0xCF19, 0xD73B, 0xCEF9, 0xB657, 0xB657, 0xC697, 0xBE77, 0xC677, 0xCED8, 0xD6F8, 0xCED8, 0xCED8, 0xD6D8, 0xD6F8, 0xDF19, 0xE739,
    0xD6B8, 0xC656, 0xC676, 0xCEB8, 0xD6F8, 0xCEF8, 0xCED8, 0xC6D8, 0xC6B8, 0xBE97, 0xBE97, 0xB697, 0xB697, 0xB677, 0xAE56, 0xB656,
    0xBE97, 0xC6F9, 0xCF19, 0xCF19, 0xCF19, 0xC6F9, 0xBED9, 0xB6B8, 0xAE97, 0xAE77, 0xA657, 0x9E57, 0xA677, 0xA677, 0xA677, 0xA677,
    0xA677, 0xA677, 0xA677, 0xA657, 0xA657, 0xA657, 0xA677, 0xA677, 0xA698, 0xA677, 0xA657, 0xA657, 0xA677, 0xA677, 0xA677, 0xA677,
    0xA677, 0xA677, 0xA677, 0xA677, 0xA657, 0xA657, 0xA657, 0xA657, 0xCEB7, 0xDF19, 0xE73A, 0xE71A, 0xE73A, 0xE71A, 0xCEB8, 0xBE36,
    0xB656, 0xAE56, 0xA656, 0xAE97, 0xAE97, 0xB677, 0xB677, 0xBE97, 0xC6B8, 0xCEF8, 0xD719, 0xD719, 0xC677, 0xBDF5, 0xC657, 0xD6B9,
    0xCEB9, 0xCE99, 0xD6D9, 0xD6F9, 0xD6F8, 0xD6D8, 0xCEB7, 0xCE97, 0xD6B8, 0xD6F8, 0xCEB7, 0xCEB7, 0xCEB7, 0xD6F8, 0xDF19, 0xDF39,
    0xDF19, 0xE6F9, 0xE6F8, 0xE6F8, 0xE6F9, 0xE719, 0xE73A, 0xDF19, 0xD6F9, 0xC677, 0xBE56, 0xB636, 0xB656, 0xB677, 0xAE56, 0xA615,
    0xB5F5, 0xB5F5, 0xCE97, 0xDF3A, 0xDF5A, 0xDF7B, 0xCEF9, 0xB636, 0xB636, 0xB657, 0xB698, 0xB678, 0xAE37, 0xAE58, 0xC6D9, 0xCF19,
    0xCED8, 0xC6B8, 0xC6B7, 0xD719, 0xDF7A, 0xDF5A, 0xCEF8, 0xCED8, 0xBE76, 0xB636, 0xC6B7, 0xD739, 0xD739, 0xCF19, 0xC6D9, 0xB658,
    0xBE57, 0xCED9, 0xDF3A, 0xE73A, 0xE719, 0xC635, 0xE739, 0xE759, 0xDF39, 0xDF59, 0xCEF8, 0xB676, 0xBE77, 0xC6DA, 0xBE99, 0xB658,
    0xBE98, 0xC6B8, 0xBE77, 0xC6B8, 0xD719, 0xCEB7, 0xCE97, 0xD6D8, 0xDF18, 0xDF39, 0xDF18, 0xDEF8, 0xDED8, 0xD6B7, 0xD6B8, 0xDEF8,
    0xDF19, 0xDF3A, 0xD719, 0xCED8, 0xBEB8, 0xB657, 0xAE56, 0xAE57, 0xAE57, 0xAE77, 0xB677, 0xBE77, 0xC6B8, 0xC6D8, 0xC6F9, 0xC6D8,
    0xBEB8, 0xBEB8, 0xB698, 0xAE97, 0xA657, 0xA637, 0x9E57, 0x9E77, 0xA678, 0xA677, 0xA657, 0xA657, 0xA657, 0xA657, 0xA657, 0xA657,
    0xA657, 0xA677, 0xA677, 0xA677, 0xA677, 0xA677, 0xA677, 0xA677, 0xA698, 0xA698, 0xAE98, 0xAE98, 0xA697, 0xA697, 0xA677, 0xA657,
    0xA657, 0xA677, 0xA677, 0xA677, 0xD6F8, 0xEF7A, 0xEF5A, 0xE71A, 0xE71A, 0xE71A, 0xCE77, 0xB615, 0xB656, 0xB676, 0xAE76, 0xAE97,
    0xAE97, 0xAE77, 0xAE56, 0xAE35, 0xB656, 0xC697, 0xD718, 0xD6D8, 0xC636, 0xBDF5, 0xC636, 0xCE78, 0xC657, 0xC637, 0xC657, 0xCE97,
    0xD6D8, 0xCED8, 0xC656, 0xBE15, 0xBE35, 0xC676, 0xC676, 0xBE35, 0xBE15, 0xCE97, 0xDF19, 0xE75A, 0xDF19, 0xE719, 0xEF19, 0xEEF8,
    0xEF19, 0xEF3A, 0xE75A, 0xDF19, 0xD6F8, 0xD719, 0xCEF9, 0xC6D8, 0xBED8, 0xBED8, 0xBED9, 0xBED8, 0xB615, 0xBDF5, 0xCE77, 0xD6F9,
    0xDF1A, 0xE75B, 0xD719, 0xCEB8, 0xC6B8, 0xBE78, 0xB677, 0xB657, 0xAE36, 0xA616, 0xAE36, 0xBE56, 0xCEF8, 0xCEF8, 0xC6B7, 0xD739,
    0xDF7B, 0xC697, 0xBE56, 0xBE56, 0xB635, 0xBE56, 0xC6B7, 0xCED8, 0xC697, 0xB657, 0xAE37, 0xAE17, 0xBE98, 0xCED9, 0xD6B8, 0xDEF9,
    0xE73A, 0xD6B7, 0xE739, 0xE739, 0xDF18, 0xD718, 0xC6B7, 0xBE76, 0xBE97, 0xBE78, 0xB657, 0xBE98, 0xCEFA, 0xCEF9, 0xC677, 0xC698,
    0xD719, 0xCE97, 0xCE77, 0xD6B7, 0xDF18, 0xE739, 0xE739, 0xE739, 0xE739, 0xDF19, 0xDF19, 0xDEF9, 0xDEF9, 0xD719, 0xCED8, 0xC697,
    0xBE57, 0xAE36, 0xAE36, 0xAE57, 0xAE77, 0xB6B8, 0xBED8, 0xC6D8, 0xC6D8, 0xC6D8, 0xC6B8, 0xBE97, 0xB677, 0xAE57, 0xAE77, 0xAE77,
    0xA657, 0xA657, 0xA657, 0x9E57, 0xA678, 0xA677, 0xA657, 0xA657, 0xA657, 0xA657, 0xA657, 0xA657, 0xA657, 0xA657, 0xA657, 0xA677,
    0xA677, 0xA677, 0xA677, 0xA677, 0xAE98, 0xAEB8, 0xAEB8, 0xAEB8, 0xAE98, 0xA677, 0xA657, 0xA657, 0xA657, 0xA657, 0xA657, 0xA657,
    0xD6D8, 0xE73A, 0xE73A, 0xE6F9, 0xE6F9, 0xDED9, 0xC636, 0xB5F5, 0xBE77, 0xBEB7, 0xAE76, 0xAE76, 0xAE77, 0xAE57, 0xAE36, 0xAE15,
    0xAE15, 0xBE76, 0xD6F8, 0xDF19, 0xD6B8, 0xCE97, 0xD6D8, 0xDEF9, 0xD6B9, 0xCE99, 0xD6B8, 0xD6D8, 0xDF19, 0xDF19, 0xD6B7, 0xC656,
    0xC656, 0xCE97, 0xCE76, 0xCE97, 0xCE97, 0xCE77, 0xCE77, 0xD6D8, 0xE75A, 0xEF7A, 0xEF39, 0xE6F8, 0xDE97, 0xCE77, 0xCE76, 0xC656,
    0xC677, 0xCEF9, 0xCEF9, 0xCEF9, 0xC6F9, 0xBED8, 0xBED8, 0xBED9, 0xD6F9, 0xD6D9, 0xDEFA, 0xDF1A, 0xDF1A, 0xE75B, 0xDF3A, 0xE75B,
    0xDF5B, 0xCEB9, 0xBE57, 0xB616, 0xADF6, 0xB636, 0xB656, 0xADF5, 0xBE76, 0xBE76, 0xB636, 0xC6D8, 0xD73A, 0xBE77, 0xAE15, 0xAE15,
    0xB615, 0xB656, 0xBE77, 0xBE77, 0xAE15, 0xADF5, 0xA5F6, 0xADF6, 0xBE98, 0xCE98, 0xC636, 0xCE56, 0xDED8, 0xE6F8, 0xE719, 0xE718,
    0xE739, 0xD6F8, 0xC676, 0xC676, 0xBE97, 0xBE57, 0xBE57, 0xCED9, 0xDF3A, 0xCED8, 0xBE56, 0xBE56, 0xC677, 0xCE97, 0xD6D8, 0xDF19,
    0xE739, 0xDF18, 0xD6D8, 0xDF39, 0xE739, 0xDF39, 0xDF19, 0xD6F8, 0xCEB8, 0xCEB8, 0xBE77, 0xBE77, 0xBE77, 0xB657, 0xB677, 0xB677,
    0xB698, 0xBED8, 0xBEF9, 0xBED8, 0xC6D8, 0xBEB8, 0xB697, 0xB677, 0xAE56, 0xAE57, 0xAE57, 0xAE57, 0xA657, 0xA657, 0xA657, 0xA657,
    0xA657, 0xA677, 0xA657, 0xA657, 0xA657, 0xA657, 0xA657, 0xA657, 0xA657, 0xA657, 0xA677, 0xA677, 0xA677, 0xAE97, 0xAE98, 0xAE98,
    0xAE98, 0xAE98, 0xAE98, 0xAE98, 0xAE98, 0xA677, 0xA677, 0xA677, 0xA677, 0xA677, 0xA677, 0xA677, 0xC656, 0xD6B8, 0xDED9, 0xE6F9,
    0xDED9, 0xCE77, 0xBE16, 0xBE36, 0xC6D8, 0xC6F8, 0xB677, 0xB677, 0xAE36, 0xB656, 0xB676, 0xB656, 0xBE56, 0xC697, 0xDEF8, 0xDF39,
    0xDEF9, 0xDEF9, 0xE719, 0xE71A, 0xDF1A, 0xDEFA, 0xDF1A, 0xE73A, 0xE73A, 0xE75A, 0xE73A, 0xDF19, 0xDEF9, 0xDED8, 0xD697, 0xD6D8,
    0xCE97, 0xBE15, 0xB5B4, 0xC615, 0xDEF9, 0xE719, 0xE718, 0xE6F8, 0xD697, 0xC615, 0xB5D4, 0xB5F4, 0xB635, 0xBE56, 0xBEB7, 0xC6D8,
    0xBED8, 0xB697, 0xAE77, 0xAE57, 0xD71A, 0xDF1A, 0xD6D9, 0xCE78, 0xC678, 0xCEB8, 0xD6D9, 0xD6D9, 0xDF1A, 0xDF3A, 0xDF1A, 0xCEB8,
    0xBE57, 0xBE37, 0xBE57, 0xBE77, 0xAE36, 0xB636, 0xB656, 0xBE97, 0xC6F9, 0xC6D8, 0xC6F8, 0xC6B8, 0xB656, 0xB656, 0xBE97, 0xC6D8,
    0xCF19, 0xC71A, 0xBEB9, 0xB657, 0xC6B9, 0xCED9, 0xCE77, 0xCE77, 0xE6D8, 0xEF19, 0xE6F8, 0xE719, 0xEF59, 0xDEF8, 0xC656, 0xC656,
    0xC677, 0xBE77, 0xC6B8, 0xD73A, 0xDF5A, 0xCEB8, 0xC676, 0xC676, 0xC656, 0xCED8, 0xDF39, 0xE73A, 0xDF19, 0xD6F8, 0xD6D8, 0xD719,
    0xD719, 0xD6F8, 0xCED7, 0xC697, 0xBE56, 0xBE56, 0xBE56, 0xC697, 0xC6B8, 0xBEB8, 0xBEB8, 0xBEB8, 0xB6B8, 0xB6D8, 0xBED8, 0xB697,
    0xB697, 0xB697, 0xAE77, 0xAE56, 0xAE56, 0xAE77, 0xA656, 0xA657, 0xA657, 0xA657, 0xA657, 0xA657, 0xA657, 0xA657, 0xA657, 0xA657,
    0xA657, 0xA657, 0xA657, 0xA657, 0xA657, 0xA657, 0xA657, 0xA677, 0xA677, 0xA677, 0xAE98, 0xAE98, 0xAE98, 0xA677, 0xA677, 0xA657,
    0xA677, 0xA677, 0xAE98, 0xAE98, 0xA677, 0xA677, 0xA677, 0xA677, 0xC656, 0xD697, 0xDED9, 0xE71A, 0xDED9, 0xCE57, 0xC636, 0xC698,
    0xD719, 0xC6F8, 0xB697, 0xBEB8, 0xB656, 0xBE97, 0xC6D8, 0xCED8, 0xCED7, 0xD6F8, 0xDF18, 0xE719, 0xE719, 0xE739, 0xE739, 0xE739,
    0xE71A, 0xE73A, 0xE73A, 0xE71A, 0xDF19, 0xE719, 0xE73A, 0xEF5A, 0xE739, 0xDEF9, 0xE719, 0xDED8, 0xCE56, 0xC615, 0xC615, 0xCE97,
    0xDEF9, 0xD697, 0xD6B7, 0xE739, 0xE739, 0xD6B7, 0xBE55, 0xBE36, 0xBE76, 0xBE76, 0xC6D8, 0xC719, 0xC719, 0xBED8, 0xB697, 0xB677,
    0xCED9, 0xD6FA, 0xC678, 0xB616, 0xBE16, 0xC657, 0xCEB9, 0xCE98, 0xCEB8, 0xE73B, 0xE75B, 0xD6F9, 0xCE98, 0xCE98, 0xCED8, 0xCF19,
    0xAE36, 0xB657, 0xBE98, 0xB656, 0xB656, 0xBE98, 0xBE98, 0xBE97, 0xBEB8, 0xCF19, 0xD73A, 0xD75A, 0xD75A, 0xCF5B, 0xBED9, 0xB677,
    0xBE78, 0xCED9, 0xDEF9, 0xDEF9, 0xE6F9, 0xEF19, 0xE6F8, 0xE719, 0xEF5A, 0xE719, 0xCE77, 0xCE77, 0xC656, 0xC697, 0xD6D8, 0xDF39,
    0xDF3A, 0xD6D8, 0xCED8, 0xD6F9, 0xD6D8, 0xDF19, 0xDF39, 0xD6F9, 0xD6D8, 0xD6F9, 0xDF39, 0xD739, 0xCED8, 0xBE97, 0xBE56, 0xB635,
    0xB636, 0xBE76, 0xBE97, 0xC6B8, 0xC6B8, 0xC6D9, 0xC6D9, 0xBEB8, 0xB698, 0xAE77, 0xAE97, 0xAE77, 0xAE76, 0xAE76, 0xAE56, 0xA656,
    0xA656, 0xA677, 0xA656, 0xA657, 0xA657, 0xA657, 0xA657, 0xA657, 0xA657, 0xA657, 0xA657, 0xA657, 0xA657, 0xA657, 0xA657, 0xA657,
    0xA657, 0xA657, 0xA657, 0xA677, 0xA677, 0xA677, 0xA677, 0xA677, 0xA677, 0xA657, 0xA657, 0x9E36, 0xA657, 0xA677, 0xAEB8, 0xAE98,
    0xA677, 0xAE77, 0xAE78, 0xAE78, 0xD6D8, 0xDED8, 0xE719, 0xEF3A, 0xDED9, 0xD698, 0xD6B8, 0xD6F9, 0xD71A, 0xBEB7, 0xB677, 0xCF19,
    0xC6D8, 0xCEF8, 0xD719, 0xDF39, 0xDF39, 0xDF18, 0xE718, 0xE738, 0xEF59, 0xEF59, 0xE719, 0xDEF9, 0xDF19, 0xE73A, 0xE73A, 0xE6F9,
    0xDEF9, 0xDEF9, 0xE719, 0xE73A, 0xE719, 0xDEF9, 0xEF7B, 0xE6F9, 0xD697, 0xDEB8, 0xE73A, 0xEF5A, 0xEF5A, 0xC635, 0xBE14, 0xCE96,
    0xD6D7, 0xCE97, 0xBE56, 0xB635, 0xB635, 0xB635, 0xB676, 0xB697, 0xB697, 0xAE77, 0xA656, 0xA636, 0xCEFA, 0xDF7C, 0xDF3B, 0xCEFA,
    0xD71A, 0xD73A, 0xE79C, 0xD71A, 0xC698, 0xCEB8, 0xC677, 0xBE36, 0xC697, 0xDF39, 0xDF7B, 0xCF19, 0xB677, 0xB677, 0xB677, 0xAE36,
    0xAE36, 0xB656, 0xB697, 0xB677, 0xB677, 0xBEB8, 0xBED8, 0xBEB8, 0xC6D9, 0xBED9, 0xB677, 0xAE36, 0xAE16, 0xC677, 0xDEF9, 0xE6F9,
    0xE6D8, 0xEEF9, 0xEEF9, 0xE6F8, 0xEF19, 0xEF3A, 0xDED8, 0xDED8, 0xCE97, 0xD6D7, 0xD718, 0xD718, 0xDF39, 0xDF39, 0xDF39, 0xE75A,
    0xDF5A, 0xD719, 0xCED8, 0xC697, 0xC697, 0xCED8, 0xD719, 0xCEF8, 0xBEB7, 0xB676, 0xB656, 0xB656, 0xB676, 0xBE97, 0xBEB8, 0xC6B8,
    0xBEB8, 0xBEB8, 0xBEB8, 0xB698, 0xB677, 0xAE57, 0xAE56, 0xAE77, 0xA677, 0xA676, 0xA656, 0xA656, 0xA656, 0xA657, 0xA677, 0xA657,
    0xA677, 0xA657, 0xA657, 0xA657, 0xA657, 0xA657, 0xA657, 0xA657, 0xA657, 0xA657, 0xA657, 0xA657, 0xA657, 0xA657, 0xA657, 0xA657,
    0xA657, 0xA657, 0xA657, 0xA657, 0xA657, 0xA657, 0xA657, 0xA657, 0xA677, 0xA677, 0xAE98, 0xA677, 0xA677, 0xA677, 0xA677, 0xA677,
    0xE739, 0xE73A, 0xEF5A, 0xE71A, 0xDEF9, 0xDF19, 0xDF1A, 0xDF3A, 0xD719, 0xB656, 0xB677, 0xD77A, 0xDF5A, 0xDF5A, 0xDF39, 0xDF59,
    0xE759, 0xE739, 0xE718, 0xDEF8, 0xE718, 0xE6F8, 0xD6B7, 0xCE77, 0xCE97, 0xD6B8, 0xDEF9, 0xE73A, 0xE73A, 0xE73A, 0xE719, 0xE6F9,
    0xE719, 0xE71A, 0xDED9, 0xE6F9, 0xE719, 0xE73A, 0xE73A, 0xE71A, 0xE719, 0xDF19, 0xDEF8, 0xD6D7, 0xD6D7, 0xD6F8, 0xD718, 0xD718,
    0xC6F8, 0xB656, 0xB656, 0xAE56, 0xAE56, 0xAE56, 0xAE77, 0xAE77, 0xA616, 0xBEB9, 0xC6D9, 0xBE98, 0xBEB9, 0xBE78, 0xBEB8, 0xBE77,
    0xB636, 0xB656, 0xB635, 0xBE56, 0xCED8, 0xD739, 0xD73A, 0xD75B, 0xC6F9, 0xB697, 0xAE36, 0xB698, 0xCF3A, 0xCF1A, 0xCF5B, 0xC6F9,
    0xB698, 0xB677, 0xAE57, 0xAE16, 0xAE57, 0xB657, 0xB677, 0xB698, 0xB656, 0xBE57, 0xDEF9, 0xE719, 0xDEB8, 0xEF19, 0xEF19, 0xE6D8,
    0xE6D8, 0xEF3A, 0xE73A, 0xE73A, 0xDEF8, 0xE759, 0xDF39, 0xD6F7, 0xDF39, 0xE77A, 0xDF39, 0xDF39, 0xDF39, 0xCEB8, 0xC677, 0xC677,
    0xC697, 0xBE77, 0xBE77, 0xBE97, 0xB697, 0xB676, 0xB697, 0xBEB7, 0xBEB8, 0xBEB8, 0xBEB8, 0xBE98, 0xB698, 0xB677, 0xB678, 0xB678,
    0xB677, 0xAE57, 0xAE56, 0xA656, 0xA677, 0xA677, 0xA677, 0xA677, 0xA677, 0xA677, 0xAE77, 0xA677, 0xA677, 0xA657, 0xA657, 0xA657,
    0xA657, 0xA657, 0xA657, 0xA657, 0xA657, 0xA657, 0xA657, 0xA657, 0xA657, 0xA657, 0xA657, 0xA657, 0xA657, 0xA657, 0xA657, 0xA657,
    0xA657, 0xA677, 0xAE98, 0xAE98, 0xAE98, 0xA677, 0xA657, 0xA657, 0xA657, 0xA657, 0xA657, 0xA657, 0xDEF8, 0xD697, 0xCE77, 0xC615,
    0xCE57, 0xE71A, 0xDEF9, 0xCED8, 0xBE77, 0xB636, 0xB656, 0xBE97, 0xD73A, 0xDF5A, 0xDF59, 0xD718, 0xDF18, 0xE738, 0xE718, 0xEF59,
    0xE739, 0xDEF8, 0xCE76, 0xC635, 0xBE15, 0xC635, 0xCE77, 0xE6F9, 0xEF5A, 0xEF3A, 0xE6F9, 0xE6F9, 0xE719, 0xE6F9, 0xDED8, 0xDEF9,
    0xE6F9, 0xE719, 0xEF3A, 0xEF3A, 0xE719, 0xE739, 0xE759, 0xDF39, 0xDF38, 0xD739, 0xD739, 0xDF7A, 0xD75A, 0xC6D8, 0xBEB7, 0xBED8,
    0xC6F9, 0xBEF8, 0xAE97, 0xA636, 0xAE78, 0xB698, 0xAE98, 0xB698, 0xB697, 0xAE57, 0xAE77, 0xAE56, 0xAE56, 0xAE56, 0xAE56, 0xB696,
    0xC718, 0xCF59, 0xCF39, 0xCF5B, 0xC6F9, 0xB677, 0xAE57, 0xBEB8, 0xC6F9, 0xBEB8, 0xB677, 0xB657, 0xB677, 0xB698, 0xB697, 0xB657,
    0xB677, 0xB677, 0xB697, 0xB697, 0xBE97, 0xCED8, 0xE73A, 0xE73A, 0xE6F8, 0xEEF9, 0xE6F8, 0xE6D8, 0xE719, 0xEF5A, 0xEF5B, 0xE73A,
    0xE75A, 0xDF38, 0xCE96, 0xC655, 0xC696, 0xD6F8, 0xD718, 0xD719, 0xD739, 0xCF19, 0xC698, 0xBE57, 0xBE77, 0xBE77, 0xB656, 0xB677,
    0xB697, 0xB697, 0xB6B7, 0xBEB7, 0xBEB8, 0xBEB8, 0xB6B8, 0xB697, 0xB677, 0xB677, 0xB677, 0xB677, 0xAE57, 0xAE77, 0xAE77, 0xA677,
    0xA697, 0xA677, 0xA677, 0xA677, 0xA677, 0xA677, 0xA677, 0xA677, 0xA677, 0xA677, 0xA657, 0xA657, 0xA657, 0xA657, 0xA657, 0xA657,
    0xA657, 0xA657, 0xA657, 0xA657, 0xA657, 0xA657, 0xA657, 0xA657, 0xA657, 0xA657, 0xA657, 0xA657, 0xA677, 0xA677, 0xA677, 0xA677,
    0xA677, 0xA677, 0xA657, 0xA657, 0xA657, 0xA657, 0xA657, 0xA657, 0xCE97, 0xC636, 0xC656, 0xC636, 0xC656, 0xD6D8, 0xD6F9, 0xD6F9,
    0xCED8, 0xBE97, 0xB656, 0xB656, 0xCED8, 0xD719, 0xD719, 0xCEB7, 0xCEB7, 0xD6D7, 0xDEF7, 0xDEF7, 0xDED7, 0xDED7, 0xCE97, 0xC656,
    0xC635, 0xBE35, 0xC636, 0xCE77, 0xDEF9, 0xE719, 0xE6F9, 0xE719, 0xE719, 0xE6F9, 0xE719, 0xDED8, 0xD677, 0xCE56, 0xD697, 0xDED9,
    0xE719, 0xE739, 0xDF39, 0xDF39, 0xDF39, 0xDF39, 0xDF39, 0xDF59, 0xD739, 0xC6D8, 0xC6F8, 0xCF19, 0xCF5A, 0xC6F9, 0xB697, 0xAE57,
    0xA677, 0xA657, 0xA657, 0xA677, 0xA657, 0xA656, 0xA656, 0xAE97, 0xB6B7, 0xB697, 0xAE56, 0xAE76, 0xB6B7, 0xBED7, 0xB6B7, 0xBEB8,
    0xBEB8, 0xB677, 0xAE36, 0xAE36, 0xB677, 0xBE98, 0xB677, 0xB657, 0xB657, 0xB657, 0xB657, 0xB657, 0xBEB8, 0xBED9, 0xB698, 0xB677,
    0xBE77, 0xCEB8, 0xDF19, 0xE719, 0xE6F9, 0xEF19, 0xE6F9, 0xE6D8, 0xDED9, 0xDEF9, 0xD6D9, 0xD6D8, 0xDF19, 0xD6F7, 0xC676, 0xBE75,
    0xC696, 0xCED7, 0xCEF8, 0xC6D8, 0xCEF8, 0xCEF9, 0xBE97, 0xB656, 0xBE97, 0xBE98, 0xB677, 0xB697, 0xB697, 0xB697, 0xB697, 0xB6B7,
    0xB6B8, 0xB6B8, 0xB697, 0xB677, 0xAE77, 0xAE77, 0xAE77, 0xAE77, 0xAE57, 0xAE77, 0xAE97, 0xA697, 0xA697, 0xA677, 0xA677, 0xA677,
    0xA677, 0xA677, 0xA677, 0xA677, 0xA677, 0xA677, 0xA657, 0xA657, 0xA657, 0xA657, 0xA657, 0xA657, 0xA657, 0xA657, 0xA657, 0xA657,
    0xA657, 0xA657, 0xA657, 0xA657, 0xA657, 0xA657, 0xA657, 0xA657, 0xA677, 0xA677, 0xA657, 0xA657, 0xA657, 0xA657, 0xA657, 0xA657,
    0xA657, 0xA657, 0xA657, 0xA657, 0xC656, 0xC656, 0xCE97, 0xD6F8, 0xCED8, 0xC697, 0xCED8, 0xCF19, 0xCEF9, 0xC6B8, 0xB677, 0xB656,
    0xBE56, 0xC697, 0xC697, 0xBE35, 0xBE35, 0xCE56, 0xCE96, 0xD696, 0xD6B7, 0xDEF8, 0xDF19, 0xD6F8, 0xCEB8, 0xC697, 0xC657, 0xC656,
    0xD697, 0xD6B8, 0xD6B8, 0xDED8, 0xE719, 0xE73A, 0xE75A, 0xDEF8, 0xCE56, 0xC615, 0xC656, 0xD697, 0xDEF9, 0xD6D8, 0xCEB7, 0xD718,
    0xE759, 0xE77A, 0xD719, 0xC696, 0xB635, 0xBE97, 0xC6D8, 0xCF19, 0xCF19, 0xBED8, 0xB697, 0xB697, 0xAE77, 0xA677, 0xA677, 0xAE97,
    0xAE97, 0xAE97, 0xAEB7, 0xB6F8, 0xB6F8, 0xB6B7, 0xA676, 0xA656, 0xAE76, 0xAE76, 0xA655, 0xAE36, 0xB676, 0xB656, 0xAE36, 0xAE36,
    0xB677, 0xB677, 0xB677, 0xB677, 0xB677, 0xBE97, 0xB677, 0xB677, 0xBED8, 0xC6F9, 0xBED8, 0xBE97, 0xBE56, 0xC677, 0xD6D8, 0xDF19,
    0xE6F8, 0xE719, 0xE6F8, 0xDED8, 0xCEB7, 0xCE97, 0xC697, 0xC697, 0xC6B7, 0xC6B6, 0xC696, 0xC697, 0xC6B7, 0xC6D7, 0xBEB7, 0xBE77,
    0xBE97, 0xBEB8, 0xB677, 0xB657, 0xB698, 0xBEB8, 0xB677, 0xB697, 0xB697, 0xB697, 0xB697, 0xB697, 0xB6B8, 0xB6B8, 0xAE97, 0xAE77,
    0xAE77, 0xAE77, 0xAE77, 0xAE77, 0xAE77, 0xAE77, 0xAE78, 0xA677, 0xA677, 0xA677, 0xA677, 0xA677, 0xA677, 0xA677, 0xA677, 0xA677,
    0xA677, 0xA677, 0xA657, 0xA657, 0xA657, 0xA677, 0xA677, 0xA657, 0xA657, 0xA657, 0xA657, 0xA657, 0xA657, 0xA657, 0xA657, 0xA657,
    0xA657, 0xA657, 0xA657, 0xA657, 0xA657, 0xA657, 0xA657, 0xA657, 0xA657, 0xA657, 0xA657, 0xA677, 0xA677, 0xA677, 0xA677, 0xA677,
    0xCE97, 0xCEB7, 0xD6F8, 0xDF5A, 0xD719, 0xBE97, 0xBEB7, 0xBE97, 0xBE77, 0xB677, 0xB677, 0xB677, 0xADD5, 0xB615, 0xBE36, 0xB615,
    0xBE15, 0xC635, 0xCE96, 0xC656, 0xCE76, 0xD6D8, 0xD6F9, 0xD6F9, 0xCEB8, 0xC677, 0xCE97, 0xDEF9, 0xD6D8, 0xCE77, 0xC656, 0xCE56,
    0xD6B8, 0xE719, 0xE73A, 0xDF19, 0xDED8, 0xDED8, 0xD6D8, 0xD6D8, 0xDEF8, 0xE759, 0xDF38, 0xCE96, 0xBE35, 0xBE35, 0xBE55, 0xBE55,
    0xBE36, 0xB656, 0xBE56, 0xBE97, 0xBE97, 0xB677, 0xB657, 0xB657, 0xB697, 0xAE77, 0xAE77, 0xB697, 0xB697, 0xAE97, 0xB6B7, 0xB6B8,
    0xB6B7, 0xAE97, 0xAE97, 0xAE97, 0xAE97, 0xAE96, 0xAE76, 0xB677, 0xAE15, 0xAE15, 0xBE77, 0xCEF9, 0xC6F9, 0xB656, 0xAE36, 0xB636,
    0xBE77, 0xC6D8, 0xCEF9, 0xC6B8, 0xBE97, 0xC6D8, 0xCF19, 0xC6D8, 0xC697, 0xC6B7, 0xD6F8, 0xDF19, 0xDEF8, 0xDEF8, 0xDEF8, 0xD6B8,
    0xC677, 0xBE57, 0xBE97, 0xC6D8, 0xBE97, 0xBE76, 0xBE97, 0xBEB7, 0xC6D8, 0xBEB7, 0xB676, 0xAE56, 0xB656, 0xB697, 0xB677, 0xB677,
    0xB698, 0xB698, 0xB677, 0xB677, 0xB697, 0xB697, 0xB697, 0xB697, 0xB697, 0xAE97, 0xAE77, 0xAE77, 0xAE57, 0xAE57, 0xAE77, 0xAE77,
    0xAE77, 0xAE77, 0xAE77, 0xAE77, 0xA677, 0xA677, 0xA677, 0xA677, 0xA677, 0xA677, 0xA677, 0xA677, 0xA677, 0xA677, 0xA657, 0xA657,
    0xA657, 0xA677, 0xA677, 0xA677, 0xA657, 0xA657, 0xA657, 0xA657, 0xA657, 0xA657, 0xA657, 0xA657, 0xA657, 0xA657, 0xA657, 0xA657,
    0xA657, 0xA657, 0xA657, 0xA657, 0xA677, 0xA677, 0xA677, 0xA677, 0xA677, 0xA677, 0xA677, 0xA677, 0xDF39, 0xD6F8, 0xCEB7, 0xC6D8,
    0xC6B7, 0xBE77, 0xB676, 0xAE56, 0xAE36, 0xAE56, 0xAE56, 0xB656, 0xB616, 0xB636, 0xBE57, 0xC677, 0xC697, 0xCE97, 0xD6F8, 0xDEF8,
    0xDF19, 0xDF5A, 0xDF5A, 0xDF5A, 0xD73A, 0xCF1A, 0xDF3A, 0xEF7B, 0xE73A, 0xD6F8, 0xCE77, 0xC635, 0xC636, 0xCE76, 0xE739, 0xDF39,
    0xE75A, 0xEF7A, 0xE75A, 0xDF19, 0xDF19, 0xDEF8, 0xD6F7, 0xD6D7, 0xD6F8, 0xD6F8, 0xCEB7, 0xBE56, 0xB615, 0xBE77, 0xB615, 0xADF5,
    0xB636, 0xB657, 0xB657, 0xB677, 0xB656, 0xB636, 0xAE36, 0xB656, 0xAE36, 0xAE35, 0xAE36, 0xAE56, 0xAE56, 0xAE56, 0xAE97, 0xB6B8,
    0xB6B7, 0xAE97, 0xAE77, 0xBE97, 0xB656, 0xB656, 0xC6D8, 0xD75A, 0xD739, 0xBE97, 0xBE76, 0xB635, 0xB636, 0xC6D8, 0xD73A, 0xCF19,
    0xC697, 0xC6B8, 0xCF3A, 0xCF19, 0xCEF9, 0xD6F8, 0xDF39, 0xE739, 0xDF19, 0xDF19, 0xDF19, 0xCED8, 0xC697, 0xB677, 0xBE97, 0xBEF8,
    0xBEB7, 0xB697, 0xB697, 0xB697, 0xBE97, 0xB697, 0xB677, 0xAE76, 0xAE77, 0xB697, 0xB698, 0xB698, 0xB698, 0xB697, 0xAE77, 0xB677,
    0xB677, 0xB677, 0xB677, 0xAE77, 0xAE77, 0xAE77, 0xAE77, 0xAE77, 0xA677, 0xA677, 0xAE77, 0xAE77, 0xAE77, 0xAE77, 0xAE77, 0xAE77,
    0xAE77, 0xA677, 0xA677, 0xA657, 0xA657, 0xA677, 0xA677, 0xA677, 0xA677, 0xA657, 0xA677, 0xA677, 0xA677, 0xA677, 0xA677, 0xA677,
    0xA677, 0xA677, 0xA657, 0xA657, 0xA657, 0xA657, 0xA657, 0xA657, 0xA657, 0xA657, 0xA657, 0xA657, 0xA677, 0xA677, 0xA677, 0xA677,
    0xAE77, 0xAE77, 0xAE77, 0xAE77, 0xA677, 0xA677, 0xA677, 0xA677, 0xDF7A, 0xCEF8, 0xBE56, 0xAE35, 0xAE35, 0xAE56, 0xAE56, 0xB676,
    0xB676, 0xB676, 0xAE36, 0xAE16, 0xBEB8, 0xC698, 0xCED9, 0xD71A, 0xDF3A, 0xDF19, 0xDF19, 0xDF39, 0xDF5A, 0xDF5A, 0xDF5A, 0xD73A,
    0xD73A, 0xD73A, 0xDF3A, 0xE73A, 0xE77A, 0xEF7B, 0xDF39, 0xCE77, 0xBDF5, 0xB5D4, 0xE75A, 0xE739, 0xE73A, 0xE75A, 0xDF19, 0xD6D8,
    0xDEF9, 0xE739, 0xE739, 0xDF18, 0xDF18, 0xDF19, 0xDF19, 0xDF39, 0xDF3A, 0xCED8, 0xBE57, 0xB636, 0xBE77, 0xC6B8, 0xC6B9, 0xCEB9,
    0xC698, 0xC677, 0xC677, 0xC697, 0xC677, 0xBE57, 0xBE77, 0xBE77, 0xB636, 0xAE36, 0xB657, 0xB678, 0xAE77, 0xAE57, 0xAE36, 0xB636,
    0xC6D8, 0xCF19, 0xCF19, 0xCEF9, 0xCEF9, 0xCEF9, 0xCEF8, 0xBE56, 0xADF5, 0xB656, 0xC6D8, 0xD719, 0xCF19, 0xCEF9, 0xCF19, 0xD719,
    0xD719, 0xD719, 0xDF39, 0xE739, 0xDF19, 0xE759, 0xDF39, 0xCEF8, 0xBEB7, 0xB697, 0xB697, 0xB6D8, 0xB6D8, 0xB6B8, 0xB697, 0xB697,
    0xB697, 0xB697, 0xB698, 0xAE97, 0xAE97, 0xAE97, 0xB6B8, 0xB6B8, 0xAE98, 0xAE77, 0xAE57, 0xB677, 0xB677, 0xB657, 0xAE57, 0xAE77,
    0xAE77, 0xAE77, 0xAE77, 0xA677, 0xA677, 0xA677, 0xA677, 0xAE77, 0xAE77, 0xAE77, 0xAE77, 0xAE57, 0xAE57, 0xAE57, 0xAE57, 0xA657,
    0xA657, 0xA677, 0xA677, 0xA677, 0xA677, 0xA677, 0xA677, 0xA677, 0xA677, 0xA677, 0xA677, 0xA677, 0xA677, 0xA677, 0xA677, 0xA677,
    0xA657, 0xA657, 0xA657, 0xA657, 0xA657, 0xA657, 0xA657, 0xA657, 0xA677, 0xA677, 0xA677, 0xAE77, 0xAE77, 0xAE77, 0xAE77, 0xA677,
    0xA677, 0xA677, 0xA677, 0xAE77, 0xDF5A, 0xCF18, 0xBEB7, 0xB676, 0xB696, 0xAE76, 0xAE56, 0xAE76, 0xB697, 0xB6B7, 0xB6B7, 0xB697,
    0xCEF9, 0xC6B9, 0xCED9, 0xDF5B, 0xE75B, 0xD6F9, 0xCEB7, 0xBE56, 0xBE35, 0xBE36, 0xB636, 0xB616, 0xAE16, 0xAE36, 0xBE77, 0xCED8,
    0xD719, 0xE77A, 0xE75A, 0xCED8, 0xC676, 0xC676, 0xE75A, 0xDF39, 0xDF39, 0xDF39, 0xCED8, 0xC656, 0xC697, 0xD6B7, 0xDEF8, 0xE759,
    0xEF7A, 0xE759, 0xDF19, 0xDF19, 0xDF19, 0xDF19, 0xCED8, 0xCED9, 0xD6F9, 0xD6FA, 0xD71A, 0xD71A, 0xDF1A, 0xDEF9, 0xDEF9, 0xDF1A,
    0xDEF9, 0xD6F9, 0xD71A, 0xD71A, 0xCEB9, 0xBE57, 0xB657, 0xB657, 0xB657, 0xB678, 0xBE98, 0xBE77, 0xD739, 0xDF7A, 0xD739, 0xD718,
    0xD719, 0xD739, 0xCEF8, 0xBE76, 0xB615, 0xB635, 0xC696, 0xCEF8, 0xDF5A, 0xCF19, 0xC6B8, 0xC6D8, 0xCEB8, 0xCEB7, 0xD6F8, 0xDF39,
    0xDF39, 0xDF39, 0xCEF8, 0xC6D7, 0xBEB7, 0xB6B7, 0xAEB7, 0xAED8, 0xAED8, 0xB6B8, 0xAEB8, 0xAEB8, 0xAEB8, 0xAE98, 0xB6B8, 0xB6B8,
    0xAE97, 0xAE97, 0xAE97, 0xAE98, 0xAE77, 0xAE77, 0xAE77, 0xB677, 0xB657, 0xB657, 0xAE57, 0xAE57, 0xAE57, 0xAE77, 0xA677, 0xA677,
    0xA677, 0xA677, 0xA677, 0xA677, 0xA677, 0xAE77, 0xAE77, 0xAE57, 0xAE57, 0xAE57, 0xAE57, 0xAE57, 0xAE57, 0xAE57, 0xAE57, 0xAE57,
    0xA677, 0xA677, 0xA677, 0xA677, 0xA677, 0xA677, 0xA677, 0xA677, 0xA677, 0xA677, 0xA677, 0xA677, 0xA657, 0xA677, 0xA677, 0xA677,
    0xA677, 0xA677, 0xA677, 0xA677, 0xA677, 0xA677, 0xA677, 0xA677, 0xA677, 0xA677, 0xA677, 0xA657, 0xA657, 0xA677, 0xA677, 0xAE77,
    0xD739, 0xD739, 0xCF19, 0xD75A, 0xD75A, 0xC6B7, 0xB656, 0xAE35, 0xB656, 0xBEB7, 0xCF19, 0xD73A, 0xCEF9, 0xC678, 0xC698, 0xDF1A,
    0xDF1A, 0xCE97, 0xB5F5, 0xBE15, 0xC656, 0xC656, 0xBE56, 0xBE36, 0xB636, 0xB657, 0xBE77, 0xC697, 0xC697, 0xCED8, 0xD6F8, 0xCED8,
    0xD6F8, 0xDF5A, 0xDF39, 0xDF19, 0xDF3A, 0xE75A, 0xD6D8, 0xBE15, 0xBDF5, 0xD6D8, 0xE739, 0xDEF8, 0xCE97, 0xBE35, 0xBE36, 0xCEB8,
    0xD719, 0xD719, 0xD73A, 0xDF5A, 0xDF5A, 0xD73A, 0xD71A, 0xDF3A, 0xDEF9, 0xDED9, 0xDED9, 0xE71A, 0xE71A, 0xDF1A, 0xDF3A, 0xE77B,
    0xDF3B, 0xC698, 0xBE77, 0xBE78, 0xBE78, 0xC6D9, 0xD73A, 0xD719, 0xD759, 0xDF5A, 0xDF7A, 0xDF9B, 0xDF7A, 0xD739, 0xBE76, 0xBE56,
    0xBE76, 0xBE76, 0xBE97, 0xC6B7, 0xD739, 0xCF19, 0xBE77, 0xC697, 0xBE76, 0xC676, 0xCED8, 0xDF19, 0xDF39, 0xCEB7, 0xBE97, 0xB677,
    0xB697, 0xB6D8, 0xB6D8, 0xAED8, 0xAEB8, 0xB6B8, 0xB6D9, 0xB6D8, 0xB6B8, 0xAEB8, 0xB6B8, 0xB6B8, 0xAE97, 0xAE77, 0xAE77, 0xAE77,
    0xA677, 0xAE77, 0xAE77, 0xAE77, 0xAE57, 0xAE57, 0xAE57, 0xAE57, 0xAE57, 0xAE77, 0xAE77, 0xAE77, 0xA677, 0xA677, 0xA677, 0xA677,
    0xA677, 0xAE77, 0xAE77, 0xAE57, 0xAE57, 0xAE57, 0xAE57, 0xAE57, 0xAE57, 0xAE77, 0xAE57, 0xA677, 0xA677, 0xA677, 0xA677, 0xA677,
    0xA677, 0xA677, 0xA677, 0xA677, 0xA677, 0xA677, 0xA677, 0xA677, 0xA677, 0xA677, 0xA677, 0xA677, 0xA677, 0xA677, 0xA677, 0xA677,
    0xA677, 0xA677, 0xA677, 0xA677, 0xA657, 0xA657, 0xA657, 0xA657, 0xA657, 0xA677, 0xA677, 0xAE77, 0xBE36, 0xBE36, 0xC698, 0xDF3A,
    0xE77B, 0xDF3A, 0xCE97, 0xC677, 0xCEB7, 0xD6F9, 0xDF39, 0xE75A, 0xDEF9, 0xCE97, 0xD6D8, 0xDF1A, 0xCE97, 0xBDF5, 0xBE15, 0xD6D8,
    0xDF19, 0xDF19, 0xCE77, 0xBDF5, 0xBE15, 0xC656, 0xC656, 0xB635, 0xBE76, 0xBE56, 0xBE56, 0xC697, 0xD6F8, 0xDF39, 0xD6B8, 0xD6B8,
    0xD6D8, 0xDF19, 0xEF3A, 0xEF3A, 0xE719, 0xDF19, 0xE73A, 0xDF39, 0xD6D8, 0xC676, 0xB615, 0xB615, 0xB656, 0xBEB7, 0xBE96, 0xB656,
    0xAE35, 0xB676, 0xB676, 0xB656, 0xC636, 0xBDD5, 0xC636, 0xDEFA, 0xE75B, 0xD71A, 0xCED8, 0xCED9, 0xD75A, 0xD75A, 0xCED8, 0xCEB8,
    0xD6F9, 0xD6FA, 0xD73A, 0xD739, 0xD77A, 0xD75A, 0xC718, 0xBEB7, 0xC6D8, 0xCF39, 0xBEB7, 0xB676, 0xB676, 0xBEB7, 0xC6F8, 0xBED7,
    0xC6F8, 0xD719, 0xCEB8, 0xBE56, 0xC677, 0xD6F9, 0xDF3A, 0xDF5A, 0xDF5A, 0xC6D8, 0xC6B8, 0xBEB8, 0xBEB8, 0xB6B8, 0xAE77, 0xAE57,
    0xAE77, 0xAE77, 0xAE77, 0xAE77, 0xAE77, 0xAE77, 0xAE77, 0xAE77, 0xAE77, 0xAE77, 0xAE77, 0xAE77, 0xAE77, 0xAE77, 0xAE77, 0xAE77,
    0xAE77, 0xAE77, 0xAE77, 0xAE77, 0xAE77, 0xAE77, 0xAE77, 0xAE77, 0xAE77, 0xAE77, 0xAE77, 0xAE77, 0xAE77, 0xAE77, 0xA657, 0xA657,
    0xA657, 0xA657, 0xAE77, 0xAE77, 0xAE77, 0xA677, 0xA677, 0xA657, 0xA657, 0xA657, 0xA657, 0xA657, 0xA657, 0xA657, 0xA657, 0xA657,
    0xA657, 0xA657, 0xA657, 0xA657, 0xA657, 0xA657, 0xA657, 0xA657, 0xA657, 0xA657, 0xA657, 0xA657, 0xA677, 0xA677, 0xA677, 0xA677,
    0xA657, 0xA657, 0xA657, 0xA657, 0xA657, 0xA657, 0xA657, 0xA677, 0xBE37, 0xB5F6, 0xB5F6, 0xBE36, 0xCE77, 0xD6D9, 0xDEF9, 0xDF19,
    0xE73A, 0xEF5A, 0xE73A, 0xE719, 0xE73A, 0xD6D8, 0xDF19, 0xEF7B, 0xDF19, 0xC677, 0xCE77, 0xDEF9, 0xE75A, 0xE73A, 0xD6F9, 0xD6B8,
    0xD6D8, 0xDEF9, 0xD719, 0xCED8, 0xC6D8, 0xBE76, 0xB615, 0xB615, 0xBE35, 0xC656, 0xC656, 0xCE97, 0xDED9, 0xE719, 0xE71A, 0xE6FA,
    0xE6F9, 0xDEF9, 0xDF19, 0xDF19, 0xD6F9, 0xCEB7, 0xBE76, 0xBE35, 0xB656, 0xB676, 0xB676, 0xB676, 0xAE76, 0xB696, 0xAE96, 0xAE35,
    0xB616, 0xC616, 0xC677, 0xCEB8, 0xC698, 0xBE76, 0xB676, 0xAE15, 0xB656, 0xC6F9, 0xCF19, 0xD719, 0xCED8, 0xBE56, 0xB636, 0xBEB7,
    0xBEB7, 0xBEB7, 0xB697, 0xB676, 0xB696, 0xBEB7, 0xB676, 0xB676, 0xB676, 0xBE97, 0xC6F8, 0xC6F8, 0xCF39, 0xD73A, 0xCED8, 0xCE98,
    0xCEB8, 0xDF3A, 0xDF5B, 0xD75A, 0xD73A, 0xBE97, 0xB677, 0xB677, 0xB677, 0xB698, 0xAE97, 0xAE77, 0xAE77, 0xAE77, 0xAE77, 0xAE77,
    0xAE77, 0xAE77, 0xAE77, 0xAE77, 0xAE77, 0xAE77, 0xAE77, 0xAE77, 0xAE77, 0xAE77, 0xAE77, 0xAE77, 0xAE77, 0xAE77, 0xAE77, 0xAE77,
    0xAE77, 0xAE77, 0xAE77, 0xAE77, 0xAE77, 0xAE77, 0xAE77, 0xAE77, 0xAE77, 0xAE77, 0xAE57, 0xA657, 0xA677, 0xA677, 0xA677, 0xA677,
    0xA677, 0xA677, 0xA677, 0xA677, 0xA657, 0xA657, 0xA657, 0xA657, 0xA657, 0xA657, 0xA657, 0xA657, 0xA657, 0xA657, 0xA657, 0xA657,
    0xA657, 0xA657, 0xA657, 0xA657, 0xA657, 0xA657, 0xA657, 0xA657, 0xA657, 0xA657, 0xA657, 0xA657, 0xA657, 0xA657, 0xA657, 0xA657,
    0xA657, 0xA657, 0xA657, 0xA677, 0xD71A, 0xC6B8, 0xC677, 0xBE57, 0xC657, 0xD6D8, 0xDF3A, 0xDF3A, 0xDF19, 0xE73A, 0xE73A, 0xDEF9,
    0xD719, 0xC697, 0xC697, 0xD719, 0xCED8, 0xBE56, 0xBE56, 0xCED8, 0xD739, 0xD739, 0xD719, 0xD739, 0xDF7A, 0xDF7A, 0xDF5A, 0xDF5A,
    0xD75A, 0xCED8, 0xBE56, 0xBE35, 0xBE36, 0xC656, 0xCE77, 0xD6D8, 0xE71A, 0xE71A, 0xDED9, 0xDEB8, 0xDEB8, 0xDED8, 0xDEF9, 0xDF19,
    0xDF3A, 0xDF3A, 0xD719, 0xCEF8, 0xCED8, 0xCEF8, 0xCEF8, 0xC6F8, 0xC6D8, 0xBED7, 0xB696, 0xAE35, 0xBE56, 0xD6D9, 0xD73A, 0xCED8,
    0xBE77, 0xB697, 0xB6B7, 0xAE76, 0xAE76, 0xB697, 0xAE56, 0xB676, 0xB677, 0xBE76, 0xBE97, 0xB676, 0xB656, 0xB656, 0xB656, 0xB656,
    0xB656, 0xB676, 0xB656, 0xB676, 0xB656, 0xB676, 0xBEB8, 0xC6B8, 0xC6F9, 0xD739, 0xCED8, 0xCEB8, 0xCED9, 0xD73A, 0xD73A, 0xCF19,
    0xC6D9, 0xB656, 0xAE56, 0xAE36, 0xAE57, 0xAE77, 0xAE77, 0xAE77, 0xAE77, 0xAE77, 0xAE77, 0xAE77, 0xAE77, 0xAE77, 0xAE77, 0xAE77,
    0xAE97, 0xAE97, 0xAE77, 0xAE77, 0xAE77, 0xAE57, 0xAE77, 0xAE77, 0xAE77, 0xAE77, 0xAE77, 0xAE77, 0xAE77, 0xAE77, 0xAE78, 0xAE77,
    0xAE77, 0xAE77, 0xAE77, 0xAE77, 0xAE77, 0xAE77, 0xAE77, 0xAE77, 0xA677, 0xA677, 0xA657, 0xA657, 0xA657, 0xA677, 0xA677, 0xA677,
    0xA677, 0xA677, 0xA657, 0xA657, 0xA657, 0xA657, 0xA657, 0xA657, 0xA657, 0xA657, 0xA657, 0xA657, 0xA657, 0xA677, 0xA677, 0xA677,
    0xA677, 0xA677, 0xA677, 0xA677, 0xA657, 0xA657, 0xA657, 0xA657, 0xA657, 0xA657, 0xA657, 0xA657, 0xA657, 0xA657, 0xA657, 0xA657,
    0xCEF9, 0xC6B8, 0xBE77, 0xBE36, 0xBE57, 0xCED9, 0xD6F9, 0xC677, 0xBE15, 0xCE97, 0xDF19, 0xDF39, 0xD719, 0xB676, 0xB655, 0xBE96,
    0xB676, 0xAE35, 0xAE35, 0xBE96, 0xBEB7, 0xBEB7, 0xC6D7, 0xC718, 0xCF59, 0xCF39, 0xCEF8, 0xD739, 0xDF5A, 0xDF5A, 0xD719, 0xD6F9,
    0xDF19, 0xDEF9, 0xDEF9, 0xE73A, 0xEF5A, 0xEF3A, 0xE6D9, 0xD677, 0xCE16, 0xCE36, 0xCE77, 0xCE77, 0xCEB8, 0xD6F9, 0xD719, 0xD719,
    0xD6F9, 0xD719, 0xCF19, 0xC6F8, 0xC6D7, 0xBEB7, 0xB676, 0xAE15, 0xB636, 0xCED8, 0xCF19, 0xB676, 0xA615, 0xAE56, 0xA656, 0xAE96,
    0xB6B7, 0xAE56, 0x9DF4, 0xA615, 0xAE56, 0xBE97, 0xC6F8, 0xBE97, 0xB656, 0xB656, 0xB676, 0xBE97, 0xBE77, 0xB656, 0xB656, 0xB676,
    0xB636, 0xB636, 0xBE77, 0xBE77, 0xBE97, 0xC6D8, 0xCED8, 0xBE97, 0xC697, 0xC6D8, 0xC6B8, 0xBE97, 0xBE97, 0xAE77, 0xAE56, 0xAE56,
    0xAE56, 0xAE77, 0xAE77, 0xAE77, 0xAE77, 0xAE77, 0xAE77, 0xAE77, 0xAE77, 0xAE77, 0xAE77, 0xAE77, 0xB698, 0xAE97, 0xAE77, 0xAE77,
    0xAE77, 0xAE57, 0xAE57, 0xAE77, 0xAE77, 0xAE77, 0xAE77, 0xAE77, 0xAE77, 0xAE77, 0xAE78, 0xAE77, 0xAE77, 0xAE77, 0xAE77, 0xAE77,
    0xAE77, 0xAE77, 0xAE77, 0xAE77, 0xA677, 0xA677, 0xA657, 0xA657, 0xA657, 0xA677, 0xA677, 0xA677, 0xA677, 0xA677, 0xA677, 0xA657,
    0xA657, 0xA657, 0xA657, 0xA657, 0xA657, 0xA657, 0xA657, 0xA657, 0xA657, 0xA677, 0xA677, 0xA677, 0xA677, 0xA677, 0xA677, 0xA677,
    0xA677, 0xA677, 0xA677, 0xA677, 0xA657, 0xA657, 0xA657, 0xA657, 0xA677, 0xA677, 0xA657, 0xA657, 0xBE77, 0xB657, 0xB656, 0xB656,
    0xBE56, 0xC677, 0xC697, 0xBE36, 0xB5F4, 0xBE76, 0xD719, 0xE79B, 0xDFBB, 0xBEF8, 0xB696, 0xB696, 0xB696, 0xAE76, 0xB696, 0xB676,
    0xAE76, 0xAE55, 0xAE76, 0xB6B6, 0xBED7, 0xB6B7, 0xB656, 0xC677, 0xD6F9, 0xDF5A, 0xE75A, 0xE75A, 0xE75B, 0xE75A, 0xE73A, 0xE73A,
    0xEF3A, 0xEF3A, 0xEF1A, 0xDEB8, 0xCE36, 0xC616, 0xBE15, 0xBDF5, 0xBDF5, 0xBE15, 0xC656, 0xC676, 0xC676, 0xBE56, 0xBE56, 0xB656,
    0xB656, 0xBE96, 0xBE97, 0xB676, 0xC6D8, 0xCF3A, 0xCF19, 0xB6B7, 0xAE76, 0xAE76, 0xA676, 0xA655, 0xAE76, 0xAE76, 0xAE76, 0xB6B7,
    0xAE97, 0xAE56, 0xB676, 0xBE77, 0xB656, 0xB636, 0xB676, 0xBE77, 0xB677, 0xB636, 0xB636, 0xBE77, 0xBE77, 0xB676, 0xBEB8, 0xC6B8,
    0xC6B8, 0xCEF9, 0xC6D8, 0xBE97, 0xB677, 0xBE97, 0xB697, 0xB697, 0xB6B7, 0xB6B8, 0xAE97, 0xAE77, 0xA677, 0xA677, 0xA677, 0xA677,
    0xAE77, 0xAE77, 0xAE77, 0xAE77, 0xAE77, 0xAE77, 0xAE77, 0xAE77, 0xB698, 0xAE97, 0xAE77, 0xAE77, 0xAE77, 0xAE77, 0xAE57, 0xAE77,
    0xAE77, 0xAE77, 0xAE77, 0xAE77, 0xAE77, 0xAE77, 0xAE97, 0xAE77, 0xAE77, 0xAE77, 0xAE77, 0xAE77, 0xAE77, 0xAE77, 0xAE77, 0xAE77,
    0xAE77, 0xA677, 0xA657, 0xA657, 0xA657, 0xA677, 0xA677, 0xA677, 0xA677, 0xA677, 0xA677, 0xA677, 0xA657, 0xA657, 0xA657, 0xA657,
    0xA657, 0xA657, 0xA657, 0xA657, 0xA657, 0xA677, 0xA677, 0xA677, 0xA677, 0xA677, 0xA677, 0xA677, 0xAE77, 0xAE77, 0xAE77, 0xAE77,
    0xAE77, 0xAE77, 0xA677, 0xAE77, 0xAE77, 0xA677, 0xA677, 0xA657, 0xAE16, 0xAE36, 0xB636, 0xB656, 0xB636, 0xB636, 0xBE77, 0xC6B7,
    0xC6B8, 0xCED8, 0xD719, 0xDF7A, 0xCF59, 0xBED7, 0xB696, 0xB696, 0xAE76, 0xAE55, 0xB696, 0xAE76, 0xAE76, 0xAE55, 0xAE55, 0xAE76,
    0xB696, 0xAE76, 0xAE35, 0xBE36, 0xCEB8, 0xDF19, 0xDF19, 0xDF19, 0xDF19, 0xDEF9, 0xDED8, 0xDED8, 0xE6D9, 0xEF1A, 0xEF3A, 0xE6FA,
    0xDE98, 0xD698, 0xD6B8, 0xCE77, 0xC656, 0xC636, 0xC636, 0xC656, 0xC656, 0xBE35, 0xBE56, 0xBE56, 0xC697, 0xCEF8, 0xD739, 0xD719,
    0xCF19, 0xCF3A, 0xCF19, 0xC6F8, 0xBEB7, 0xB697, 0xAE97, 0xB697, 0xB6B7, 0xAE76, 0xAE76, 0xB697, 0xAE76, 0xA635, 0xAE56, 0xB636,
    0xB636, 0xB636, 0xBE56, 0xBE77, 0xBE77, 0xB636, 0xBE77, 0xC6D8, 0xCED8, 0xC6D8, 0xCF19, 0xD719, 0xCF19, 0xCF19, 0xC6F8, 0xBEB7,
    0xB697, 0xB697, 0xB697, 0xB6B7, 0xBED8, 0xBED8, 0xB6B7, 0xAE97, 0xA677, 0xA677, 0xA677, 0xA677, 0xAE77, 0xAE77, 0xAE77, 0xAE77,
    0xAE77, 0xAE77, 0xAE77, 0xAE77, 0xAE77, 0xAE77, 0xAE77, 0xAE77, 0xAE77, 0xAE77, 0xAE77, 0xAE77, 0xAE77, 0xAE77, 0xAE77, 0xAE77,
    0xAE77, 0xAE77, 0xAE77, 0xAE77, 0xAE77, 0xAE77, 0xAE77, 0xAE77, 0xAE77, 0xAE77, 0xAE77, 0xAE77, 0xAE77, 0xAE77, 0xA677, 0xA677,
    0xA677, 0xA677, 0xA677, 0xA677, 0xA677, 0xA677, 0xA677, 0xA677, 0xA677, 0xA677, 0xA657, 0xA657, 0xA657, 0xA657, 0xA657, 0xA657,
    0xA657, 0xA677, 0xA677, 0xA677, 0xA677, 0xA677, 0xA677, 0xA677, 0xAE77, 0xAE77, 0xAE77, 0xAE77, 0xAE77, 0xAE77, 0xAE77, 0xA677,
    0xA677, 0xA677, 0xA657, 0xA657, 0xBE97, 0xBE97, 0xBE97, 0xBE97, 0xBE97, 0xBEB8, 0xC6B8, 0xD75A, 0xDF7A, 0xC6D8, 0xBE97, 0xC6D8,
    0xBEB7, 0xB696, 0xB696, 0xB696, 0xAE76, 0xAE55, 0xAE55, 0xAE56, 0xB676, 0xB676, 0xAE55, 0xAE55, 0xB676, 0xB676, 0xBE76, 0xCED8,
    0xDF19, 0xDF3A, 0xDF19, 0xDEF9, 0xDEF9, 0xDEF9, 0xCE57, 0xD697, 0xDED9, 0xE6F9, 0xEF1A, 0xEF1A, 0xE71A, 0xE719, 0xE71A, 0xE73A,
    0xE71A, 0xD6D8, 0xD6B8, 0xD6F8, 0xD6F9, 0xCED8, 0xD6F9, 0xD719, 0xD719, 0xD719, 0xD6F9, 0xC6B7, 0xB656, 0xB656, 0xBE97, 0xC6B8,
    0xBE97, 0xB656, 0xBEB7, 0xCF39, 0xC719, 0xB697, 0xAE56, 0xAE76, 0xAE56, 0xAE56, 0xB697, 0xB636, 0xBE57, 0xBE97, 0xC6B8, 0xCED9,
    0xCEF9, 0xCEF9, 0xCED9, 0xD75A, 0xDF5A, 0xD71A, 0xD73A, 0xCF19, 0xC6B8, 0xC6B8, 0xBED7, 0xB6B7, 0xBEB7, 0xB6D8, 0xB6B7, 0xB6B7,
    0xB6D8, 0xB6D8, 0xAEB7, 0xA677, 0xA677, 0xA677, 0xA677, 0xA677, 0xAE77, 0xAE77, 0xAE77, 0xAE77, 0xAE77, 0xAE77, 0xAE77, 0xAE77,
    0xAE77, 0xAE77, 0xAE77, 0xAE77, 0xAE77, 0xAE77, 0xAE77, 0xAE77, 0xAE77, 0xAE77, 0xAE77, 0xAE77, 0xAE77, 0xAE77, 0xAE77, 0xAE77,
    0xAE77, 0xAE77, 0xAE77, 0xAE77, 0xAE77, 0xAE77, 0xAE57, 0xA657, 0xAE77, 0xAE77, 0xAE77, 0xAE77, 0xAE77, 0xA677, 0xA677, 0xA677,
    0xA677, 0xA677, 0xA677, 0xA677, 0xA677, 0xA677, 0xA677, 0xA677, 0xA677, 0xA657, 0xA657, 0xA657, 0xA657, 0xA657, 0xA657, 0xA657,
    0xA657, 0xA657, 0xA657, 0xA657, 0xAE77, 0xAE77, 0xAE77, 0xAE77, 0xAE77, 0xAE77, 0xAE77, 0xA677, 0xA677, 0xA677, 0xA677, 0xA677,
    0xD77A, 0xD77B, 0xD77A, 0xD75A, 0xCF39, 0xBEB8, 0xBEB8, 0xCF19, 0xCF19, 0xBE97, 0xAE36, 0xB676, 0xBE76, 0xBEB7, 0xC6F8, 0xCF39,
    0xCEF8, 0xBE97, 0xBE97, 0xC6D7, 0xC6B7, 0xBE76, 0xB635, 0xB655, 0xB676, 0xB676, 0xBE76, 0xD6D8, 0xDEF9, 0xDF19, 0xD6D8, 0xDF19,
    0xE73A, 0xDF19, 0xC636, 0xCE57, 0xD698, 0xDEB8, 0xE6D9, 0xE6F9, 0xEF3A, 0xE719, 0xDEF9, 0xE71A, 0xE73A, 0xDF1A, 0xDF19, 0xDF39,
    0xDF3A, 0xDF39, 0xDF39, 0xD6F9, 0xCEB8, 0xC697, 0xBE76, 0xBE36, 0xB615, 0xB616, 0xC698, 0xD6F9, 0xD6F9, 0xCEF9, 0xD73A, 0xD73A,
    0xCEF9, 0xBEB7, 0xBE77, 0xBE97, 0xBE77, 0xB677, 0xBE97, 0xC6B8, 0xCED9, 0xCEF9, 0xD71A, 0xD73A, 0xDF5B, 0xDF7B, 0xD75A, 0xDF7B,
    0xD73A, 0xCEF9, 0xC6D8, 0xC698, 0xBE77, 0xB677, 0xB6B7, 0xB6B7, 0xB6D7, 0xB6D8, 0xB6D7, 0xB6B7, 0xB6B7, 0xB6D8, 0xAEB7, 0xAE97,
    0xA677, 0xA697, 0xA697, 0xAE97, 0xAE77, 0xAE77, 0xAE77, 0xAE97, 0xAE97, 0xAE77, 0xAE77, 0xAE57, 0xAE57, 0xAE77, 0xAE77, 0xAE77,
    0xAE77, 0xAE77, 0xAE77, 0xAE77, 0xAE77, 0xAE77, 0xAE77, 0xAE77, 0xAE77, 0xAE77, 0xAE77, 0xAE77, 0xAE77, 0xAE77, 0xAE77, 0xAE77,
    0xAE77, 0xAE77, 0xAE77, 0xAE77, 0xAE77, 0xAE77, 0xAE77, 0xAE77, 0xAE77, 0xA677, 0xA677, 0xA677, 0xA677, 0xA677, 0xA677, 0xA677,
    0xA677, 0xA677, 0xA677, 0xA677, 0xA677, 0xA677, 0xA677, 0xA677, 0xA677, 0xA657, 0xA657, 0xA657, 0xA657, 0xA657, 0xA657, 0xA657,
    0xAE77, 0xA677, 0xAE77, 0xAE77, 0xA677, 0xA677, 0xA677, 0xA677, 0xA677, 0xA677, 0xA677, 0xA677, 0xCF19, 0xCF3A, 0xCF3A, 0xCF3A,
    0xC6D8, 0xAE36, 0xAE56, 0xB656, 0xB676, 0xB677, 0xB677, 0xB656, 0xBE56, 0xD6F9, 0xD719, 0xD719, 0xDF39, 0xD719, 0xD6F9, 0xDF7A,
    0xDF3A, 0xCEB8, 0xC697, 0xC697, 0xC677, 0xBE36, 0xB615, 0xBE15, 0xC636, 0xC676, 0xC636, 0xD6B8, 0xE73A, 0xD698, 0xBE15, 0xBDF5,
    0xC616, 0xCE77, 0xDED9, 0xE71A, 0xE71A, 0xE73A, 0xDF19, 0xD6D8, 0xD6D8, 0xDF19, 0xDEF9, 0xD6D8, 0xD6B8, 0xD6D8, 0xCEB8, 0xCE97,
    0xC676, 0xBE56, 0xC697, 0xCED8, 0xC677, 0xCE77, 0xD6B8, 0xDF1A, 0xE75B, 0xE73A, 0xD6F9, 0xCEB8, 0xCEB8, 0xCE98, 0xBE56, 0xBE36,
    0xC6B8, 0xCEF9, 0xCEF9, 0xCF1A, 0xCEF9, 0xC6D9, 0xCED9, 0xCEF9, 0xD71A, 0xD73A, 0xD73A, 0xCEF9, 0xC698, 0xBE57, 0xB656, 0xBE57,
    0xBE98, 0xBEB8, 0xB6B7, 0xB6B7, 0xB6D7, 0xB6D7, 0xB6D8, 0xB6D8, 0xB6D8, 0xB6D8, 0xAED8, 0xAEB8, 0xAEB8, 0xAEB8, 0xAEB8, 0xAEB8,
    0xAE77, 0xAE77, 0xB6B8, 0xB6B8, 0xB6B8, 0xAE98, 0xAE57, 0xAE57, 0xAE77, 0xAE77, 0xAE77, 0xAE77, 0xAE77, 0xAE77, 0xAE77, 0xAE77,
    0xAE77, 0xAE77, 0xAE77, 0xAE77, 0xAE77, 0xAE77, 0xAE77, 0xAE77, 0xAE77, 0xAE77, 0xAE98, 0xAE98, 0xAE98, 0xAE98, 0xAE97, 0xAE77,
    0xAE77, 0xAE77, 0xAE77, 0xAE77, 0xAE77, 0xAE77, 0xAE77, 0xA677, 0xA677, 0xA677, 0xA677, 0xA677, 0xA677, 0xA677, 0xA677, 0xA677,
    0xA657, 0xA657, 0xA677, 0xA677, 0xA657, 0xA657, 0xA657, 0xA657, 0xA657, 0xA657, 0xA657, 0xA657, 0xA657, 0xA657, 0xA657, 0xA677,
    0xA677, 0xAE77, 0xAE77, 0xA677, 0xA677, 0xA677, 0xA677, 0xA677, 0xB656, 0xBE77, 0xBE97, 0xBE77, 0xB677, 0xBE97, 0xBEB8, 0xC6D8,
    0xBEB8, 0xB697, 0xB677, 0xB656, 0xBE36, 0xDF19, 0xCE97, 0xB5D4, 0xC656, 0xDF19, 0xDF3A, 0xDF19, 0xDF19, 0xE73A, 0xDF3A, 0xD6F9,
    0xCE97, 0xBE36, 0xBE15, 0xC636, 0xC656, 0xC656, 0xC656, 0xCE97, 0xDEF9, 0xCE97, 0xBDF5, 0xBE15, 0xC656, 0xD6B8, 0xD6D8, 0xDEF9,
    0xDEF9, 0xDF3A, 0xDF19, 0xCEB8, 0xCEB7, 0xCE97, 0xC656, 0xBE15, 0xBE15, 0xC656, 0xCEB8, 0xD6F9, 0xD719, 0xD719, 0xD719, 0xD719,
    0xDF1A, 0xDEFA, 0xDEF9, 0xDED9, 0xDED9, 0xD6B9, 0xCE78, 0xD698, 0xD6D9, 0xD6D9, 0xCE98, 0xCE98, 0xCED9, 0xD6F9, 0xCED8, 0xBE77,
    0xB677, 0xB657, 0xB677, 0xBE77, 0xBE98, 0xC6B8, 0xBE98, 0xBE98, 0xBE77, 0xB677, 0xB677, 0xBE77, 0xBE98, 0xB697, 0xB6B7, 0xB6B7,
    0xB6B7, 0xB6D7, 0xB6D7, 0xB6D7, 0xB6D7, 0xB6D8, 0xAEB7, 0xAE97, 0xAE97, 0xAE97, 0xAE97, 0xAE98, 0xAE77, 0xAE97, 0xB698, 0xB6B8,
    0xB6B8, 0xAE97, 0xAE77, 0xAE77, 0xAE77, 0xAE77, 0xAE77, 0xAE77, 0xAE77, 0xAE77, 0xAE77, 0xAE77, 0xAE77, 0xAE77, 0xAE77, 0xAE77,
    0xAE77, 0xAE77, 0xAE77, 0xAE77, 0xAE77, 0xAE77, 0xAE77, 0xAE98, 0xAE98, 0xAE98, 0xAE97, 0xAE77, 0xAE77, 0xAE77, 0xAE77, 0xAE77,
    0xAE77, 0xAE77, 0xAE77, 0xAE77, 0xAE77, 0xA677, 0xA677, 0xA677, 0xA677, 0xAE77, 0xA677, 0xA677, 0xA677, 0xA657, 0xA657, 0xA657,
    0xA657, 0xA657, 0xA657, 0xAE77, 0xAE77, 0xAE77, 0xAE77, 0xAE77, 0xA657, 0xA657, 0xA657, 0xA677, 0xA677, 0xAE77, 0xAE77, 0xA677,
    0xA677, 0xA677, 0xA677, 0xA677, 0xB635, 0xB656, 0xBE77, 0xB677, 0xBE97, 0xC6F9, 0xC6F9, 0xC6F9, 0xC6F9, 0xC6F9, 0xBEB8, 0xBE97,
    0xD6D8, 0xDEF9, 0xD6B8, 0xCE56, 0xD697, 0xDED9, 0xE73A, 0xE71A, 0xE73A, 0xEF5B, 0xE75A, 0xDEF9, 0xD6B8, 0xCE97, 0xCE77, 0xC656,
    0xC677, 0xC677, 0xC656, 0xCE97, 0xD6B8, 0xC656, 0xCE97, 0xD6D8, 0xDF19, 0xDF3A, 0xDF19, 0xDEF9, 0xD6F9, 0xDF19, 0xD719, 0xCED8,
    0xD6F8, 0xD6D8, 0xCEB7, 0xC656, 0xBE56, 0xBE35, 0xBE56, 0xC697, 0xCED8, 0xD6F8, 0xD719, 0xDF3A, 0xDF1A, 0xDEFA, 0xDEFA, 0xDED9,
    0xD698, 0xCE57, 0xC5F6, 0xC636, 0xD6B9, 0xE71A, 0xE73B, 0xE73A, 0xD6F9, 0xC677, 0xB616, 0xB656, 0xAE56, 0xAE36, 0xAE36, 0xB657,
    0xB677, 0xB677, 0xAE36, 0xAE36, 0xB657, 0xB677, 0xB677, 0xBE98, 0xBE98, 0xB697, 0xAEB7, 0xAEB7, 0xAEB7, 0xB6B7, 0xB6B7, 0xB6B7,
    0xB6B7, 0xB6B8, 0xB6B7, 0xAE97, 0xAE97, 0xAE97, 0xAE97, 0xAE98, 0xB698, 0xB698, 0xAE98, 0xAE98, 0xAE97, 0xAE97, 0xAE77, 0xAE77,
    0xAE77, 0xAE77, 0xAE77, 0xAE77, 0xAE77, 0xAE77, 0xAE77, 0xAE77, 0xAE77, 0xAE77, 0xAE77, 0xAE77, 0xAE77, 0xAE77, 0xAE77, 0xAE77,
    0xAE77, 0xAE77, 0xAE77, 0xAE77, 0xAE98, 0xAE78, 0xAE77, 0xAE77, 0xAE77, 0xAE77, 0xAE77, 0xAE77, 0xAE77, 0xAE77, 0xAE77, 0xAE77,
    0xAE77, 0xAE77, 0xAE77, 0xA677, 0xA677, 0xAE77, 0xAE77, 0xAE77, 0xA677, 0xA657, 0xA657, 0xA657, 0xA657, 0xAE77, 0xAE77, 0xAE77,
    0xAE77, 0xAE77, 0xAE77, 0xAE77, 0xA677, 0xA677, 0xAE77, 0xAE77, 0xAE77, 0xAE77, 0xAE77, 0xA677, 0xA677, 0xA677, 0xA677, 0xA677,
    0xBE76, 0xBE76, 0xBE97, 0xBE97, 0xC6B8, 0xC6D8, 0xC6B8, 0xBEB8, 0xC6D8, 0xC6D9, 0xC6F9, 0xCF1A, 0xDF3A, 0xD6D8, 0xD6B8, 0xE73A,
    0xE75A, 0xD6D8, 0xDF19, 0xE73A, 0xDF19, 0xDF19, 0xDF19, 0xDF19, 0xDF19, 0xDF19, 0xDEF9, 0xCEB8, 0xD6D8, 0xCED8, 0xCED8, 0xD6D8,
    0xCEB8, 0xC677, 0xDF3A, 0xE75A, 0xE77A, 0xDF3A, 0xD6F9, 0xCED8, 0xCED8, 0xCED8, 0xCED8, 0xCEF8, 0xDF5A, 0xDF7A, 0xD739, 0xD6F9,
    0xCED8, 0xBE56, 0xBE35, 0xB615, 0xB635, 0xBE56, 0xC6B7, 0xD6F8, 0xD6D9, 0xD6F9, 0xDEF9, 0xDEF9, 0xDED9, 0xD698, 0xCE57, 0xD6B8,
    0xDEFA, 0xDEF9, 0xD6D9, 0xCEB8, 0xC697, 0xBE77, 0xB677, 0xB657, 0xAE57, 0xAE57, 0xAE57, 0xAE57, 0xB677, 0xB677, 0xAE57, 0xAE57,
    0xAE57, 0xAE57, 0xB677, 0xB698, 0xB6B8, 0xB6B7, 0xB6B7, 0xB6B7, 0xB6B7, 0xB6D7, 0xB6D7, 0xB6D8, 0xB6D8, 0xB6D8, 0xB6B8, 0xB6B8,
    0xB697, 0xB698, 0xB698, 0xB698, 0xB698, 0xB698, 0xAE98, 0xAE77, 0xAE77, 0xAE77, 0xAE97, 0xAE77, 0xAE77, 0xAE77, 0xAE77, 0xAE77,
    0xAE77, 0xAE77, 0xAE77, 0xAE77, 0xAE77, 0xAE77, 0xAE77, 0xAE77, 0xAE77, 0xAE77, 0xAE77, 0xAE77, 0xAE77, 0xAE77, 0xAE77, 0xAE77,
    0xAE77, 0xAE77, 0xAE77, 0xAE77, 0xAE77, 0xAE77, 0xAE77, 0xAE77, 0xAE77, 0xAE77, 0xAE77, 0xAE77, 0xAE77, 0xAE77, 0xAE77, 0xAE77,
    0xAE77, 0xAE77, 0xAE77, 0xAE77, 0xAE77, 0xAE77, 0xAE57, 0xA657, 0xA657, 0xA657, 0xA677, 0xAE77, 0xAE77, 0xAE77, 0xAE77, 0xAE77,
    0xA677, 0xA677, 0xA677, 0xAE77, 0xAE77, 0xAE77, 0xAE77, 0xAE77, 0xAE77, 0xAE77, 0xAE77, 0xAE77, 0xB615, 0xB615, 0xB635, 0xB636,
    0xB656, 0xB656, 0xB636, 0xAE36, 0xB657, 0xBE98, 0xC6F9, 0xCF1A, 0xCED8, 0xCEB8, 0xC676, 0xCEB8, 0xE73A, 0xDF3A, 0xD6F8, 0xCEB8,
    0xCE97, 0xCEB8, 0xD6F9, 0xDF3A, 0xE75A, 0xDF19, 0xDF19, 0xE77B, 0xE79B, 0xE77A, 0xE79B, 0xE77A, 0xD719, 0xD6F9, 0xCED8, 0xCED8,
    0xCEB8, 0xC697, 0xBE76, 0xBE76, 0xC697, 0xBE76, 0xBE76, 0xC6B7, 0xD719, 0xD75A, 0xD719, 0xCED8, 0xC6B7, 0xBE76, 0xBE76, 0xBE56,
    0xBE56, 0xBE76, 0xBE56, 0xBE56, 0xC6B8, 0xC698, 0xC697, 0xC677, 0xCE98, 0xD6D9, 0xE71A, 0xE73A, 0xDED9, 0xC677, 0xBE36, 0xB616,
    0xB656, 0xBEB8, 0xC6F9, 0xAE57, 0xAE57, 0xAE57, 0xAE57, 0xAE57, 0xAE57, 0xAE77, 0xB698, 0xB698, 0xB677, 0xAE57, 0xAE77, 0xB678,
    0xB6B8, 0xB6B8, 0xB6B7, 0xB6B7, 0xB6B7, 0xB6B7, 0xB6B7, 0xB6D8, 0xB6D8, 0xB6D8, 0xB6B8, 0xB698, 0xB698, 0xB698, 0xB698, 0xB698,
    0xB698, 0xB698, 0xAE98, 0xAE77, 0xAE77, 0xAE77, 0xAE97, 0xAE77, 0xAE77, 0xAE77, 0xAE77, 0xAE77, 0xAE77, 0xAE77, 0xAE77, 0xAE77,
    0xAE77, 0xAE77, 0xAE77, 0xAE77, 0xAE77, 0xAE77, 0xAE77, 0xAE77, 0xAE77, 0xAE77, 0xAE77, 0xAE77, 0xAE77, 0xAE77, 0xAE77, 0xAE77,
    0xAE77, 0xAE77, 0xAE77, 0xAE77, 0xAE77, 0xAE77, 0xAE77, 0xAE77, 0xAE77, 0xAE77, 0xAE77, 0xAE77, 0xAE77, 0xAE77, 0xAE77, 0xAE77,
    0xAE77, 0xAE77, 0xAE77, 0xA677, 0xAE77, 0xA657, 0xA677, 0xAE77, 0xAE77, 0xAE77, 0xAE77, 0xAE77, 0xA677, 0xAE77, 0xAE77, 0xAE77,
    0xAE77, 0xAE77, 0xAE77, 0xAE77, 0xAE77, 0xAE77, 0xAE77, 0xAE77, 0xCED8, 0xCEB8, 0xCEB8, 0xCED8, 0xC697, 0xB615, 0xAE16, 0xAE16,
    0xAE36, 0xB677, 0xBE98, 0xBE98, 0xBE56, 0xCEB7, 0xBE56, 0xBE15, 0xCEB8, 0xD719, 0xCE97, 0xBE36, 0xBE36, 0xC677, 0xCEB8, 0xD6F8,
    0xD6F9, 0xD6F9, 0xD6F9, 0xD739, 0xD719, 0xC6B7, 0xCED8, 0xCEB8, 0xBE76, 0xC6B7, 0xBE76, 0xBE56, 0xBE56, 0xB656, 0xB656, 0xBE56,
    0xBE76, 0xB656, 0xB655, 0xB676, 0xBEB7, 0xBEB7, 0xBE96, 0xBE76, 0xBE97, 0xC6B7, 0xC6D8, 0xCEF8, 0xD719, 0xCEF8, 0xBE76, 0xB615,
    0xB656, 0xB656, 0xB636, 0xB616, 0xBE56, 0xCEB8, 0xDF3A, 0xD6F9, 0xC677, 0xC677, 0xC697, 0xBEB7, 0xB697, 0xB697, 0xB6B7, 0xAE57,
    0xAE57, 0xAE57, 0xAE57, 0xAE57, 0xAE57, 0xAE57, 0xB698, 0xB698, 0xB698, 0xAE97, 0xAE97, 0xB698, 0xB698, 0xB697, 0xAE96, 0xB697,
    0xB697, 0xB6B7, 0xB6B7, 0xB6B7, 0xB6B7, 0xB6B8, 0xB6B7, 0xB697, 0xB677, 0xB677, 0xB678, 0xB698, 0xB698, 0xAE98, 0xB698, 0xAE98,
    0xAE97, 0xAE97, 0xAE77, 0xAE77, 0xAE77, 0xAE77, 0xAE77, 0xAE77, 0xAE77, 0xAE77, 0xAE77, 0xAE77, 0xAE77, 0xAE77, 0xAE77, 0xAE77,
    0xAE77, 0xAE77, 0xAE77, 0xAE77, 0xAE77, 0xAE77, 0xAE77, 0xAE77, 0xAE77, 0xAE77, 0xAE77, 0xAE77, 0xAE77, 0xAE77, 0xAE77, 0xAE77,
    0xAE77, 0xAE77, 0xAE77, 0xAE77, 0xAE77, 0xAE77, 0xAE77, 0xAE77, 0xAE77, 0xA657, 0xAE77, 0xAE77, 0xAE77, 0xAE77, 0xAE77, 0xAE77,
    0xAE77, 0xAE77, 0xAE77, 0xAE77, 0xAE77, 0xAE77, 0xA657, 0xA657, 0xA657, 0xA657, 0xA657, 0xA657, 0xA657, 0xA677, 0xAE77, 0xAE77,
    0xAE77, 0xAE77, 0xAE77, 0xAE77, 0xE77A, 0xDF5A, 0xD719, 0xDF5A, 0xCEF9, 0xBE56, 0xBE77, 0xBE97, 0xBE77, 0xB677, 0xB657, 0xB636,
    0xC697, 0xC6B8, 0xCED8, 0xCEF8, 0xC697, 0xB615, 0xBE56, 0xBE36, 0xBE36, 0xBE36, 0xB615, 0xB615, 0xC677, 0xD6F9, 0xDF5A, 0xD739,
    0xC6B7, 0xB5F5, 0xB615, 0xB635, 0xB615, 0xC6B7, 0xCEF8, 0xCEF8, 0xCEF8, 0xCF18, 0xCF19, 0xCEF8, 0xBEB7, 0xBE96, 0xB676, 0xB655,
    0xB656, 0xB635, 0xB635, 0xBE76, 0xC6B7, 0xCED8, 0xCEF8, 0xD739, 0xDF7A, 0xD73A, 0xC6D8, 0xB676, 0xB656, 0xBE97, 0xC6D8, 0xCEF9,
    0xCEF9, 0xD719, 0xD73A, 0xD71A, 0xCED9, 0xC6B8, 0xC6F8, 0xBED8, 0xAE97, 0xA676, 0xAE97, 0xAE77, 0xAE77, 0xAE77, 0xAE77, 0xAE77,
    0xAE77, 0xAE77, 0xAE57, 0xAE77, 0xB698, 0xB6B8, 0xB6B8, 0xAE98, 0xAE77, 0xAE76, 0xAE76, 0xAE76, 0xAE76, 0xAE96, 0xAE76, 0xB697,
    0xB697, 0xB697, 0xB677, 0xB677, 0xAE57, 0xAE57, 0xAE57, 0xAE77, 0xB697, 0xAE98, 0xB698, 0xB698, 0xB698, 0xAE97, 0xAE77, 0xAE77,
    0xAE77, 0xAE77, 0xAE77, 0xAE77, 0xAE77, 0xAE77, 0xAE77, 0xAE77, 0xAE77, 0xAE77, 0xAE77, 0xAE77, 0xAE77, 0xAE77, 0xAE57, 0xAE77,
    0xAE77, 0xAE77, 0xAE77, 0xAE77, 0xAE77, 0xAE77, 0xAE77, 0xAE77, 0xAE77, 0xAE77, 0xAE77, 0xAE77, 0xAE77, 0xAE77, 0xAE77, 0xAE77,
    0xAE77, 0xAE77, 0xAE77, 0xAE77, 0xAE77, 0xA657, 0xAE77, 0xAE77, 0xAE77, 0xAE97, 0xAE97, 0xAE77, 0xAE77, 0xAE77, 0xAE77, 0xAE77,
    0xAE77, 0xAE77, 0xA657, 0xAE77, 0xA657, 0xA657, 0xA657, 0xA657, 0xA657, 0xA657, 0xAE77, 0xAE77, 0xAE77, 0xAE77, 0xAE77, 0xAE77,
    0xCED8, 0xD719, 0xDF5A, 0xD719, 0xC697, 0xBE56, 0xBE56, 0xBE76, 0xBE76, 0xB676, 0xBE97, 0xC6D8, 0xC6D8, 0xC6D8, 0xCF19, 0xDF7B,
    0xD739, 0xBE76, 0xB615, 0xBE56, 0xC677, 0xCEB8, 0xD6D9, 0xC657, 0xB5D5, 0xC677, 0xDF3A, 0xE73A, 0xDF39, 0xD6D8, 0xCEB8, 0xD6F8,
    0xD719, 0xD739, 0xD719, 0xD719, 0xD759, 0xDF5A, 0xD759, 0xCF18, 0xC6B7, 0xC6D7, 0xBE96, 0xB614, 0xB615, 0xBE56, 0xCEB7, 0xD6F8,
    0xD6F8, 0xD719, 0xCEF8, 0xCED8, 0xC6D8, 0xBEB7, 0xB697, 0xBE97, 0xB635, 0xC677, 0xD6F9, 0xDF5A, 0xDF5A, 0xDF5A, 0xDF3A, 0xD71A,
    0xC6F9, 0xBEB8, 0xB697, 0xAE77, 0xA657, 0xA677, 0xAE97, 0xAE77, 0xAE77, 0xAE77, 0xAE77, 0xAE77, 0xAE77, 0xAE77, 0xAE77, 0xAE77,
    0xAE97, 0xAE98, 0xAE98, 0xAE77, 0xAE77, 0xAE77, 0xAE97, 0xAE97, 0xAE97, 0xAE97, 0xAE97, 0xB697, 0xB697, 0xAE77, 0xAE77, 0xAE77,
    0xAE77, 0xAE77, 0xAE77, 0xAE77, 0xAE77, 0xAE77, 0xAE77, 0xAE77, 0xAE77, 0xAE77, 0xAE77, 0xAE77, 0xAE97, 0xAE77, 0xAE77, 0xAE77,
    0xAE77, 0xAE77, 0xAE77, 0xAE77, 0xAE77, 0xAE77, 0xAE77, 0xAE77, 0xAE77, 0xAE77, 0xAE77, 0xAE77, 0xAE77, 0xAE77, 0xAE77, 0xAE77,
    0xAE77, 0xAE77, 0xAE77, 0xAE77, 0xAE77, 0xAE77, 0xAE77, 0xAE77, 0xAE77, 0xAE57, 0xAE57, 0xAE57, 0xAE57, 0xAE57, 0xAE57, 0xAE57,
    0xAE77, 0xAE77, 0xAE77, 0xAE77, 0xAE77, 0xAE77, 0xAE77, 0xAE77, 0xAE77, 0xAE77, 0xAE78, 0xAE97, 0xAE97, 0xAE77, 0xAE77, 0xAE77,
    0xAE77, 0xAE77, 0xAE57, 0xAE77, 0xAE57, 0xA657, 0xA657, 0xAE77, 0xAE77, 0xAE77, 0xAE77, 0xAE77, 0xCEB7, 0xDF39, 0xE79B, 0xD6F8,
    0xBE56, 0xBE35, 0xBE55, 0xBE56, 0xBE76, 0xB696, 0xC6F8, 0xD77A, 0xCF19, 0xC6D8, 0xC6F8, 0xD75A, 0xDF7B, 0xD75A, 0xCEF9, 0xD6F9,
    0xD719, 0xDF3A, 0xE73A, 0xCE98, 0xBDF5, 0xCE57, 0xE71A, 0xE73A, 0xEF5A, 0xE75A, 0xE739, 0xE75A, 0xE75A, 0xDF19, 0xD6D8, 0xCED8,
    0xCED7, 0xC6B7, 0xC6D7, 0xCEF8, 0xCF18, 0xD739, 0xCEB7, 0xBE35, 0xBE35, 0xC676, 0xDEF8, 0xE75A, 0xDF19, 0xD6D8, 0xC697, 0xBE76,
    0xB656, 0xAE56, 0xAE76, 0xBEB7, 0xCE97, 0xD6B7, 0xDF19, 0xDF39, 0xDF19, 0xD6F9, 0xCED8, 0xC6D8, 0xBEB8, 0xB698, 0xAE57, 0xA657,
    0xA657, 0xA678, 0xAE98, 0xAE77, 0xAE77, 0xAE77, 0xAE77, 0xAE77, 0xAE77, 0xAE77, 0xAE97, 0xAE77, 0xAE77, 0xAE77, 0xAE77, 0xAE77,
    0xAE77, 0xAE98, 0xB6B8, 0xB6B8, 0xB6B8, 0xB6B8, 0xB698, 0xAE97, 0xAE97, 0xAE77, 0xAE77, 0xAE77, 0xAE77, 0xAE77, 0xAE77, 0xAE77,
    0xAE77, 0xAE77, 0xAE77, 0xAE77, 0xAE77, 0xAE77, 0xAE77, 0xAE77, 0xAE98, 0xAE97, 0xAE77, 0xAE77, 0xAE77, 0xAE77, 0xAE77, 0xAE77,
    0xAE77, 0xAE77, 0xAE77, 0xAE77, 0xAE77, 0xAE77, 0xAE77, 0xAE77, 0xAE77, 0xAE77, 0xAE77, 0xAE77, 0xAE77, 0xAE77, 0xAE77, 0xAE77,
    0xAE77, 0xAE77, 0xAE77, 0xAE77, 0xAE77, 0xAE57, 0xAE57, 0xAE57, 0xAE57, 0xAE57, 0xAE57, 0xAE57, 0xAE77, 0xAE77, 0xAE77, 0xAE77,
    0xAE77, 0xAE77, 0xAE77, 0xAE77, 0xAE77, 0xAE77, 0xAE77, 0xAE97, 0xAE77, 0xAE77, 0xAE77, 0xAE57, 0xAE77, 0xAE77, 0xAE77, 0xAE77,
    0xAE77, 0xAE77, 0xAE77, 0xAE77, 0xAE77, 0xAE77, 0xAE77, 0xAE77, 0xCEB7, 0xDF39, 0xE77A, 0xD6D8, 0xC656, 0xC676, 0xC676, 0xC696,
    0xC697, 0xC6B7, 0xCF39, 0xDFBB, 0xCF39, 0xBEB7, 0xB635, 0xBE76, 0xC6D8, 0xD719, 0xDF3A, 0xDF5A, 0xE75A, 0xE77B, 0xE71A, 0xD6B8,
    0xCE77, 0xDED9, 0xE71A, 0xE6F9, 0xE719, 0xE719, 0xE73A, 0xE73A, 0xDEF8, 0xCE97, 0xCE97, 0xC656, 0xBE35, 0xBE35, 0xBE76, 0xCED8,
    0xDF39, 0xE77A, 0xDF39, 0xD6D8, 0xD6D8, 0xD6B8, 0xDF19, 0xE75A, 0xDF19, 0xCE97, 0xC656, 0xBE36, 0xB656, 0xB676, 0xBEB7, 0xC719,
    0xDF39, 0xDF39, 0xDF39, 0xDF19, 0xCED8, 0xC697, 0xBE56, 0xB677, 0xB697, 0xB677, 0xAE77, 0xA657, 0xA677, 0xA678, 0xAE78, 0xAE77,
    0xAE77, 0xAE77, 0xAE77, 0xAE77, 0xAE77, 0xAE77, 0xAE77, 0xAE77, 0xAE77, 0xAE97, 0xAE98, 0xB698, 0xAE98, 0xB6B8, 0xB6D8, 0xB6D9,
    0xB6D9, 0xB6B8, 0xB6B8, 0xAE77, 0xAE77, 0xAE77, 0xAE77, 0xAE77, 0xAE77, 0xAE77, 0xAE77, 0xAE77, 0xAE77, 0xAE77, 0xAE77, 0xAE77,
    0xAE77, 0xAE77, 0xAE77, 0xAE77, 0xAE77, 0xAE77, 0xAE77, 0xAE77, 0xAE77, 0xAE57, 0xAE57, 0xAE77, 0xAE77, 0xAE77, 0xAE77, 0xAE77,
    0xAE77, 0xAE77, 0xAE77, 0xAE77, 0xAE77, 0xAE77, 0xAE77, 0xAE77, 0xAE77, 0xAE77, 0xAE77, 0xAE77, 0xAE77, 0xAE77, 0xAE77, 0xAE77,
    0xAE77, 0xAE77, 0xAE77, 0xAE77, 0xAE77, 0xAE77, 0xAE77, 0xAE77, 0xAE77, 0xAE77, 0xAE77, 0xAE77, 0xAE77, 0xAE77, 0xAE77, 0xAE77,
    0xAE77, 0xAE77, 0xAE77, 0xAE77, 0xAE77, 0xAE77, 0xAE77, 0xAE57, 0xAE77, 0xAE77, 0xAE77, 0xAE77, 0xAE77, 0xAE77, 0xAE77, 0xAE77,
    0xAE77, 0xAE77, 0xAE77, 0xAE77, 0xC636, 0xCE77, 0xD6D8, 0xDED8, 0xD6D8, 0xD6D8, 0xD6F8, 0xD6F9, 0xD6F8, 0xCEF8, 0xD719, 0xD75A,
    0xCF18, 0xBE96, 0xB615, 0xADF4, 0xB614, 0xBE35, 0xC676, 0xC697, 0xD6F8, 0xE75A, 0xE73A, 0xE719, 0xE719, 0xDEF9, 0xD6B8, 0xCE77,
    0xCE77, 0xCE97, 0xDEF8, 0xDF19, 0xD6B8, 0xC636, 0xBE15, 0xBE35, 0xC656, 0xCE77, 0xD6B8, 0xD6F8, 0xDF19, 0xDF5A, 0xDF5A, 0xE77A,
    0xEF7A, 0xE739, 0xDEF9, 0xD6D8, 0xD6B8, 0xD6D9, 0xCEB8, 0xC6B8, 0xC6B8, 0xC6D8, 0xC719, 0xD77A, 0xD719, 0xD718, 0xD6F8, 0xCED7,
    0xBE97, 0xBE56, 0xB656, 0xB656, 0xAE57, 0xAE77, 0xAE57, 0xAE77, 0xAE77, 0xA678, 0xA677, 0xAE77, 0xAE77, 0xAE77, 0xAE77, 0xAE77,
    0xAE77, 0xAE77, 0xAE77, 0xAE77, 0xAE77, 0xAE77, 0xAE98, 0xB698, 0xB6B8, 0xB6B8, 0xB6B8, 0xB6B8, 0xB6B8, 0xB6B8, 0xB698, 0xAE97,
    0xAE97, 0xAE77, 0xAE77, 0xAE77, 0xAE77, 0xAE77, 0xAE77, 0xAE77, 0xAE77, 0xAE77, 0xAE77, 0xAE77, 0xAE77, 0xAE77, 0xAE77, 0xAE77,
    0xAE77, 0xAE77, 0xAE77, 0xAE77, 0xAE57, 0xAE57, 0xAE57, 0xAE77, 0xAE77, 0xAE77, 0xAE77, 0xAE77, 0xAE77, 0xAE77, 0xAE77, 0xAE77,
    0xAE77, 0xAE77, 0xAE77, 0xAE77, 0xAE77, 0xAE77, 0xAE77, 0xAE77, 0xAE77, 0xAE77, 0xAE77, 0xAE77, 0xAE77, 0xAE77, 0xAE77, 0xAE77,
    0xAE77, 0xAE77, 0xAE77, 0xAE77, 0xAE77, 0xAE77, 0xAE77, 0xAE77, 0xAE77, 0xAE77, 0xAE77, 0xAE77, 0xAE77, 0xAE77, 0xAE77, 0xAE77,
    0xAE77, 0xAE77, 0xAE77, 0xAE77, 0xAE77, 0xAE77, 0xAE77, 0xAE77, 0xAE77, 0xAE77, 0xAE77, 0xAE77, 0xAE77, 0xAE77, 0xAE77, 0xAE77,
    0xC656, 0xC615, 0xCE76, 0xE6F9, 0xEF3A, 0xE73A, 0xE73A, 0xE75A, 0xDF39, 0xCED7, 0xC696, 0xBE96, 0xC6B7, 0xCED8, 0xCEF8, 0xCEB7,
    0xBE55, 0xB635, 0xC656, 0xC656, 0xD6B8, 0xE719, 0xE719, 0xE739, 0xEF5A, 0xE6F9, 0xCE77, 0xBE15, 0xBDF5, 0xC615, 0xCE97, 0xDED8,
    0xD6D8, 0xCE77, 0xC636, 0xCE77, 0xD6D8, 0xDF19, 0xE73A, 0xE719, 0xDEF9, 0xDEF8, 0xD6D8, 0xDF19, 0xDF19, 0xD6B8, 0xCE97, 0xCE77,
    0xCE77, 0xE75A, 0xDF1A, 0xDF3A, 0xD73A, 0xCF19, 0xCF19, 0xCF19, 0xBEB7, 0xBEB7, 0xBE96, 0xB676, 0xB676, 0xB676, 0xB677, 0xAE76,
    0xAE56, 0xAE57, 0xAE77, 0xAE77, 0xAE77, 0xAE78, 0xAE57, 0xAE77, 0xAE77, 0xAE77, 0xAE77, 0xAE77, 0xAE77, 0xAE77, 0xAE57, 0xAE77,
    0xAE77, 0xAE77, 0xAE97, 0xB698, 0xB698, 0xB6B8, 0xB698, 0xAE77, 0xAE77, 0xAE77, 0xAE97, 0xB6B8, 0xB6B8, 0xB698, 0xB698, 0xB698,
    0xB698, 0xB698, 0xB698, 0xB698, 0xAE77, 0xAE77, 0xAE77, 0xAE77, 0xAE77, 0xAE77, 0xAE77, 0xAE77, 0xAE57, 0xAE57, 0xAE77, 0xAE77,
    0xAE77, 0xAE77, 0xAE77, 0xAE77, 0xAE77, 0xAE77, 0xAE77, 0xAE77, 0xAE77, 0xAE77, 0xAE77, 0xAE77, 0xAE77, 0xAE77, 0xAE77, 0xAE77,
    0xAE77, 0xAE77, 0xAE77, 0xAE77, 0xAE77, 0xAE77, 0xAE77, 0xAE77, 0xAE77, 0xAE77, 0xAE77, 0xAE77, 0xAE77, 0xAE77, 0xAE77, 0xAE77,
    0xAE77, 0xAE77, 0xAE77, 0xAE77, 0xAE77, 0xAE77, 0xAE77, 0xAE77, 0xAE77, 0xAE77, 0xAE77, 0xAE77, 0xAE77, 0xAE77, 0xAE77, 0xAE77,
    0xAE77, 0xAE77, 0xAE77, 0xAE77, 0xAE77, 0xAE77, 0xAE77, 0xAE77, 0xAE77, 0xAE77, 0xAE77, 0xAE77, 0xDED8, 0xD677, 0xD697, 0xE719,
    0xEF5A, 0xE73A, 0xE73A, 0xE75A, 0xDF19, 0xCE97, 0xB615, 0xB5F4, 0xB614, 0xC6B7, 0xDF59, 0xE77A, 0xD6F8, 0xCEB7, 0xD6D8, 0xDEF8,
    0xE739, 0xEF3A, 0xE6F8, 0xE6D8, 0xEF39, 0xEF19, 0xDED8, 0xC656, 0xBE15, 0xC636, 0xD6B8, 0xDEF9, 0xDF19, 0xE719, 0xDEF9, 0xE6F9,
    0xE719, 0xE719, 0xE719, 0xE719, 0xE719, 0xDED8, 0xCE76, 0xC656, 0xC636, 0xBDF5, 0xC636, 0xD6B8, 0xDED9, 0xE73A, 0xDF3A, 0xDF5B,
    0xDF5B, 0xCEF9, 0xBEB8, 0xBE97, 0xB676, 0xB696, 0xB676, 0xAE56, 0xAE55, 0xAE56, 0xAE76, 0xAE57, 0xAE57, 0xAE57, 0xAE57, 0xAE77,
    0xAE77, 0xAE58, 0xAE77, 0xAE77, 0xAE77, 0xAE77, 0xAE77, 0xAE77, 0xAE77, 0xAE77, 0xAE77, 0xAE77, 0xAE77, 0xAE77, 0xAE77, 0xAE97,
    0xAE98, 0xAE98, 0xAE77, 0xAE57, 0xA656, 0xA657, 0xAE77, 0xB6B8, 0xB6D8, 0xB698, 0xB698, 0xB698, 0xB698, 0xB698, 0xB698, 0xB698,
    0xAE77, 0xAE77, 0xAE77, 0xAE77, 0xAE77, 0xAE77, 0xAE77, 0xAE77, 0xAE57, 0xAE77, 0xAE77, 0xAE77, 0xAE77, 0xAE77, 0xAE77, 0xAE77,
    0xAE77, 0xAE77, 0xAE77, 0xAE77, 0xAE77, 0xAE77, 0xAE77, 0xAE77, 0xAE77, 0xAE77, 0xAE77, 0xAE77, 0xAE77, 0xAE77, 0xAE77, 0xAE77,
    0xAE77, 0xAE77, 0xAE77, 0xAE77, 0xAE77, 0xAE77, 0xAE77, 0xAE77, 0xAE77, 0xAE77, 0xAE77, 0xAE77, 0xAE77, 0xAE77, 0xAE77, 0xAE77,
    0xAE77, 0xAE77, 0xAE77, 0xAE77, 0xAE77, 0xAE77, 0xAE77, 0xAE77, 0xAE77, 0xAE77, 0xAE77, 0xAE77, 0xAE77, 0xAE77, 0xAE77, 0xAE77,
    0xAE77, 0xAE77, 0xAE77, 0xAE77, 0xAE77, 0xAE77, 0xAE77, 0xAE77, 0xEF3A, 0xEF19, 0xE6F9, 0xEF19, 0xEF19, 0xE6F9, 0xE6F9, 0xE719,
    0xE719, 0xD6D7, 0xC696, 0xC676, 0xBE34, 0xCE96, 0xDF18, 0xE759, 0xDF18, 0xDEF8, 0xE718, 0xEF59, 0xEF59, 0xE739, 0xE6F8, 0xE6F8,
    0xE6F8, 0xEF19, 0xE739, 0xD6D8, 0xCEB7, 0xD6D8, 0xDEF9, 0xDF19, 0xE719, 0xE73A, 0xEF3A, 0xEF3A, 0xE6F9, 0xE6D9, 0xE6D9, 0xE6D9,
    0xE6D9, 0xDED8, 0xCE97, 0xC656, 0xC636, 0xC636, 0xCE97, 0xDF19, 0xDF1A, 0xDF19, 0xD719, 0xD71A, 0xD719, 0xC6B8, 0xB657, 0xB656,
    0xAE76, 0xAE96, 0xAE96, 0xAE76, 0xA656, 0xAE56, 0xAE76, 0xAE77, 0xAE77, 0xAE77, 0xAE57, 0xAE57, 0xAE57, 0xAE57, 0xAE77, 0xAE77,
    0xAE77, 0xAE77, 0xAE77, 0xAE77, 0xAE77, 0xAE77, 0xAE77, 0xAE77, 0xAE77, 0xAE77, 0xAE77, 0xAE77, 0xAE77, 0xAE77, 0xAE77, 0xAE77,
    0xAE77, 0xAE97, 0xB698, 0xB698, 0xB6B8, 0xAE77, 0xAE77, 0xAE77, 0xAE77, 0xAE77, 0xAE77, 0xAE77, 0xAE77, 0xAE77, 0xAE77, 0xAE77,
    0xAE77, 0xAE77, 0xAE77, 0xAE77, 0xAE77, 0xAE77, 0xAE77, 0xAE77, 0xAE77, 0xAE77, 0xAE97, 0xAE77, 0xAE77, 0xAE77, 0xAE77, 0xAE77,
    0xAE77, 0xAE77, 0xAE77, 0xAE77, 0xAE77, 0xAE77, 0xAE77, 0xAE77, 0xAE77, 0xAE77, 0xAE77, 0xAE77, 0xAE77, 0xAE77, 0xAE77, 0xAE77,
    0xAE77, 0xAE77, 0xAE57, 0xAE57, 0xAE57, 0xAE57, 0xAE57, 0xAE57, 0xAE77, 0xAE77, 0xAE77, 0xAE77, 0xAE77, 0xAE77, 0xAE77, 0xAE77,
    0xAE77, 0xAE77, 0xAE77, 0xAE77, 0xAE77, 0xAE77, 0xAE77, 0xAE77, 0xAE77, 0xAE77, 0xAE77, 0xAE77, 0xAE77, 0xAE77, 0xAE77, 0xAE77,
    0xAE77, 0xAE77, 0xAE77, 0xAE77, 0xEF19, 0xF73A, 0xEF19, 0xEEF9, 0xEEF9, 0xEEF9, 0xE6F8, 0xE719, 0xEF3A, 0xE739, 0xE739, 0xE759,
    0xE759, 0xDF18, 0xDF18, 0xE739, 0xE739, 0xE718, 0xE739, 0xDEF8, 0xDED7, 0xE718, 0xEF39, 0xEF39, 0xE6F8, 0xE718, 0xEF39, 0xE739,
    0xDF19, 0xE739, 0xE73A, 0xDEF9, 0xDED8, 0xE719, 0xE719, 0xE6F9, 0xEEF9, 0xE6F9, 0xE6B8, 0xDE98, 0xDE77, 0xE6D9, 0xDF19, 0xDEF9,
    0xDF19, 0xDEF9, 0xDF1A, 0xDF3A, 0xDEF9, 0xD6F9, 0xCED9, 0xCED9, 0xCED9, 0xBE98, 0xB657, 0xB677, 0xAE76, 0xA696, 0xAEB7, 0xAE97,
    0xAE96, 0xAE97, 0xAE97, 0xAE98, 0xAE97, 0xAE77, 0xAE57, 0xAE57, 0xAE57, 0xAE57, 0xAE77, 0xAE77, 0xAE77, 0xAE77, 0xAE77, 0xAE77,
    0xAE77, 0xAE77, 0xAE77, 0xAE77, 0xAE77, 0xAE77, 0xAE77, 0xAE57, 0xAE57, 0xAE57, 0xAE77, 0xB698, 0xB6D8, 0xB6D9, 0xB6B8, 0xAE77,
    0xAE57, 0xAE57, 0xAE57, 0xAE57, 0xAE57, 0xAE57, 0xAE57, 0xAE57, 0xAE77, 0xAE77, 0xAE77, 0xAE77, 0xAE77, 0xAE77, 0xAE77, 0xAE77,
    0xAE77, 0xAE77, 0xAE77, 0xAE77, 0xAE97, 0xAE97, 0xAE98, 0xAE77, 0xAE77, 0xAE77, 0xAE77, 0xAE77, 0xAE77, 0xAE77, 0xAE77, 0xAE77,
    0xAE77, 0xAE77, 0xAE77, 0xAE77, 0xAE77, 0xAE77, 0xAE77, 0xAE77, 0xAE77, 0xAE77, 0xAE77, 0xAE77, 0xAE77, 0xAE77, 0xAE57, 0xAE57,
    0xAE57, 0xAE57, 0xAE57, 0xAE57, 0xAE77, 0xAE77, 0xAE77, 0xAE77, 0xAE77, 0xAE77, 0xAE77, 0xAE77, 0xAE77, 0xAE57, 0xAE77, 0xAE77,
    0xAE77, 0xAE77, 0xAE57, 0xAE77, 0xAE57, 0xAE57, 0xAE77, 0xAE77, 0xAE77, 0xAE77, 0xAE77, 0xAE77, 0xAE77, 0xAE77, 0xAE77, 0xAE77,
    0xEEF9, 0xEEF9, 0xEEF9, 0xEEF9, 0xEEF8, 0xE6D8, 0xEF39, 0xEF19, 0xDEF8, 0xDEF8, 0xDF18, 0xDF18, 0xE739, 0xDF18, 0xDF18, 0xE718,
    0xE718, 0xE6F8, 0xE718, 0xE718, 0xE718, 0xEF39, 0xE6F8, 0xDEB7, 0xDEB7, 0xE718, 0xE739, 0xDF19, 0xCEB8, 0xD6D8, 0xDEF9, 0xDF19,
    0xDF19, 0xE6F9, 0xDED8, 0xE6F9, 0xE6F9, 0xE6D9, 0xE6D9, 0xE6D9, 0xE6D9, 0xE6F9, 0xDEF9, 0xDEF9, 0xDEF9, 0xDF19, 0xD719, 0xD6F9,
    0xCED9, 0xC697, 0xC698, 0xBE97, 0xBE77, 0xBE77, 0xB657, 0xB677, 0xAE77, 0xA697, 0xA697, 0xA697, 0xA697, 0xAE77, 0xAE77, 0xAE77,
    0xAE77, 0xAE77, 0xAE77, 0xAE77, 0xAE77, 0xAE57, 0xAE77, 0xAE77, 0xAE77, 0xAE77, 0xAE77, 0xAE77, 0xAE77, 0xAE77, 0xAE77, 0xAE77,
    0xAE77, 0xAE77, 0xAE77, 0xAE77, 0xAE77, 0xAE77, 0xAE98, 0xAE97, 0xAE77, 0xAE77, 0xAE77, 0xAE77, 0xAE77, 0xAE57, 0xAE57, 0xAE57,
    0xAE57, 0xAE77, 0xAE77, 0xAE77, 0xAE77, 0xAE77, 0xAE77, 0xAE77, 0xAE77, 0xAE77, 0xAE77, 0xAE77, 0xAE77, 0xAE77, 0xAE77, 0xAE77,
    0xAE77, 0xAE77, 0xAE77, 0xAE77, 0xAE77, 0xAE77, 0xAE77, 0xAE77, 0xAE77, 0xAE77, 0xAE77, 0xAE77, 0xAE77, 0xAE77, 0xAE77, 0xAE77,
    0xAE77, 0xAE77, 0xAE77, 0xAE77, 0xAE77, 0xAE77, 0xAE77, 0xAE77, 0xAE77, 0xAE77, 0xAE77, 0xAE77, 0xAE77, 0xAE77, 0xAE77, 0xAE77,
    0xAE77, 0xAE77, 0xAE77, 0xAE77, 0xAE77, 0xAE77, 0xAE77, 0xAE77, 0xAE77, 0xAE57, 0xAE77, 0xAE77, 0xAE77, 0xAE77, 0xAE77, 0xAE77,
    0xAE77, 0xAE77, 0xAE77, 0xAE77, 0xAE77, 0xAE77, 0xAE77, 0xAE77, 0xAE77, 0xAE77, 0xAE77, 0xAE77, 0xEEF9, 0xEEF9, 0xEEF9, 0xEEF9,
    0xEEF9, 0xEF19, 0xE6D8, 0xD677, 0xCE35, 0xCE76, 0xDEF8, 0xE739, 0xE739, 0xE719, 0xE719, 0xE739, 0xE719, 0xE718, 0xE739, 0xE718,
    0xE6F8, 0xE6F8, 0xE6F8, 0xE6F8, 0xE6F8, 0xE6F8, 0xE719, 0xDEF8, 0xD6B7, 0xD6B8, 0xDEF9, 0xE719, 0xE719, 0xE719, 0xE73A, 0xE6F9,
    0xE6D8, 0xE6D9, 0xE6F9, 0xEEF9, 0xE6F9, 0xE719, 0xDF19, 0xDEF9, 0xD6F9, 0xD6F9, 0xD6F9, 0xCED9, 0xC6B8, 0xBE77, 0xBE77, 0xBE77,
    0xBE77, 0xB677, 0xB657, 0xB677, 0xAE77, 0xA697, 0xA697, 0xA697, 0xA697, 0xAE77, 0xAE77, 0xAE77, 0xAE77, 0xAE77, 0xAE77, 0xAE77,
    0xAE77, 0xAE57, 0xAE77, 0xAE77, 0xAE77, 0xAE77, 0xAE77, 0xAE77, 0xAE77, 0xAE77, 0xAE77, 0xAE77, 0xAE77, 0xAE77, 0xAE77, 0xAE77,
    0xAE77, 0xAE77, 0xAE77, 0xAE77, 0xAE77, 0xAE77, 0xAE77, 0xAE77, 0xAE77, 0xAE57, 0xAE57, 0xAE77, 0xAE77, 0xAE77, 0xAE77, 0xAE77,
    0xAE77, 0xAE77, 0xAE77, 0xAE77, 0xAE77, 0xAE77, 0xAE77, 0xAE77, 0xAE77, 0xAE77, 0xAE77, 0xAE77, 0xAE77, 0xAE77, 0xAE77, 0xAE77,
    0xAE77, 0xAE77, 0xAE77, 0xAE77, 0xAE77, 0xAE77, 0xAE77, 0xAE77, 0xAE77, 0xAE77, 0xAE77, 0xAE77, 0xAE77, 0xAE77, 0xAE77, 0xAE77,
    0xAE77, 0xAE77, 0xAE77, 0xAE77, 0xAE77, 0xAE77, 0xAE77, 0xAE77, 0xAE77, 0xAE77, 0xAE77, 0xAE77, 0xAE77, 0xAE77, 0xAE77, 0xAE77,
    0xAE77, 0xAE77, 0xAE77, 0xAE77, 0xAE77, 0xAE77, 0xAE77, 0xAE77, 0xAE77, 0xAE77, 0xAE77, 0xAE77, 0xAE77, 0xAE77, 0xAE77, 0xAE77,
    0xAE77, 0xAE77, 0xAE77, 0xAE77, 0xAE77, 0xAE77, 0xAE77, 0xAE77, 0xEF18, 0xEEF8, 0xEEF8, 0xEEF8, 0xEF19, 0xEF19, 0xE6D8, 0xCE55,
    0xBDF4, 0xBE14, 0xCE76, 0xD6B7, 0xDED7, 0xD6B7, 0xDED8, 0xE718, 0xE719, 0xE719, 0xEF39, 0xE739, 0xE718, 0xE6F8, 0xE719, 0xEF39,
    0xE739, 0xDED8, 0xD6B7, 0xDEF9, 0xD6B8, 0xD6D8, 0xDF19, 0xE719, 0xE719, 0xE719, 0xEF5A, 0xE6F9, 0xDED8, 0xDED9, 0xEF1A, 0xEF3A,
    0xE6F9, 0xDEF9, 0xDEF9, 0xD6F9, 0xD6D8, 0xCED8, 0xC6D8, 0xC6B8, 0xBE97, 0xB677, 0xB677, 0xB677, 0xB677, 0xB677, 0xB677, 0xB677,
    0xAE77, 0xA697, 0xA697, 0xAE77, 0xAE77, 0xAE77, 0xAE77, 0xAE77, 0xAE77, 0xAE77, 0xAE77, 0xAE77, 0xAE77, 0xAE77, 0xAE77, 0xAE77,
    0xAE77, 0xAE77, 0xAE77, 0xAE77, 0xAE77, 0xAE77, 0xAE77, 0xAE77, 0xAE77, 0xAE77, 0xAE77, 0xAE77, 0xAE77, 0xAE57, 0xAE57, 0xAE57,
    0xAE57, 0xAE77, 0xAE77, 0xAE77, 0xAE77, 0xAE77, 0xAE77, 0xAE77, 0xAE77, 0xAE77, 0xAE77, 0xAE77, 0xAE57, 0xAE77, 0xAE77, 0xAE77,
    0xAE77, 0xAE77, 0xAE97, 0xAE77, 0xAE77, 0xAE77, 0xAE77, 0xAE77, 0xAE77, 0xAE77, 0xAE77, 0xAE77, 0xAE77, 0xAE77, 0xAE77, 0xAE77,
    0xAE77, 0xAE77, 0xAE77, 0xAE77, 0xAE77, 0xAE77, 0xAE77, 0xAE77, 0xAE77, 0xAE77, 0xAE77, 0xAE77, 0xAE77, 0xAE77, 0xAE77, 0xAE77,
    0xAE77, 0xAE77, 0xAE77, 0xAE77, 0xAE77, 0xAE77, 0xAE77, 0xAE77, 0xAE77, 0xAE77, 0xAE77, 0xAE77, 0xAE77, 0xAE77, 0xAE77, 0xAE77,
    0xAE77, 0xAE77, 0xAE77, 0xAE77, 0xAE77, 0xAE77, 0xAE77, 0xAE77, 0xAE77, 0xAE77, 0xAE77, 0xAE77, 0xAE77, 0xAE77, 0xAE77, 0xAE77,
    0xAE77, 0xAE77, 0xAE77, 0xAE77, 0xEF18, 0xEF18, 0xEEF8, 0xEEF8, 0xEEF8, 0xEF19, 0xEF18, 0xDEB7, 0xCE55, 0xC635, 0xBE14, 0xBDF4,
    0xC615, 0xCE36, 0xD697, 0xE6F9, 0xE719, 0xE719, 0xE719, 0xE73A, 0xE739, 0xE719, 0xE719, 0xE719, 0xDEF9, 0xD697, 0xD6B7, 0xDF19,
    0xD6D8, 0xDEF9, 0xDF19, 0xDF19, 0xDF19, 0xDF19, 0xE73A, 0xE719, 0xDF19, 0xDF19, 0xE73A, 0xE719, 0xDEF9, 0xDEF9, 0xD6F9, 0xCED8,
    0xCEB8, 0xC6B8, 0xBE98, 0xB677, 0xB677, 0xAE56, 0xAE57, 0xAE57, 0xB677, 0xB677, 0xB677, 0xB677, 0xAE77, 0xAE77, 0xAE77, 0xAE77,
    0xAE77, 0xAE77, 0xAE77, 0xAE77, 0xAE77, 0xAE77, 0xAE77, 0xAE77, 0xAE77, 0xAE77, 0xAE77, 0xAE77, 0xAE77, 0xAE77, 0xAE77, 0xAE77,
    0xAE77, 0xAE77, 0xAE57, 0xAE57, 0xAE57, 0xAE57, 0xAE57, 0xAE57, 0xAE57, 0xAE57, 0xAE57, 0xAE77, 0xAE77, 0xAE77, 0xAE77, 0xAE77,
    0xAE97, 0xAE77, 0xAE77, 0xAE77, 0xAE77, 0xAE77, 0xAE77, 0xAE77, 0xAE57, 0xAE77, 0xAE77, 0xAE77, 0xAE77, 0xAE97, 0xAE98, 0xAE77,
    0xAE77, 0xAE77, 0xAE77, 0xAE77, 0xAE77, 0xAE77, 0xAE77, 0xAE77, 0xAE77, 0xAE77, 0xAE77, 0xAE77, 0xAE77, 0xAE77, 0xAE77, 0xAE77,
    0xAE77, 0xAE77, 0xAE77, 0xAE77, 0xAE77, 0xAE77, 0xAE77, 0xAE77, 0xAE77, 0xAE77, 0xAE77, 0xAE77, 0xAE77, 0xAE77, 0xAE77, 0xAE77,
    0xAE77, 0xAE77, 0xAE77, 0xAE77, 0xAE77, 0xAE77, 0xAE77, 0xAE77, 0xAE77, 0xAE77, 0xAE77, 0xAE77, 0xAE77, 0xAE77, 0xAE77, 0xAE77,
    0xAE77, 0xAE77, 0xAE77, 0xAE77, 0xAE77, 0xAE77, 0xAE77, 0xAE77, 0xAE77, 0xAE77, 0xAE77, 0xAE77, 0xAE77, 0xAE77, 0xAE77, 0xAE77,
    0xEF18, 0xEF18, 0xEF18, 0xEEF8, 0xEEF8, 0xEEF8, 0xEF39, 0xE718, 0xDED7, 0xD6B7, 0xCE76, 0xC635, 0xC635, 0xCE56, 0xDED8, 0xE73A,
    0xE73A, 0xDED8, 0xD6B8, 0xD6D8, 0xDED8, 0xDEF8, 0xDED8, 0xDED8, 0xDED8, 0xDEF9, 0xDEF9, 0xE739, 0xDEF9, 0xDF19, 0xDF19, 0xDEF9,
    0xDED8, 0xD6F8, 0xD6D8, 0xDF19, 0xE73A, 0xE73A, 0xDEF9, 0xD6D8, 0xD6D8, 0xD6F8, 0xCEB8, 0xC6B8, 0xC697, 0xBE97, 0xB697, 0xAE77,
    0xAE56, 0xAE56, 0xAE77, 0xAE77, 0xAE77, 0xAE77, 0xB677, 0xB678, 0xAE77, 0xAE77, 0xAE77, 0xAE77, 0xAE77, 0xAE77, 0xAE77, 0xAE77,
    0xAE77, 0xAE77, 0xAE77, 0xAE77, 0xAE77, 0xAE77, 0xAE77, 0xAE77, 0xAE77, 0xAE77, 0xAE77, 0xAE77, 0xAE77, 0xAE77, 0xAE77, 0xAE77,
    0xAE77, 0xAE77, 0xAE77, 0xAE77, 0xAE77, 0xAE77, 0xAE77, 0xAE77, 0xAE97, 0xAE98, 0xB698, 0xB698, 0xB698, 0xAE97, 0xAE77, 0xAE77,
    0xAE77, 0xAE77, 0xAE77, 0xAE77, 0xAE77, 0xAE77, 0xAE77, 0xAE77, 0xAE77, 0xAE97, 0xAE98, 0xAE77, 0xAE77, 0xAE77, 0xAE77, 0xAE77,
    0xAE77, 0xAE77, 0xAE77, 0xAE77, 0xAE77, 0xAE77, 0xAE77, 0xAE77, 0xAE77, 0xAE77, 0xAE77, 0xAE77, 0xAE77, 0xAE77, 0xAE77, 0xAE77,
    0xAE77, 0xAE77, 0xAE77, 0xAE77, 0xAE77, 0xAE77, 0xAE77, 0xAE77, 0xAE77, 0xAE77, 0xAE77, 0xAE77, 0xAE77, 0xAE77, 0xAE77, 0xAE77,
    0xAE77, 0xAE77, 0xAE77, 0xAE77, 0xAE77, 0xAE77, 0xAE77, 0xAE77, 0xAE77, 0xAE77, 0xAE77, 0xAE77, 0xAE77, 0xAE77, 0xAE77, 0xAE77,
    0xAE77, 0xAE77, 0xAE77, 0xAE77, 0xAE77, 0xAE77, 0xAE77, 0xAE77, 0xAE77, 0xAE77, 0xAE77, 0xAE77, 0xE718, 0xEF18, 0xEF18, 0xEEF8,
    0xEEF8, 0xEEF8, 0xE718, 0xDEF8, 0xDED7, 0xDF18, 0xDF38, 0xDF18, 0xDEF9, 0xDEF9, 0xEF3A, 0xEF5B, 0xE73A, 0xD6B8, 0xCE77, 0xC657,
    0xC657, 0xCE77, 0xD698, 0xD6D8, 0xDEF9, 0xE73A, 0xE73A, 0xDF19, 0xDF19, 0xDF19, 0xDF19, 0xDEF8, 0xD6D8, 0xD6F8, 0xCE97, 0xD6F8,
    0xDF39, 0xD719, 0xCEB7, 0xC697, 0xCEB7, 0xCEB8, 0xC697, 0xBE77, 0xBE97, 0xB697, 0xB697, 0xAE97, 0xAE77, 0xAE97, 0xAE97, 0xAE97,
    0xAE97, 0xAE98, 0xB698, 0xB698, 0xAE58, 0xB658, 0xAE58, 0xAE57, 0xAE57, 0xAE57, 0xAE57, 0xAE77, 0xAE77, 0xAE77, 0xAE77, 0xAE77,
    0xAE77, 0xAE77, 0xAE77, 0xAE77, 0xAE77, 0xAE77, 0xAE77, 0xAE77, 0xAE77, 0xAE77, 0xAE77, 0xAE77, 0xAE77, 0xAE77, 0xAE77, 0xAE77,
    0xAE77, 0xAE77, 0xAE98, 0xAE98, 0xB698, 0xB698, 0xB698, 0xB698, 0xB698, 0xAE77, 0xAE77, 0xAE77, 0xAE97, 0xB698, 0xB698, 0xB698,
    0xAE98, 0xAE97, 0xAE97, 0xAE97, 0xAE77, 0xAE77, 0xAE77, 0xAE77, 0xAE77, 0xAE77, 0xAE77, 0xAE77, 0xAE77, 0xAE77, 0xAE77, 0xAE77,
    0xAE77, 0xAE77, 0xAE77, 0xAE77, 0xAE77, 0xAE77, 0xAE77, 0xAE77, 0xAE77, 0xAE77, 0xAE77, 0xAE77, 0xAE77, 0xAE77, 0xAE77, 0xAE77,
    0xAE77, 0xAE77, 0xAE77, 0xAE77, 0xAE77, 0xAE77, 0xAE77, 0xAE77, 0xAE77, 0xAE77, 0xAE77, 0xAE77, 0xAE77, 0xAE77, 0xAE77, 0xAE77,
    0xAE77, 0xAE77, 0xAE77, 0xAE77, 0xAE77, 0xAE77, 0xAE77, 0xAE77, 0xAE77, 0xAE77, 0xAE77, 0xAE77, 0xAE77, 0xAE77, 0xAE77, 0xAE77,
    0xAE77, 0xAE77, 0xAE77, 0xAE77, 0xAE77, 0xAE77, 0xAE77, 0xAE77, 0xE718, 0xEF18, 0xEF18, 0xEF18, 0xEF18, 0xEF18, 0xE718, 0xDEF7,
    0xDEF8, 0xE738, 0xE759, 0xE739, 0xE75A, 0xE73A, 0xE73A, 0xE73A, 0xDF19, 0xD6B8, 0xD6D8, 0xC636, 0xBE15, 0xBE16, 0xCE97, 0xD6F9,
    0xDF3A, 0xDF19, 0xDED9, 0xDED8, 0xDED8, 0xDF19, 0xE719, 0xDEF9, 0xDEF8, 0xDF19, 0xCEB7, 0xCEB7, 0xCED8, 0xC6B7, 0xBE76, 0xBE96,
    0xC6B7, 0xC697, 0xBE77, 0xBE56, 0xB677, 0xB697, 0xB697, 0xAEB7, 0xAE97, 0xAEB7, 0xAEB7, 0xAEB8, 0xAE98, 0xB698, 0xB698, 0xB698,
    0xB658, 0xB658, 0xB658, 0xB658, 0xB658, 0xAE58, 0xAE57, 0xAE57, 0xAE57, 0xAE77, 0xAE77, 0xAE77, 0xAE77, 0xAE77, 0xAE77, 0xAE77,
    0xAE77, 0xAE77, 0xAE77, 0xAE77, 0xAE77, 0xAE77, 0xAE77, 0xAE77, 0xAE77, 0xAE77, 0xAE77, 0xAE77, 0xAE77, 0xAE97, 0xAE98, 0xAE98,
    0xAE98, 0xAE97, 0xAE77, 0xAE77, 0xAE77, 0xAE77, 0xAE77, 0xAE77, 0xAE98, 0xB698, 0xB6B8, 0xB6B8, 0xB6B8, 0xB698, 0xB698, 0xAE98,
    0xAE77, 0xAE77, 0xAE77, 0xAE77, 0xAE77, 0xAE77, 0xAE77, 0xAE77, 0xAE77, 0xAE77, 0xAE77, 0xAE77, 0xAE77, 0xAE77, 0xAE77, 0xAE77,
    0xAE77, 0xAE77, 0xAE77, 0xAE77, 0xAE77, 0xAE77, 0xAE77, 0xAE77, 0xAE77, 0xAE77, 0xAE77, 0xAE77, 0xAE77, 0xAE77, 0xAE77, 0xAE77,
    0xAE77, 0xAE77, 0xAE77, 0xAE77, 0xAE77, 0xAE77, 0xAE77, 0xAE77, 0xAE77, 0xAE77, 0xAE77, 0xAE77, 0xAE77, 0xAE77, 0xAE77, 0xAE77,
    0xAE77, 0xAE77, 0xAE77, 0xAE77, 0xAE77, 0xAE77, 0xAE77, 0xAE77, 0xAE77, 0xAE77, 0xAE77, 0xAE77, 0xAE77, 0xAE77, 0xAE77, 0xAE77,
    0xAE77, 0xAE77, 0xAE77, 0xAE77, 0xE718, 0xEF18, 0xEF18, 0xEF18, 0xE718, 0xEF19, 0xEF39, 0xE719, 0xDF18, 0xDF38, 0xDF38, 0xDF18,
    0xDF39, 0xDF19, 0xD6F9, 0xD6D9, 0xD6D9, 0xD6D9, 0xDF1A, 0xCEB8, 0xC657, 0xC657, 0xCEB8, 0xDF1A, 0xDF1A, 0xCEB8, 0xCE78, 0xD6D9,
    0xDED9, 0xDEF9, 0xDEF9, 0xD6D9, 0xD6F9, 0xDF19, 0xCED8, 0xC697, 0xBE76, 0xB656, 0xBE76, 0xBE96, 0xBE97, 0xBE77, 0xB657, 0xB656,
    0xB677, 0xB697, 0xB697, 0xAEB7, 0xAEB7, 0xAEB8, 0xAEB8, 0xAEB8, 0xAE98, 0xB698, 0xB698, 0xB698, 0xAE57, 0xAE58, 0xAE57, 0xAE57,
    0xAE57, 0xAE57, 0xAE57, 0xAE57, 0xAE77, 0xAE77, 0xAE77, 0xAE77, 0xAE77, 0xAE77, 0xAE77, 0xAE77, 0xAE77, 0xAE77, 0xAE77, 0xAE77,
    0xAE77, 0xAE77, 0xAE77, 0xAE77, 0xAE77, 0xAE77, 0xAE77, 0xAE77, 0xAE77, 0xAE97, 0xAE98, 0xAE97, 0xAE77, 0xAE77, 0xAE77, 0xAE77,
    0xAE77, 0xAE57, 0xAE57, 0xAE77, 0xAE97, 0xB698, 0xB6B8, 0xB6B8, 0xB6B8, 0xB698, 0xB698, 0xAE97, 0xAE77, 0xAE77, 0xAE77, 0xAE77,
    0xAE77, 0xAE77, 0xAE77, 0xAE77, 0xAE77, 0xAE77, 0xAE77, 0xAE77, 0xAE77, 0xAE77, 0xAE77, 0xAE77, 0xAE77, 0xAE77, 0xAE77, 0xAE77,
    0xAE77, 0xAE77, 0xAE77, 0xAE77, 0xAE77, 0xAE77, 0xAE77, 0xAE77, 0xAE77, 0xAE77, 0xAE77, 0xAE77, 0xAE77, 0xAE77, 0xAE77, 0xAE77,
    0xAE77, 0xAE77, 0xAE77, 0xAE77, 0xAE77, 0xAE77, 0xAE77, 0xAE77, 0xAE77, 0xAE77, 0xAE77, 0xAE77, 0xAE77, 0xAE77, 0xAE77, 0xAE77,
    0xAE77, 0xAE77, 0xAE77, 0xAE77, 0xAE77, 0xAE77, 0xAE77, 0xAE77, 0xAE77, 0xAE77, 0xAE77, 0xAE77, 0xAE77, 0xAE77, 0xAE77, 0xAE77,
    0xEEF8, 0xEEF8, 0xE6F8, 0xE6F8, 0xE6F8, 0xE719, 0xE739, 0xDF19, 0xD6D8, 0xD6B8, 0xDEF8, 0xDF5A, 0xCED7, 0xD6F8, 0xCEF8, 0xCEB7,
    0xCED8, 0xD719, 0xDF39, 0xDF5A, 0xDF3A, 0xDF3A, 0xE75A, 0xDF3A, 0xD6D9, 0xD6D9, 0xDEF9, 0xE71A, 0xE71A, 0xD6D9, 0xC677, 0xC657,
    0xCEB8, 0xCED9, 0xBE77, 0xBE77, 0xB677, 0xB657, 0xB677, 0xB677, 0xB697, 0xB697, 0xB698, 0xB697, 0xB677, 0xB677, 0xB697, 0xB698,
    0xB698, 0xAE77, 0xAE77, 0xAE77, 0xAE97, 0xAE97, 0xB677, 0xB677, 0xAE77, 0xAE77, 0xAE77, 0xAE77, 0xAE77, 0xAE77, 0xAE77, 0xAE77,
    0xAE77, 0xAE77, 0xAE77, 0xAE77, 0xAE77, 0xAE77, 0xAE77, 0xAE77, 0xAE77, 0xAE77, 0xAE77, 0xAE77, 0xAE77, 0xAE77, 0xAE77, 0xAE77,
    0xAE77, 0xAE77, 0xAE77, 0xAE77, 0xAE77, 0xAE77, 0xAE77, 0xAE77, 0xAE77, 0xAE77, 0xAE77, 0xAE77, 0xAE77, 0xA656, 0xA657, 0xAE57,
    0xAE77, 0xAE77, 0xAE98, 0xAE98, 0xAE77, 0xAE77, 0xAE77, 0xAE77, 0xAE77, 0xAE77, 0xAE77, 0xAE77, 0xAE77, 0xAE77, 0xAE77, 0xAE77,
    0xAE77, 0xAE77, 0xAE77, 0xAE77, 0xAE77, 0xAE77, 0xAE77, 0xAE77, 0xAE77, 0xAE77, 0xAE77, 0xAE77, 0xAE77, 0xAE77, 0xAE77, 0xAE77,
    0xAE77, 0xAE77, 0xAE77, 0xAE77, 0xAE77, 0xAE77, 0xAE77, 0xAE77, 0xAE77, 0xAE77, 0xAE77, 0xAE77, 0xAE77, 0xAE77, 0xAE77, 0xAE77,
    0xAE77, 0xAE77, 0xAE77, 0xAE77, 0xAE77, 0xAE77, 0xAE77, 0xAE77, 0xAE77, 0xAE77, 0xAE77, 0xAE77, 0xAE77, 0xAE77, 0xAE77, 0xAE77,
    0xAE77, 0xAE77, 0xAE77, 0xAE77, 0xAE77, 0xAE77, 0xAE77, 0xAE77, 0xAE77, 0xAE77, 0xAE77, 0xAE77, 0xEEF8, 0xE6F8, 0xE6D8, 0xE6D8,
    0xE6F8, 0xEF39, 0xEF5A, 0xE739, 0xDEF8, 0xCE97, 0xC656, 0xBE36, 0xCEB7, 0xCED7, 0xCED8, 0xCEF8, 0xD739, 0xD739, 0xCED8, 0xD719,
    0xD719, 0xCED8, 0xCEB8, 0xD6D9, 0xDF1A, 0xDF3A, 0xDEFA, 0xD6D9, 0xD6D9, 0xCEB9, 0xCE98, 0xCEB8, 0xCEB8, 0xC698, 0xBE77, 0xBE77,
    0xB677, 0xB677, 0xB677, 0xB697, 0xB697, 0xB698, 0xB677, 0xAE77, 0xAE77, 0xAE77, 0xB698, 0xB698, 0xB698, 0xB677, 0xB677, 0xB677,
    0xB677, 0xB677, 0xB677, 0xB677, 0xAE77, 0xAE77, 0xAE77, 0xAE77, 0xAE77, 0xAE77, 0xAE77, 0xAE77, 0xAE77, 0xAE77, 0xAE77, 0xAE77,
    0xAE77, 0xAE77, 0xAE77, 0xAE77, 0xAE77, 0xAE77, 0xAE77, 0xAE77, 0xAE77, 0xAE77, 0xAE77, 0xAE77, 0xAE77, 0xAE77, 0xAE77, 0xAE77,
    0xAE77, 0xAE77, 0xAE77, 0xAE77, 0xAE77, 0xAE57, 0xAE57, 0xAE57, 0xAE57, 0xAE57, 0xAE57, 0xAE77, 0xAE77, 0xAE77, 0xAE77, 0xAE77,
    0xAE77, 0xAE77, 0xAE77, 0xAE77, 0xAE77, 0xAE77, 0xAE77, 0xAE77, 0xAE77, 0xAE77, 0xAE77, 0xAE77, 0xAE77, 0xAE77, 0xAE77, 0xAE77,
    0xAE77, 0xAE77, 0xAE77, 0xAE77, 0xAE77, 0xAE77, 0xAE77, 0xAE77, 0xAE77, 0xAE77, 0xAE77, 0xAE77, 0xAE77, 0xAE77, 0xAE77, 0xAE77,
    0xAE77, 0xAE77, 0xAE77, 0xAE77, 0xAE77, 0xAE77, 0xAE77, 0xAE77, 0xAE77, 0xAE77, 0xAE77, 0xAE77, 0xAE77, 0xAE77, 0xAE77, 0xAE77,
    0xAE77, 0xAE77, 0xAE77, 0xAE77, 0xAE77, 0xAE77, 0xAE77, 0xAE77, 0xAE77, 0xAE77, 0xAE77, 0xAE77, 0xAE77, 0xAE77, 0xAE77, 0xAE77,
    0xAE77, 0xAE77, 0xAE77, 0xAE77, 0xAE77, 0xAE77, 0xAE77, 0xAE77, 0xEEF8, 0xEF18, 0xEF19, 0xE719, 0xE719, 0xDEF8, 0xDEF8, 0xDEF9,
    0xDEF9, 0xDEF9, 0xDEF9, 0xD6F9, 0xD719, 0xDF39, 0xDF39, 0xDF59, 0xDF5A, 0xD719, 0xC697, 0xC676, 0xCEB8, 0xCED8, 0xC6B8, 0xCED9,
    0xDF3A, 0xD71A, 0xCED8, 0xCEB8, 0xCEB8, 0xC698, 0xC698, 0xCED9, 0xC6B8, 0xBE77, 0xBE77, 0xB677, 0xB677, 0xB677, 0xB677, 0xB697,
    0xB697, 0xB697, 0xAE77, 0xAE77, 0xAE77, 0xAE77, 0xB677, 0xB698, 0xB698, 0xB677, 0xB677, 0xB677, 0xB677, 0xB677, 0xB677, 0xAE97,
    0xAE77, 0xAE77, 0xAE77, 0xAE77, 0xAE77, 0xAE77, 0xAE77, 0xAE77, 0xAE77, 0xAE77, 0xAE77, 0xAE77, 0xAE77, 0xAE77, 0xAE77, 0xAE77,
    0xAE77, 0xAE77, 0xAE77, 0xAE77, 0xAE77, 0xAE77, 0xAE77, 0xAE77, 0xAE77, 0xAE77, 0xAE77, 0xAE77, 0xAE77, 0xAE77, 0xAE77, 0xAE77,
    0xAE57, 0xAE57, 0xAE57, 0xA657, 0xA657, 0xAE77, 0xAE77, 0xAE77, 0xAE77, 0xAE77, 0xAE77, 0xAE77, 0xAE77, 0xAE77, 0xAE77, 0xAE77,
    0xAE77, 0xAE77, 0xAE77, 0xAE77, 0xAE77, 0xAE77, 0xAE77, 0xAE77, 0xAE77, 0xAE77, 0xAE77, 0xAE77, 0xAE77, 0xAE77, 0xAE77, 0xAE77,
    0xAE77, 0xAE77, 0xAE77, 0xAE77, 0xAE77, 0xAE77, 0xAE77, 0xAE77, 0xAE77, 0xAE77, 0xAE77, 0xAE77, 0xAE77, 0xAE77, 0xAE77, 0xAE77,
    0xAE77, 0xAE77, 0xAE77, 0xAE77, 0xAE77, 0xAE77, 0xAE77, 0xAE77, 0xAE77, 0xAE77, 0xAE77, 0xAE77, 0xAE77, 0xAE77, 0xAE77, 0xAE77,
    0xAE77, 0xAE97, 0xAE97, 0xAE77, 0xAE77, 0xAE77, 0xAE77, 0xAE77, 0xAE77, 0xAE77, 0xAE77, 0xAE77, 0xAE77, 0xAE77, 0xAE77, 0xAE77,
    0xAE77, 0xAE77, 0xAE77, 0xAE77, 0xEF19, 0xEF19, 0xEF39, 0xEF39, 0xEF39, 0xE719, 0xD6B8, 0xCE97, 0xCE97, 0xD6B8, 0xD6F8, 0xD6F9,
    0xD6F8, 0xDF19, 0xDF19, 0xD6F8, 0xCEB7, 0xC697, 0xBE56, 0xB615, 0xC697, 0xD719, 0xCEF9, 0xC6D8, 0xCEF9, 0xC6B8, 0xBE57, 0xC698,
    0xC698, 0xC678, 0xBE77, 0xBE98, 0xC698, 0xBE98, 0xB677, 0xB677, 0xB677, 0xAE77, 0xAE77, 0xB697, 0xB6B7, 0xB677, 0xAE77, 0xAE57,
    0xAE77, 0xAE77, 0xB677, 0xB698, 0xB698, 0xB677, 0xB677, 0xB677, 0xB677, 0xB677, 0xB677, 0xB677, 0xAE77, 0xAE77, 0xAE77, 0xAE77,
    0xAE77, 0xAE77, 0xAE77, 0xAE77, 0xAE77, 0xAE77, 0xAE77, 0xAE77, 0xAE77, 0xAE77, 0xAE77, 0xAE77, 0xAE77, 0xAE77, 0xAE77, 0xAE77,
    0xAE77, 0xAE77, 0xAE77, 0xAE77, 0xAE77, 0xAE77, 0xAE77, 0xAE77, 0xAE77, 0xAE77, 0xAE77, 0xAE77, 0xAE77, 0xAE77, 0xAE77, 0xAE77,
    0xAE77, 0xAE97, 0xAE97, 0xAE77, 0xAE77, 0xAE77, 0xAE57, 0xAE57, 0xAE77, 0xAE77, 0xAE77, 0xAE77, 0xAE77, 0xAE77, 0xAE77, 0xAE77,
    0xAE77, 0xAE77, 0xAE77, 0xAE77, 0xAE77, 0xAE77, 0xAE77, 0xAE77, 0xAE77, 0xAE77, 0xAE77, 0xAE77, 0xAE77, 0xAE77, 0xAE77, 0xAE77,
    0xAE77, 0xAE77, 0xAE77, 0xAE77, 0xAE77, 0xAE77, 0xAE77, 0xAE77, 0xAE77, 0xAE77, 0xAE77, 0xAE77, 0xAE77, 0xAE77, 0xAE77, 0xAE77,
    0xAE77, 0xAE77, 0xAE77, 0xAE77, 0xAE77, 0xAE77, 0xAE77, 0xAE77, 0xAE77, 0xAE77, 0xAE77, 0xAE77, 0xAE97, 0xAE77, 0xAE77, 0xAE77,
    0xAE77, 0xAE77, 0xAE77, 0xAE77, 0xAE77, 0xAE77, 0xAE77, 0xAE77, 0xAE77, 0xAE77, 0xAE77, 0xAE77, 0xAE77, 0xAE77, 0xAE77, 0xAE77,
    0xE6F8, 0xE6D8, 0xDED7, 0xDEB7, 0xE6F8, 0xEF5A, 0xDEF8, 0xD6B7, 0xCE76, 0xC636, 0xBE15, 0xBE15, 0xBE35, 0xCEB7, 0xCEB7, 0xC656,
    0xB615, 0xBE35, 0xBE76, 0xBE56, 0xC6D8, 0xD739, 0xC6B8, 0xB656, 0xB677, 0xBE77, 0xB656, 0xBE77, 0xC6B8, 0xBE98, 0xB636, 0xB636,
    0xBE97, 0xBED8, 0xB677, 0xB677, 0xAE77, 0xAE77, 0xAE97, 0xAEB7, 0xB6B8, 0xB697, 0xAE77, 0xAE77, 0xAE77, 0xAE77, 0xAE77, 0xB698,
    0xB698, 0xB677, 0xB677, 0xB677, 0xB677, 0xB677, 0xB677, 0xAE97, 0xAE77, 0xAE77, 0xAE77, 0xAE77, 0xAE77, 0xAE77, 0xAE77, 0xAE77,
    0xAE77, 0xAE77, 0xAE77, 0xAE77, 0xAE77, 0xAE77, 0xAE77, 0xAE77, 0xAE77, 0xAE77, 0xAE77, 0xAE77, 0xAE77, 0xAE77, 0xAE77, 0xAE77,
    0xAE77, 0xAE77, 0xAE77, 0xAE77, 0xAE77, 0xAE98, 0xB698, 0xB698, 0xB698, 0xAE98, 0xAE98, 0xAE97, 0xAE97, 0xAE97, 0xAE97, 0xAE77,
    0xAE77, 0xAE77, 0xAE57, 0xAE57, 0xAE77, 0xAE77, 0xAE77, 0xAE77, 0xAE77, 0xAE77, 0xAE77, 0xAE77, 0xAE77, 0xAE77, 0xAE77, 0xAE77,
    0xAE77, 0xAE77, 0xAE77, 0xAE77, 0xAE77, 0xAE77, 0xAE77, 0xAE77, 0xAE77, 0xAE77, 0xAE77, 0xAE77, 0xAE77, 0xAE77, 0xAE77, 0xAE77,
    0xAE77, 0xAE77, 0xAE77, 0xAE77, 0xAE77, 0xAE77, 0xAE77, 0xAE77, 0xAE77, 0xAE77, 0xAE77, 0xAE77, 0xAE77, 0xAE77, 0xAE77, 0xAE77,
    0xAE77, 0xAE77, 0xAE77, 0xAE77, 0xAE77, 0xAE77, 0xAE77, 0xAE77, 0xAE97, 0xAE77, 0xAE77, 0xAE77, 0xAE77, 0xAE77, 0xAE77, 0xAE77,
    0xAE77, 0xAE77, 0xAE77, 0xAE77, 0xAE77, 0xAE77, 0xAE77, 0xAE77, 0xAE77, 0xAE77, 0xAE77, 0xAE77, 0xE6D7, 0xDE97, 0xD676, 0xCE76,
    0xD697, 0xDF19, 0xDF19, 0xE739, 0xDF19, 0xD6D8, 0xCE97, 0xCE97, 0xC656, 0xD6D8, 0xD6F8, 0xCEB7, 0xC697, 0xCEB8, 0xD719, 0xCEF8,
    0xCEF8, 0xC6D8, 0xB656, 0xAE15, 0xAE56, 0xB697, 0xB677, 0xB677, 0xBEB8, 0xBE97, 0xAE36, 0xAE36, 0xB677, 0xB6B8, 0xAE77, 0xAE77,
    0xAE77, 0xAE97, 0xAE97, 0xAEB7, 0xB6B8, 0xB6B8, 0xB698, 0xB677, 0xAE77, 0xAE77, 0xAE77, 0xB677, 0xB698, 0xB677, 0xB677, 0xB677,
    0xB677, 0xB677, 0xB677, 0xB677, 0xAE77, 0xAE77, 0xAE77, 0xAE77, 0xAE77, 0xAE77, 0xAE77, 0xAE77, 0xAE77, 0xAE77, 0xAE77, 0xAE77,
    0xAE77, 0xAE77, 0xAE77, 0xAE77, 0xAE77, 0xAE77, 0xAE77, 0xAE77, 0xAE77, 0xAE77, 0xAE77, 0xAE77, 0xAE77, 0xAE77, 0xAE77, 0xAE77,
    0xAE77, 0xAE97, 0xB6B8, 0xB6B8, 0xB698, 0xB698, 0xB698, 0xAE98, 0xAE98, 0xAE77, 0xAE77, 0xAE77, 0xAE77, 0xAE77, 0xAE57, 0xAE57,
    0xAE77, 0xAE77, 0xAE77, 0xAE77, 0xAE77, 0xAE77, 0xAE77, 0xAE77, 0xAE77, 0xAE77, 0xAE77, 0xAE77, 0xAE77, 0xAE77, 0xAE77, 0xAE77,
    0xAE77, 0xAE77, 0xAE77, 0xAE77, 0xAE77, 0xAE77, 0xAE77, 0xAE77, 0xAE77, 0xAE77, 0xAE77, 0xAE77, 0xAE77, 0xAE77, 0xAE77, 0xAE77,
    0xAE77, 0xAE77, 0xAE77, 0xAE77, 0xAE77, 0xAE77, 0xAE77, 0xAE77, 0xAE77, 0xAE77, 0xAE77, 0xAE77, 0xAE77, 0xAE77, 0xAE77, 0xAE77,
    0xAE77, 0xAE77, 0xAE77, 0xAE77, 0xAE77, 0xAE77, 0xAE77, 0xAE77, 0xAE77, 0xAE77, 0xAE77, 0xAE77, 0xAE77, 0xAE77, 0xAE77, 0xAE77,
    0xAE77, 0xAE77, 0xAE77, 0xAE77, 0xAE77, 0xAE77, 0xAE77, 0xAE77, 0xE6D8, 0xE6D7, 0xDED7, 0xDEB7, 0xDED8, 0xDEF8, 0xE739, 0xDF19,
    0xD6F8, 0xD6D8, 0xD719, 0xDF39, 0xD6F8, 0xDF39, 0xDF39, 0xD719, 0xD719, 0xD719, 0xD719, 0xCEF9, 0xBE97, 0xAE56, 0xAE56, 0xB697,
    0xB697, 0xAE97, 0xB677, 0xB677, 0xB697, 0xB697, 0xB677, 0xB677, 0xAE77, 0xA636, 0xAE77, 0xAE77, 0xAE77, 0xAE97, 0xAE97, 0xAEB7,
    0xB6D8, 0xB6D8, 0xB6B8, 0xB698, 0xB698, 0xAE77, 0xAE77, 0xAE77, 0xAE77, 0xB677, 0xB677, 0xB677, 0xB677, 0xB677, 0xB677, 0xAE77,
    0xAE77, 0xAE77, 0xAE77, 0xAE77, 0xAE77, 0xAE77, 0xAE77, 0xAE77, 0xAE77, 0xAE77, 0xAE77, 0xAE77, 0xAE77, 0xAE77, 0xAE77, 0xAE77,
    0xAE77, 0xAE77, 0xAE77, 0xAE77, 0xAE77, 0xAE77, 0xAE77, 0xAE77, 0xAE77, 0xAE77, 0xAE77, 0xAE77, 0xAE77, 0xAE77, 0xB698, 0xB698,
    0xAE98, 0xAE97, 0xAE97, 0xAE77, 0xAE77, 0xAE77, 0xAE77, 0xAE77, 0xAE77, 0xAE77, 0xAE77, 0xAE77, 0xAE77, 0xAE77, 0xAE77, 0xAE77,
    0xAE77, 0xAE77, 0xAE77, 0xAE77, 0xAE77, 0xAE77, 0xAE77, 0xAE77, 0xAE77, 0xAE77, 0xAE77, 0xAE57, 0xAE57, 0xAE57, 0xAE57, 0xAE57,
    0xAE57, 0xAE57, 0xAE77, 0xAE77, 0xAE77, 0xAE77, 0xAE77, 0xAE77, 0xAE77, 0xAE77, 0xAE77, 0xAE77, 0xAE77, 0xAE77, 0xAE77, 0xAE77,
    0xAE77, 0xAE77, 0xAE77, 0xAE77, 0xAE77, 0xAE77, 0xAE77, 0xAE77, 0xAE77, 0xAE77, 0xAE77, 0xAE77, 0xAE77, 0xAE77, 0xAE77, 0xAE77,
    0xAE77, 0xAE77, 0xAE77, 0xAE77, 0xAE77, 0xAE77, 0xAE77, 0xAE77, 0xAE77, 0xAE77, 0xAE77, 0xAE77, 0xAE77, 0xAE77, 0xAE77, 0xAE77,
    0xAE77, 0xAE77, 0xAE77, 0xAE77, 0xE6F8, 0xE718, 0xE718, 0xE719, 0xDF18, 0xDEF8, 0xDF19, 0xD6F8, 0xD6D8, 0xCED8, 0xD6F8, 0xDF39,
    0xDF39, 0xDF3A, 0xDF19, 0xCED8, 0xCED8, 0xCEF8, 0xCED8, 0xBEB8, 0xB677, 0xAE56, 0xAE77, 0xB697, 0xB697, 0xAE77, 0xAE77, 0xB697,
    0xB697, 0xB677, 0xB677, 0xB697, 0xAE97, 0xAE56, 0xAE97, 0xAE97, 0xAE97, 0xAE97, 0xAE97, 0xAEB7, 0xAE97, 0xB697, 0xB698, 0xB677,
    0xAE77, 0xAE77, 0xAE77, 0xAE77, 0xAE77, 0xB677, 0xB677, 0xB698, 0xB698, 0xB698, 0xB698, 0xB698, 0xAE77, 0xAE77, 0xAE77, 0xAE77,
    0xAE77, 0xAE77, 0xAE77, 0xAE77, 0xAE77, 0xAE77, 0xAE77, 0xAE77, 0xAE77, 0xAE77, 0xAE77, 0xAE77, 0xAE77, 0xAE77, 0xAE77, 0xAE77,
    0xAE77, 0xAE77, 0xAE77, 0xAE77, 0xAE77, 0xAE77, 0xAE77, 0xAE77, 0xAE77, 0xAE77, 0xAE77, 0xAE77, 0xAE77, 0xAE77, 0xAE77, 0xAE77,
    0xAE77, 0xAE77, 0xAE77, 0xAE77, 0xAE77, 0xAE77, 0xAE77, 0xAE77, 0xAE77, 0xAE77, 0xAE77, 0xAE77, 0xAE77, 0xAE77, 0xAE77, 0xAE77,
    0xAE77, 0xAE77, 0xAE77, 0xAE77, 0xAE77, 0xAE77, 0xAE77, 0xAE77, 0xAE77, 0xAE77, 0xAE77, 0xAE77, 0xAE77, 0xAE77, 0xAE77, 0xAE77,
    0xAE77, 0xAE77, 0xAE77, 0xAE77, 0xAE77, 0xAE77, 0xAE77, 0xAE77, 0xAE77, 0xAE77, 0xAE77, 0xAE77, 0xAE77, 0xAE77, 0xAE77, 0xAE77,
    0xAE77, 0xAE77, 0xAE77, 0xAE77, 0xAE77, 0xAE77, 0xAE77, 0xAE77, 0xAE77, 0xAE77, 0xAE77, 0xAE77, 0xAE77, 0xAE77, 0xAE77, 0xAE77,
    0xAE77, 0xAE77, 0xAE77, 0xAE77, 0xAE77, 0xAE77, 0xAE77, 0xAE77, 0xAE77, 0xAE77, 0xAE77, 0xAE77, 0xAE77, 0xAE77, 0xAE77, 0xAE77,
    0xE6F8, 0xE718, 0xE718, 0xE718, 0xDF18, 0xE739, 0xDF39, 0xDF19, 0xDF39, 0xDF39, 0xD719, 0xD719, 0xD6D8, 0xD6F9, 0xCED8, 0xC677,
    0xBE77, 0xC697, 0xBE97, 0xBE97, 0xB697, 0xB677, 0xAE77, 0xAE77, 0xAE77, 0xAE77, 0xB697, 0xB6B7, 0xB697, 0xAE77, 0xAE77, 0xB697,
    0xB697, 0xB697, 0xB697, 0xB697, 0xB6B7, 0xB6B7, 0xAE97, 0xAE97, 0xAE77, 0xAE77, 0xAE77, 0xAE77, 0xAE77, 0xAE77, 0xAE77, 0xAE77,
    0xAE77, 0xAE77, 0xAE77, 0xB698, 0xB698, 0xB698, 0xB698, 0xB698, 0xAE97, 0xAE97, 0xAE97, 0xAE77, 0xAE77, 0xAE77, 0xAE77, 0xAE77,
    0xAE77, 0xAE77, 0xAE77, 0xAE77, 0xAE77, 0xAE77, 0xAE77, 0xAE77, 0xAE77, 0xAE77, 0xAE77, 0xAE77, 0xAE77, 0xAE77, 0xAE77, 0xAE77,
    0xAE77, 0xAE77, 0xAE77, 0xAE77, 0xAE77, 0xAE77, 0xAE77, 0xAE77, 0xAE77, 0xAE77, 0xAE77, 0xAE97, 0xAE97, 0xAE77, 0xAE77, 0xAE77,
    0xAE77, 0xAE77, 0xAE77, 0xAE77, 0xAE77, 0xAE77, 0xAE77, 0xAE77, 0xAE77, 0xAE77, 0xAE77, 0xAE77, 0xAE77, 0xAE77, 0xAE77, 0xAE77,
    0xAE77, 0xAE77, 0xAE77, 0xAE77, 0xAE77, 0xAE77, 0xAE77, 0xAE77, 0xAE77, 0xAE77, 0xAE77, 0xAE77, 0xAE77, 0xAE77, 0xAE77, 0xAE77,
    0xAE77, 0xAE77, 0xAE77, 0xAE77, 0xAE77, 0xAE77, 0xAE77, 0xAE77, 0xAE77, 0xAE77, 0xAE77, 0xAE77, 0xAE77, 0xAE77, 0xAE77, 0xAE77,
    0xAE77, 0xAE77, 0xAE77, 0xAE77, 0xAE77, 0xAE77, 0xAE77, 0xAE77, 0xAE57, 0xAE57, 0xAE57, 0xAE57, 0xAE57, 0xAE57, 0xAE57, 0xAE77,
    0xAE77, 0xAE77, 0xAE77, 0xAE77, 0xAE77, 0xAE77, 0xAE77, 0xAE77, 0xAE77, 0xAE77, 0xAE77, 0xAE77, 0xE718, 0xE719, 0xE719, 0xDF18,
    0xE739, 0xE77A, 0xE759, 0xDF39, 0xDF39, 0xDF39, 0xD6F8, 0xCED8, 0xCEB8, 0xCED8, 0xCED8, 0xCED8, 0xCED8, 0xC6D8, 0xBE97, 0xB677,
    0xB677, 0xB677, 0xAE77, 0xAE77, 0xAE77, 0xAE77, 0xAE97, 0xAE97, 0xAE77, 0xAE77, 0xB697, 0xB6B7, 0xB697, 0xAE97, 0xB697, 0xB6B7,
    0xB6B7, 0xB6B8, 0xB6B7, 0xAE97, 0xAE97, 0xAE77, 0xAE77, 0xAE77, 0xAE77, 0xAE77, 0xAE77, 0xAE77, 0xAE77, 0xAE77, 0xAE77, 0xAE77,
    0xB677, 0xB698, 0xB698, 0xB698, 0xAE97, 0xAE97, 0xAE97, 0xAE77, 0xAE77, 0xAE77, 0xAE77, 0xAE77, 0xAE77, 0xAE77, 0xAE77, 0xAE77,
    0xAE77, 0xAE77, 0xAE77, 0xAE77, 0xAE77, 0xAE77, 0xAE77, 0xAE57, 0xAE57, 0xAE57, 0xAE77, 0xAE77, 0xAE77, 0xAE77, 0xAE77, 0xAE97,
    0xAE98, 0xAE77, 0xAE77, 0xAE77, 0xAE77, 0xAE77, 0xAE77, 0xAE77, 0xAE97, 0xAE77, 0xAE77, 0xAE77, 0xAE77, 0xAE77, 0xAE77, 0xAE77,
    0xAE77, 0xAE77, 0xAE77, 0xAE77, 0xAE77, 0xAE77, 0xAE77, 0xAE77, 0xAE77, 0xAE77, 0xAE77, 0xAE77, 0xAE77, 0xAE77, 0xAE77, 0xAE77,
    0xAE77, 0xAE77, 0xAE77, 0xAE77, 0xAE77, 0xAE77, 0xAE77, 0xAE77, 0xAE77, 0xAE77, 0xAE77, 0xAE77, 0xAE77, 0xAE77, 0xAE77, 0xAE77,
    0xAE77, 0xAE77, 0xAE77, 0xAE77, 0xAE77, 0xAE77, 0xAE77, 0xAE77, 0xAE77, 0xAE77, 0xAE77, 0xAE77, 0xAE77, 0xAE77, 0xAE77, 0xAE77,
    0xAE77, 0xAE77, 0xAE77, 0xAE77, 0xAE77, 0xAE77, 0xAE77, 0xAE77, 0xAE77, 0xAE77, 0xAE77, 0xAE77, 0xAE77, 0xAE77, 0xAE77, 0xAE77,
    0xAE77, 0xAE77, 0xAE77, 0xAE77, 0xAE77, 0xAE77, 0xAE77, 0xAE77, 0xE718, 0xE739, 0xE739, 0xDF18, 0xE719, 0xE759, 0xDF19, 0xDF19,
    0xDF19, 0xD719, 0xCED8, 0xC697, 0xCEF8, 0xCEF8, 0xCEF8, 0xCF19, 0xD73A, 0xCF19, 0xBEB8, 0xB697, 0xB697, 0xB697, 0xAE77, 0xAE77,
    0xAE77, 0xAE77, 0xAE77, 0xAE77, 0xAE77, 0xB697, 0xB6B8, 0xB6D8, 0xB6B8, 0xB697, 0xB6B7, 0xB6B8, 0xB6B8, 0xB6B8, 0xB6B8, 0xB697,
    0xB697, 0xB677, 0xB677, 0xB677, 0xB677, 0xB677, 0xB677, 0xB677, 0xAE77, 0xAE77, 0xAE77, 0xAE77, 0xAE77, 0xB677, 0xB677, 0xB698,
    0xAE97, 0xAE97, 0xAE97, 0xAE77, 0xAE77, 0xAE77, 0xAE77, 0xAE77, 0xAE77, 0xAE77, 0xAE77, 0xAE77, 0xAE77, 0xAE77, 0xAE77, 0xAE77,
    0xAE77, 0xAE77, 0xAE77, 0xAE57, 0xAE57, 0xA656, 0xAE57, 0xAE77, 0xAE77, 0xAE77, 0xAE97, 0xAE98, 0xB698, 0xAE77, 0xAE77, 0xAE77,
    0xAE77, 0xAE77, 0xAE77, 0xAE77, 0xAE77, 0xAE77, 0xAE77, 0xAE77, 0xAE77, 0xAE77, 0xAE77, 0xAE77, 0xAE77, 0xAE77, 0xAE77, 0xAE77,
    0xAE77, 0xAE77, 0xAE77, 0xAE77, 0xAE77, 0xAE77, 0xAE77, 0xAE77, 0xAE77, 0xAE77, 0xAE77, 0xAE77, 0xAE77, 0xAE77, 0xAE77, 0xAE77,
    0xAE77, 0xAE77, 0xAE77, 0xAE77, 0xAE77, 0xAE77, 0xAE77, 0xAE77, 0xAE77, 0xAE77, 0xAE77, 0xAE77, 0xAE77, 0xAE77, 0xAE77, 0xAE77,
    0xAE77, 0xAE77, 0xAE77, 0xAE77, 0xAE77, 0xAE77, 0xAE77, 0xAE77, 0xAE77, 0xAE77, 0xAE77, 0xAE77, 0xAE77, 0xAE77, 0xAE77, 0xAE77,
    0xAE77, 0xAE77, 0xAE77, 0xAE77, 0xAE77, 0xAE77, 0xAE77, 0xAE77, 0xAE77, 0xAE77, 0xAE77, 0xAE77, 0xAE77, 0xAE77, 0xAE77, 0xAE77,
    0xAE77, 0xAE77, 0xAE77, 0xAE77, 0xE719, 0xE739, 0xE719, 0xDF18, 0xDF18, 0xDF39, 0xDF18, 0xD719, 0xD719, 0xD719, 0xCED8, 0xC697,
    0xC6B8, 0xBE97, 0xB677, 0xBEB7, 0xC6D8, 0xBED8, 0xB677, 0xB677, 0xB697, 0xB697, 0xB697, 0xB677, 0xAE77, 0xAE77, 0xAE77, 0xB697,
    0xB697, 0xB6B8, 0xBED8, 0xBEF8, 0xBED8, 0xB6B8, 0xB6B8, 0xB6B8, 0xBEB8, 0xBEB8, 0xB6B8, 0xB697, 0xB697, 0xB697, 0xB677, 0xB677,
    0xB677, 0xB677, 0xB677, 0xB677, 0xAE77, 0xAE77, 0xAE77, 0xAE77, 0xAE77, 0xB677, 0xB677, 0xB698, 0xAE97, 0xAE97, 0xAE97, 0xAE77,
    0xAE77, 0xAE77, 0xAE77, 0xAE77, 0xAE77, 0xAE77, 0xAE77, 0xAE77, 0xAE77, 0xAE77, 0xAE77, 0xAE77, 0xAE77, 0xAE97, 0xAE97, 0xAE77,
    0xAE57, 0xA657, 0xAE57, 0xAE57, 0xAE57, 0xAE77, 0xAE77, 0xAE77, 0xAE77, 0xAE77, 0xAE57, 0xAE77, 0xAE77, 0xAE77, 0xAE77, 0xAE77,
    0xAE77, 0xAE77, 0xAE77, 0xAE77, 0xAE77, 0xAE77, 0xAE77, 0xAE77, 0xAE77, 0xAE77, 0xAE77, 0xAE77, 0xAE77, 0xAE77, 0xAE77, 0xAE77,
    0xAE77, 0xAE77, 0xAE77, 0xAE77, 0xAE77, 0xAE77, 0xAE77, 0xAE77, 0xAE77, 0xAE77, 0xAE77, 0xAE77, 0xAE77, 0xAE77, 0xAE77, 0xAE77,
    0xAE77, 0xAE77, 0xAE77, 0xAE77, 0xAE77, 0xAE77, 0xAE77, 0xAE77, 0xAE77, 0xAE77, 0xAE77, 0xAE77, 0xAE77, 0xAE77, 0xAE77, 0xAE77,
    0xAE77, 0xAE77, 0xAE77, 0xAE77, 0xAE77, 0xAE77, 0xAE77, 0xAE77, 0xAE77, 0xAE77, 0xAE77, 0xAE77, 0xAE77, 0xAE77, 0xAE77, 0xAE77,
    0xAE77, 0xAE77, 0xAE77, 0xAE77, 0xAE77, 0xAE77, 0xAE77, 0xAE77, 0xAE77, 0xAE77, 0xAE77, 0xAE77, 0xAE77, 0xAE77, 0xAE77, 0xAE77,
    0xE718, 0xE739, 0xE718, 0xDEF8, 0xD6D7, 0xCEB7, 0xCEB7, 0xCEB7, 0xCE97, 0xC697, 0xC697, 0xBE97, 0xC6D8, 0xB697, 0xAE56, 0xB697,
    0xB697, 0xB697, 0xB697, 0xB697, 0xB697, 0xB698, 0xB697, 0xB698, 0xB678, 0xB677, 0xB677, 0xB6B8, 0xB6B8, 0xB6B8, 0xBED8, 0xBEF9,
    0xBED8, 0xBED8, 0xB6B8, 0xBEB8, 0xBEB8, 0xBEB8, 0xBEB8, 0xBE97, 0xB697, 0xB677, 0xAE77, 0xAE77, 0xAE77, 0xAE77, 0xAE77, 0xAE77,
    0xAE77, 0xAE77, 0xAE77, 0xAE77, 0xB677, 0xB698, 0xB698, 0xB698, 0xAE97, 0xAE97, 0xAE97, 0xAE77, 0xAE77, 0xAE77, 0xAE77, 0xAE77,
    0xAE77, 0xAE77, 0xAE77, 0xAE77, 0xAE77, 0xAE77, 0xAE77, 0xAE77, 0xAE77, 0xB698, 0xB698, 0xAE98, 0xAE77, 0xAE77, 0xAE77, 0xAE77,
    0xAE77, 0xAE77, 0xAE77, 0xAE77, 0xAE77, 0xAE57, 0xAE57, 0xAE57, 0xAE77, 0xAE77, 0xAE77, 0xAE77, 0xAE77, 0xAE77, 0xAE77, 0xAE77,
    0xAE77, 0xAE77, 0xAE77, 0xAE77, 0xAE77, 0xAE77, 0xAE77, 0xAE77, 0xAE77, 0xAE77, 0xAE77, 0xAE77, 0xAE77, 0xAE77, 0xAE77, 0xAE77,
    0xAE77, 0xAE77, 0xAE77, 0xAE77, 0xAE77, 0xAE77, 0xAE77, 0xAE77, 0xAE77, 0xAE77, 0xAE77, 0xAE77, 0xAE77, 0xAE77, 0xAE77, 0xAE77,
    0xAE77, 0xAE77, 0xAE77, 0xAE77, 0xAE77, 0xAE77, 0xAE77, 0xAE77, 0xAE77, 0xAE77, 0xAE77, 0xAE77, 0xAE77, 0xAE77, 0xAE77, 0xAE77,
    0xAE77, 0xAE77, 0xAE77, 0xAE77, 0xAE77, 0xAE77, 0xAE77, 0xAE77, 0xAE77, 0xAE77, 0xAE77, 0xAE77, 0xAE77, 0xAE77, 0xAE77, 0xAE77,
    0xAE77, 0xAE77, 0xAE77, 0xAE77, 0xAE77, 0xAE77, 0xAE77, 0xAE77, 0xAE77, 0xAE77, 0xAE77, 0xAE77, 0xE718, 0xE739, 0xE718, 0xDEF8,
    0xCE97, 0xC655, 0xC676, 0xC656, 0xBE35, 0xB615, 0xBE35, 0xBE76, 0xC719, 0xBED8, 0xBED8, 0xBEF8, 0xBED8, 0xBEB8, 0xBEF9, 0xB6B8,
    0xB697, 0xB698, 0xB698, 0xB698, 0xB678, 0xB677, 0xB677, 0xBEB8, 0xB697, 0xB697, 0xB6B8, 0xBEB8, 0xBEB8, 0xBE98, 0xB697, 0xBE98,
    0xBEB8, 0xBEB8, 0xBE98, 0xBE97, 0xB677, 0xB677, 0xAE77, 0xAE77, 0xAE77, 0xAE77, 0xAE77, 0xAE77, 0xAE77, 0xAE77, 0xAE77, 0xB677,
    0xB698, 0xB698, 0xB698, 0xB698, 0xAE97, 0xAE97, 0xAE97, 0xAE77, 0xAE77, 0xAE77, 0xAE77, 0xAE77, 0xAE77, 0xAE77, 0xAE77, 0xAE77,
    0xAE77, 0xAE77, 0xAE77, 0xAE57, 0xAE77, 0xB698, 0xB6B8, 0xB6B8, 0xB698, 0xAE97, 0xB698, 0xAE98, 0xAE98, 0xAE97, 0xAE77, 0xAE77,
    0xAE77, 0xAE77, 0xAE57, 0xAE57, 0xAE57, 0xAE77, 0xAE77, 0xAE77, 0xAE77, 0xAE77, 0xAE77, 0xAE77, 0xAE77, 0xAE77, 0xAE77, 0xAE77,
    0xAE77, 0xAE77, 0xAE77, 0xAE77, 0xAE77, 0xAE77, 0xAE77, 0xAE77, 0xAE77, 0xAE77, 0xAE77, 0xAE77, 0xAE77, 0xAE77, 0xAE77, 0xAE77,
    0xAE77, 0xAE77, 0xAE77, 0xAE77, 0xAE77, 0xAE77, 0xAE77, 0xAE77, 0xAE77, 0xAE77, 0xAE77, 0xAE77, 0xAE77, 0xAE77, 0xAE77, 0xAE77,
    0xAE77, 0xAE77, 0xAE77, 0xAE77, 0xAE77, 0xAE77, 0xAE77, 0xAE77, 0xAE77, 0xAE77, 0xAE77, 0xAE77, 0xAE77, 0xAE77, 0xAE77, 0xAE77,
    0xAE77, 0xAE77, 0xAE77, 0xAE77, 0xAE77, 0xAE77, 0xAE77, 0xAE77, 0xAE77, 0xAE77, 0xAE77, 0xAE77, 0xAE77, 0xAE77, 0xAE77, 0xAE77,
    0xAE77, 0xAE77, 0xAE77, 0xAE77, 0xAE77, 0xAE77, 0xAE77, 0xAE77, 0xE719, 0xE739, 0xDF18, 0xD6D8, 0xD6D7, 0xD6D8, 0xD6F8, 0xCEB7,
    0xC676, 0xBE56, 0xC697, 0xCEF8, 0xBEF8, 0xB6D8, 0xBEF8, 0xBEF8, 0xB6B7, 0xB697, 0xBEB8, 0xB698, 0xB697, 0xB698, 0xB698, 0xB698,
    0xB678, 0xB677, 0xB677, 0xBEB8, 0xB677, 0xB677, 0xB677, 0xB697, 0xB697, 0xB677, 0xBE97, 0xBE97, 0xBE98, 0xBEB8, 0xBE98, 0xBE97,
    0xB677, 0xB677, 0xAE77, 0xAE77, 0xAE77, 0xAE77, 0xAE77, 0xAE77, 0xAE77, 0xB677, 0xB677, 0xB698, 0xB698, 0xB698, 0xB698, 0xB698,
    0xAE97, 0xAE97, 0xAE97, 0xAE77, 0xAE77, 0xAE77, 0xAE77, 0xAE77, 0xAE77, 0xAE77, 0xAE77, 0xAE77, 0xAE77, 0xAE77, 0xAE77, 0xAE57,
    0xAE77, 0xB6B8, 0xB6D8, 0xB6D8, 0xB6B8, 0xB6B8, 0xB6B8, 0xB6D8, 0xB6B8, 0xB698, 0xAE98, 0xAE97, 0xAE77, 0xAE77, 0xAE57, 0xAE57,
    0xAE57, 0xAE77, 0xAE77, 0xAE77, 0xAE77, 0xAE77, 0xAE77, 0xAE77, 0xAE77, 0xAE77, 0xAE77, 0xAE77, 0xAE77, 0xAE77, 0xAE77, 0xAE77,
    0xAE77, 0xAE77, 0xAE77, 0xAE77, 0xAE77, 0xAE77, 0xAE77, 0xAE77, 0xAE77, 0xAE77, 0xAE77, 0xAE77, 0xAE77, 0xAE77, 0xAE77, 0xAE77,
    0xAE77, 0xAE77, 0xAE77, 0xAE77, 0xAE77, 0xAE77, 0xAE77, 0xAE77, 0xAE77, 0xAE77, 0xAE77, 0xAE77, 0xAE77, 0xAE77, 0xAE77, 0xAE77,
    0xAE77, 0xAE77, 0xAE77, 0xAE77, 0xAE77, 0xAE77, 0xAE77, 0xAE77, 0xAE77, 0xAE77, 0xAE77, 0xAE77, 0xAE77, 0xAE77, 0xAE77, 0xAE77,
    0xAE77, 0xAE77, 0xAE77, 0xAE77, 0xAE77, 0xAE77, 0xAE77, 0xAE77, 0xAE77, 0xAE77, 0xAE77, 0xAE77, 0xAE77, 0xAE77, 0xAE77, 0xAE77,
    0xAE77, 0xAE77, 0xAE77, 0xAE77, 0xD6F9, 0xD719, 0xDF39, 0xDF3A, 0xDF3A, 0xD719, 0xD719, 0xD719, 0xD6F9, 0xCEB8, 0xC6B8, 0xCED8,
    0xBEB8, 0xBED8, 0xBED8, 0xBEB8, 0xB697, 0xB697, 0xB677, 0xB697, 0xB697, 0xB697, 0xB698, 0xB698, 0xB698, 0xB698, 0xB698, 0xB677,
    0xB677, 0xB657, 0xAE56, 0xB657, 0xB677, 0xB677, 0xBEB8, 0xBEB8, 0xBEB8, 0xBEB8, 0xBEB8, 0xBEB8, 0xBEB8, 0xB697, 0xB677, 0xAE77,
    0xAE77, 0xAE77, 0xAE77, 0xB677, 0xB697, 0xB697, 0xB697, 0xB697, 0xB697, 0xB697, 0xB697, 0xB677, 0xB677, 0xAE97, 0xAE77, 0xAE77,
    0xAE77, 0xAE77, 0xAE77, 0xAE77, 0xAE77, 0xAE77, 0xAE77, 0xAE77, 0xAE77, 0xAE77, 0xAE77, 0xAE77, 0xAE77, 0xAE77, 0xAE77, 0xAE77,
    0xAE98, 0xB698, 0xAE98, 0xB6B8, 0xB6B8, 0xB6D8, 0xB6B8, 0xB698, 0xAE77, 0xAE77, 0xAE77, 0xAE77, 0xAE77, 0xAE57, 0xAE57, 0xA657,
    0xA657, 0xAE77, 0xAE77, 0xAE77, 0xAE77, 0xAE77, 0xAE77, 0xAE77, 0xAE77, 0xAE77, 0xAE77, 0xAE77, 0xAE77, 0xAE77, 0xAE77, 0xAE77,
    0xAE77, 0xAE77, 0xAE77, 0xAE77, 0xAE77, 0xAE77, 0xAE77, 0xAE77, 0xAE77, 0xAE77, 0xAE77, 0xAE77, 0xAE77, 0xAE77, 0xAE77, 0xAE77,
    0xAE77, 0xAE77, 0xAE77, 0xAE77, 0xAE77, 0xAE77, 0xAE77, 0xAE77, 0xAE77, 0xAE77, 0xAE77, 0xAE77, 0xAE77, 0xAE77, 0xAE77, 0xAE77,
    0xAE77, 0xAE77, 0xAE77, 0xAE77, 0xAE77, 0xAE77, 0xAE77, 0xAE77, 0xAE77, 0xAE77, 0xAE77, 0xAE77, 0xAE98, 0xAE98, 0xAE98, 0xAE98,
    0xAE98, 0xAE98, 0xAE98, 0xAE77, 0xAE77, 0xAE77, 0xAE77, 0xAE77, 0xAE77, 0xAE77, 0xAE77, 0xAE77, 0xAE77, 0xAE77, 0xAE77, 0xAE77,
    0xCED8, 0xC698, 0xC698, 0xCED9, 0xD719, 0xD6F9, 0xD6F9, 0xD719, 0xD6F9, 0xCED8, 0xC6B8, 0xC6D8, 0xBEB8, 0xBEB8, 0xBEB8, 0xBEB8,
    0xB697, 0xB697, 0xB697, 0xB697, 0xB697, 0xB697, 0xB697, 0xB697, 0xB697, 0xB697, 0xB697, 0xB697, 0xB677, 0xB677, 0xB677, 0xB677,
    0xB697, 0xB697, 0xBEB8, 0xBEB8, 0xBEB8, 0xBEB8, 0xBEB8, 0xBEB8, 0xBEB8, 0xB697, 0xB697, 0xAE77, 0xAE77, 0xAE77, 0xAE77, 0xAE77,
    0xB697, 0xB697, 0xB697, 0xB697, 0xB697, 0xB697, 0xB697, 0xB677, 0xB677, 0xAE77, 0xAE77, 0xAE77, 0xAE77, 0xAE77, 0xAE57, 0xAE57,
    0xAE57, 0xAE57, 0xAE57, 0xAE57, 0xAE57, 0xAE57, 0xAE77, 0xAE77, 0xAE77, 0xAE77, 0xAE77, 0xAE77, 0xAE77, 0xAE97, 0xAE77, 0xAE97,
    0xB698, 0xB6B8, 0xB698, 0xAE97, 0xAE77, 0xAE77, 0xAE77, 0xAE77, 0xAE77, 0xAE77, 0xAE77, 0xAE77, 0xAE77, 0xAE77, 0xAE77, 0xAE77,
    0xAE77, 0xAE77, 0xAE77, 0xAE77, 0xAE77, 0xAE77, 0xAE77, 0xAE77, 0xAE77, 0xAE77, 0xAE77, 0xAE77, 0xAE77, 0xAE77, 0xAE77, 0xAE77,
    0xAE77, 0xAE77, 0xAE77, 0xAE77, 0xAE77, 0xAE77, 0xAE77, 0xAE77, 0xAE77, 0xAE77, 0xAE77, 0xAE77, 0xAE77, 0xAE77, 0xAE77, 0xAE77,
    0xAE77, 0xAE77, 0xAE77, 0xAE77, 0xAE77, 0xAE77, 0xAE77, 0xAE77, 0xAE77, 0xAE77, 0xAE77, 0xAE77, 0xAE77, 0xAE77, 0xAE77, 0xAE77,
    0xAE77, 0xAE77, 0xAE77, 0xAE77, 0xAE77, 0xAE77, 0xAE77, 0xAE77, 0xAE77, 0xAE77, 0xAE77, 0xAE77, 0xAE77, 0xAE77, 0xAE77, 0xAE77,
    0xAE77, 0xAE77, 0xAE77, 0xAE77, 0xAE77, 0xAE77, 0xAE77, 0xAE77, 0xAE77, 0xAE77, 0xAE77, 0xAE77, 0xC6B8, 0xB656, 0xB636, 0xC697,
    0xCED8, 0xCED9, 0xCED8, 0xCEF9, 0xCEF9, 0xC6B8, 0xC6B8, 0xC6D8, 0xBEB8, 0xBEB8, 0xBEB8, 0xBEB8, 0xBE98, 0xB697, 0xB697, 0xB697,
    0xB697, 0xB697, 0xB697, 0xB697, 0xB697, 0xB697, 0xB697, 0xBE98, 0xB697, 0xB697, 0xB697, 0xB697, 0xBE98, 0xBE98, 0xBE98, 0xBE98,
    0xBE98, 0xBE98, 0xBE98, 0xBE98, 0xBEB8, 0xB697, 0xB697, 0xB697, 0xAE77, 0xAE77, 0xAE77, 0xAE77, 0xAE77, 0xB697, 0xB697, 0xB697,
    0xB697, 0xB697, 0xB697, 0xB697, 0xAE77, 0xAE77, 0xAE77, 0xAE77, 0xAE77, 0xAE57, 0xAE57, 0xAE77, 0xAE77, 0xAE77, 0xAE77, 0xAE77,
    0xAE77, 0xAE77, 0xAE77, 0xAE97, 0xAE77, 0xAE77, 0xAE57, 0xAE57, 0xAE77, 0xAE77, 0xAE77, 0xAE77, 0xAE77, 0xAE77, 0xAE77, 0xAE57,
    0xAE57, 0xAE57, 0xAE77, 0xAE77, 0xAE77, 0xAE97, 0xB698, 0xB698, 0xB698, 0xAE77, 0xAE77, 0xAE77, 0xAE77, 0xAE77, 0xAE77, 0xAE77,
    0xAE77, 0xAE77, 0xAE77, 0xAE77, 0xAE77, 0xAE77, 0xAE77, 0xAE77, 0xAE77, 0xAE77, 0xAE77, 0xAE77, 0xAE77, 0xAE77, 0xAE77, 0xAE77,
    0xAE77, 0xAE77, 0xAE77, 0xAE77, 0xAE77, 0xAE77, 0xAE77, 0xAE77, 0xAE77, 0xAE77, 0xAE77, 0xAE77, 0xAE77, 0xAE77, 0xAE77, 0xAE77,
    0xAE77, 0xAE77, 0xAE77, 0xAE77, 0xAE77, 0xAE77, 0xAE77, 0xAE77, 0xAE77, 0xAE77, 0xAE77, 0xAE77, 0xAE77, 0xAE77, 0xAE77, 0xAE77,
    0xAE77, 0xAE77, 0xAE77, 0xAE77, 0xAE77, 0xAE77, 0xAE77, 0xAE77, 0xAE77, 0xAE77, 0xAE77, 0xAE77, 0xAE77, 0xAE77, 0xAE77, 0xAE77,
    0xAE77, 0xAE77, 0xAE77, 0xAE77, 0xAE77, 0xAE77, 0xAE77, 0xAE77, 0xC697, 0xBE77, 0xBE57, 0xC6B8, 0xC6D8, 0xC6B8, 0xC6B8, 0xCED8,
    0xCED8, 0xC6B8, 0xC6B8, 0xC6D8, 0xBEB8, 0xBEB8, 0xBEB8, 0xBEB8, 0xBE98, 0xBE98, 0xB697, 0xB697, 0xB697, 0xB697, 0xB697, 0xB697,
    0xB697, 0xB697, 0xB697, 0xBE98, 0xB697, 0xB697, 0xB697, 0xB697, 0xB697, 0xBE98, 0xB697, 0xB697, 0xB697, 0xB697, 0xB697, 0xB697,
    0xB697, 0xB697, 0xB697, 0xB697, 0xB697, 0xAE77, 0xAE77, 0xAE77, 0xAE77, 0xB697, 0xB697, 0xB697, 0xB697, 0xB697, 0xB697, 0xB677,
    0xAE77, 0xAE77, 0xAE77, 0xAE77, 0xAE77, 0xAE57, 0xAE57, 0xAE77, 0xAE77, 0xAE77, 0xAE77, 0xAE77, 0xAE77, 0xAE77, 0xAE77, 0xAE97,
    0xAE77, 0xAE77, 0xAE57, 0xAE77, 0xAE77, 0xAE77, 0xAE77, 0xAE77, 0xAE77, 0xAE57, 0xAE57, 0xAE57, 0xAE57, 0xAE77, 0xAE77, 0xAE97,
    0xAE98, 0xB698, 0xB698, 0xB698, 0xB698, 0xAE77, 0xAE77, 0xAE77, 0xAE77, 0xAE77, 0xAE77, 0xAE77, 0xAE77, 0xAE77, 0xAE77, 0xAE77,
    0xAE77, 0xAE77, 0xAE77, 0xAE77, 0xAE77, 0xAE77, 0xAE77, 0xAE77, 0xAE77, 0xAE77, 0xAE77, 0xAE77, 0xAE77, 0xAE77, 0xAE77, 0xAE77,
    0xAE77, 0xAE77, 0xAE77, 0xAE77, 0xAE77, 0xAE77, 0xAE77, 0xAE77, 0xAE77, 0xAE77, 0xAE77, 0xAE77, 0xAE77, 0xAE77, 0xAE77, 0xAE77,
    0xAE77, 0xAE77, 0xAE77, 0xAE77, 0xAE77, 0xAE77, 0xAE77, 0xAE77, 0xAE77, 0xAE77, 0xAE77, 0xAE77, 0xAE77, 0xAE77, 0xAE77, 0xAE77,
    0xAE77, 0xAE77, 0xAE77, 0xAE77, 0xAE77, 0xAE77, 0xAE77, 0xAE77, 0xAE77, 0xAE77, 0xAE77, 0xAE77, 0xAE77, 0xAE77, 0xAE77, 0xAE77,
    0xAE77, 0xAE77, 0xAE77, 0xAE77, 0xC6B8, 0xC6B8, 0xC6D8, 0xC6D8, 0xC6B8, 0xBE97, 0xC697, 0xC6B8, 0xC6D8, 0xC698, 0xC697, 0xC6D8,
    0xBEB8, 0xBEB8, 0xBEB8, 0xBEB8, 0xBEB8, 0xBEB8, 0xBEB8, 0xBE98, 0xB697, 0xB697, 0xB697, 0xB697, 0xB697, 0xB697, 0xB697, 0xB697,
    0xB697, 0xB697, 0xB697, 0xB697, 0xB697, 0xB697, 0xB697, 0xB697, 0xB697, 0xB697, 0xB697, 0xB697, 0xB697, 0xB697, 0xB697, 0xB697,
    0xB697, 0xB697, 0xB697, 0xAE77, 0xAE77, 0xB697, 0xB697, 0xB697, 0xB697, 0xB697, 0xB697, 0xB697, 0xAE77, 0xAE77, 0xAE77, 0xAE77,
    0xAE77, 0xAE77, 0xAE57, 0xAE77, 0xAE77, 0xAE77, 0xAE77, 0xAE77, 0xAE77, 0xAE77, 0xAE77, 0xAE97, 0xAE77, 0xAE77, 0xAE77, 0xAE77,
    0xAE77, 0xAE77, 0xB698, 0xAE98, 0xAE97, 0xAE77, 0xAE77, 0xAE77, 0xAE77, 0xAE97, 0xB698, 0xB698, 0xB698, 0xAE98, 0xAE97, 0xAE77,
    0xAE77, 0xAE77, 0xAE77, 0xAE77, 0xAE77, 0xAE77, 0xAE77, 0xAE77, 0xAE77, 0xAE77, 0xAE77, 0xAE77, 0xAE77, 0xAE77, 0xAE77, 0xAE77,
    0xAE77, 0xAE77, 0xAE77, 0xAE77, 0xAE77, 0xAE77, 0xAE77, 0xAE77, 0xAE77, 0xAE77, 0xAE77, 0xAE77, 0xAE77, 0xAE77, 0xAE77, 0xAE77,
    0xAE77, 0xAE77, 0xAE77, 0xAE77, 0xAE77, 0xAE77, 0xAE77, 0xAE77, 0xAE77, 0xAE77, 0xAE77, 0xAE77, 0xAE77, 0xAE77, 0xAE77, 0xAE77,
    0xAE77, 0xAE77, 0xAE77, 0xAE77, 0xAE77, 0xAE77, 0xAE77, 0xAE77, 0xAE77, 0xAE77, 0xAE77, 0xAE77, 0xAE97, 0xAE97, 0xAE97, 0xAE97,
    0xAE97, 0xAE97, 0xAE97, 0xAE77, 0xAE77, 0xAE77, 0xAE77, 0xAE77, 0xAE77, 0xAE77, 0xAE77, 0xAE77, 0xAE77, 0xAE77, 0xAE77, 0xAE77,
    0xC6D8, 0xCED9, 0xCED8, 0xC697, 0xBE77, 0xBE97, 0xC697, 0xC6B8, 0xC6B8, 0xC697, 0xBE97, 0xC6B8, 0xBEB8, 0xBEB8, 0xBEB8, 0xBEB8,
    0xBEB8, 0xBEB8, 0xBEB8, 0xBE98, 0xB697, 0xB697, 0xB697, 0xB697, 0xB697, 0xB697, 0xB697, 0xB697, 0xB697, 0xB697, 0xB697, 0xB697,
    0xB697, 0xB697, 0xB697, 0xB697, 0xB697, 0xB697, 0xB697, 0xB697, 0xB697, 0xB697, 0xB697, 0xB697, 0xB697, 0xB697, 0xB697, 0xB697,
    0xB697, 0xB697, 0xB697, 0xB697, 0xB697, 0xB697, 0xB697, 0xB677, 0xB698, 0xB677, 0xB677, 0xAE77, 0xAE77, 0xAE77, 0xAE77, 0xAE77,
    0xAE77, 0xAE77, 0xAE77, 0xAE77, 0xAE77, 0xAE77, 0xAE77, 0xAE77, 0xAE77, 0xAE77, 0xAE77, 0xAE77, 0xAE97, 0xB698, 0xB698, 0xB698,
    0xB6B8, 0xB698, 0xB698, 0xB698, 0xAE97, 0xAE98, 0xB698, 0xB698, 0xAE98, 0xAE77, 0xAE77, 0xAE77, 0xAE77, 0xAE77, 0xAE77, 0xAE77,
    0xAE77, 0xAE77, 0xAE77, 0xAE77, 0xAE77, 0xAE77, 0xAE77, 0xAE77, 0xAE77, 0xAE77, 0xAE77, 0xAE77, 0xAE77, 0xAE77, 0xAE77, 0xAE77,
    0xAE77, 0xAE77, 0xAE77, 0xAE77, 0xAE77, 0xAE77, 0xAE77, 0xAE77, 0xAE77, 0xAE77, 0xAE77, 0xAE77, 0xAE77, 0xAE77, 0xAE77, 0xAE77,
    0xAE77, 0xAE77, 0xAE77, 0xAE77, 0xAE77, 0xAE77, 0xAE77, 0xAE77, 0xAE77, 0xAE77, 0xAE77, 0xAE77, 0xAE77, 0xAE77, 0xAE77, 0xAE77,
    0xAE77, 0xAE77, 0xAE77, 0xAE77, 0xAE77, 0xAE77, 0xAE77, 0xAE77, 0xAE98, 0xAE98, 0xAE98, 0xAE98, 0xAE98, 0xAE98, 0xAE98, 0xAE77,
    0xAE77, 0xAE77, 0xAE77, 0xAE77, 0xAE77, 0xAE77, 0xAE77, 0xAE77, 0xAE77, 0xAE77, 0xAE77, 0xAE77, 0xC6B8, 0xC6B8, 0xBE97, 0xBE77,
    0xBE77, 0xBE97, 0xBE97, 0xC6B8, 0xC6B8, 0xBE97, 0xBE77, 0xBEB8, 0xBEB8, 0xBEB8, 0xBEB8, 0xBEB8, 0xBEB8, 0xBEB8, 0xBEB8, 0xBE98,
    0xB697, 0xB697, 0xB697, 0xB697, 0xB697, 0xB697, 0xB697, 0xB697, 0xBEB8, 0xBEB8, 0xBEB8, 0xBEB8, 0xBE98, 0xB697, 0xB697, 0xB697,
    0xB697, 0xB697, 0xB697, 0xB697, 0xB697, 0xB677, 0xAE77, 0xB697, 0xB697, 0xB6B7, 0xB6B7, 0xB697, 0xB697, 0xB697, 0xB697, 0xB697,
    0xB697, 0xB697, 0xB697, 0xB697, 0xB697, 0xB698, 0xB698, 0xB698, 0xB677, 0xB677, 0xAE77, 0xAE77, 0xAE57, 0xAE57, 0xAE57, 0xAE57,
    0xAE57, 0xAE57, 0xAE77, 0xAE77, 0xAE77, 0xAE77, 0xAE77, 0xAE98, 0xB6B8, 0xB6B8, 0xB698, 0xB698, 0xB6B8, 0xB6B8, 0xB6B8, 0xB698,
    0xAE77, 0xAE77, 0xAE77, 0xAE77, 0xAE77, 0xAE77, 0xAE77, 0xAE77, 0xAE77, 0xAE77, 0xAE77, 0xAE77, 0xAE77, 0xAE77, 0xAE77, 0xAE77,
    0xAE77, 0xAE77, 0xAE77, 0xAE77, 0xAE77, 0xAE77, 0xAE77, 0xAE77, 0xAE77, 0xAE77, 0xAE77, 0xAE77, 0xAE77, 0xAE77, 0xAE77, 0xAE77,
    0xAE77, 0xAE77, 0xAE77, 0xAE77, 0xAE77, 0xAE77, 0xAE77, 0xAE77, 0xAE77, 0xAE77, 0xAE77, 0xAE77, 0xAE77, 0xAE77, 0xAE77, 0xAE77,
    0xAE77, 0xAE77, 0xAE77, 0xAE77, 0xAE77, 0xAE77, 0xAE77, 0xAE77, 0xAE77, 0xAE77, 0xAE77, 0xAE77, 0xAE77, 0xAE77, 0xAE77, 0xAE77,
    0xAE77, 0xAE77, 0xAE77, 0xAE77, 0xAE77, 0xAE77, 0xAE77, 0xAE77, 0xAE77, 0xAE77, 0xAE77, 0xAE77, 0xAE77, 0xAE77, 0xAE77, 0xAE77,
    0xAE77, 0xAE77, 0xAE77, 0xAE77, 0xAE77, 0xAE77, 0xAE77, 0xAE77, 0xC697, 0xBE77, 0xBE77, 0xBE77, 0xBE97, 0xC697, 0xC697, 0xC6B8,
    0xC6B8, 0xBE97, 0xBE77, 0xBE97, 0xBEB8, 0xBEB8, 0xBEB8, 0xBEB8, 0xBEB8, 0xBEB8, 0xBEB8, 0xBE98, 0xB697, 0xB697, 0xB697, 0xB697,
    0xB697, 0xB697, 0xB697, 0xBEB8, 0xBEB8, 0xBED8, 0xBED8, 0xBED8, 0xBEB8, 0xBEB8, 0xBE98, 0xBE98, 0xBE98, 0xBE98, 0xBE98, 0xBE98,
    0xBEB8, 0xB677, 0xAE76, 0xAE77, 0xB697, 0xB6B8, 0xB6B8, 0xB6B8, 0xB697, 0xB697, 0xB697, 0xB697, 0xB697, 0xB697, 0xB697, 0xB677,
    0xB698, 0xB698, 0xB698, 0xB698, 0xB698, 0xB698, 0xB677, 0xAE77, 0xAE57, 0xAE57, 0xAE57, 0xAE57, 0xAE57, 0xAE57, 0xAE57, 0xAE77,
    0xAE77, 0xAE77, 0xAE77, 0xB698, 0xB6B8, 0xB6D9, 0xAE97, 0xAE98, 0xB6B8, 0xB6B8, 0xB6B8, 0xB698, 0xAE77, 0xAE57, 0xA657, 0xAE57,
    0xAE57, 0xAE77, 0xAE77, 0xAE77, 0xAE77, 0xAE77, 0xAE77, 0xAE77, 0xAE77, 0xAE77, 0xAE77, 0xAE77, 0xAE77, 0xAE77, 0xAE77, 0xAE77,
    0xAE77, 0xAE77, 0xAE77, 0xAE77, 0xAE77, 0xAE77, 0xAE77, 0xAE77, 0xAE77, 0xAE77, 0xAE77, 0xAE77, 0xAE77, 0xAE77, 0xAE77, 0xAE77,
    0xAE77, 0xAE77, 0xAE77, 0xAE77, 0xAE77, 0xAE77, 0xAE77, 0xAE77, 0xAE77, 0xAE77, 0xAE77, 0xAE77, 0xAE77, 0xAE77, 0xAE77, 0xAE77,
    0xAE77, 0xAE77, 0xAE77, 0xAE77, 0xAE77, 0xAE77, 0xAE77, 0xAE77, 0xAE77, 0xAE77, 0xAE77, 0xAE77, 0xAE77, 0xAE77, 0xAE77, 0xAE77,
    0xAE77, 0xAE77, 0xAE77, 0xAE77, 0xAE77, 0xAE77, 0xAE77, 0xAE77, 0xAE77, 0xAE77, 0xAE77, 0xAE77, 0xAE77, 0xAE77, 0xAE77, 0xAE77,
    0xAE77, 0xAE77, 0xAE77, 0xAE77, 0xBEB7, 0xC6B8, 0xC6D8, 0xC6B8, 0xC6B8, 0xC6B8, 0xC6B8, 0xC6B8, 0xBEB8, 0xBEB7, 0xBEB7, 0xBEB7,
    0xBEB8, 0xBEB8, 0xBEB8, 0xBEB8, 0xBEB8, 0xBE98, 0xBE98, 0xBE98, 0xB697, 0xB697, 0xB697, 0xB697, 0xBEB8, 0xBEB8, 0xBEB8, 0xBEB8,
    0xBEB8, 0xBEB8, 0xBEB8, 0xBEB8, 0xBEB8, 0xBEB8, 0xBE98, 0xBE98, 0xBE98, 0xBE98, 0xBE98, 0xBE98, 0xBEB8, 0xB697, 0xB6B7, 0xB6B8,
    0xB6B8, 0xB6B8, 0xB6B8, 0xB697, 0xB697, 0xB697, 0xB697, 0xB697, 0xB697, 0xB697, 0xB697, 0xB697, 0xB677, 0xB677, 0xB677, 0xB677,
    0xB677, 0xB677, 0xB677, 0xB698, 0xB698, 0xAE77, 0xAE57, 0xAE57, 0xAE57, 0xAE77, 0xAE77, 0xAE57, 0xAE57, 0xAE57, 0xAE77, 0xAE77,
    0xAE77, 0xAE77, 0xA657, 0xA657, 0xAE57, 0xAE77, 0xAE77, 0xAE77, 0xAE98, 0xAE77, 0xAE77, 0xAE77, 0xAE77, 0xAE77, 0xAE77, 0xAE77,
    0xAE77, 0xAE77, 0xAE77, 0xAE77, 0xAE77, 0xAE77, 0xAE77, 0xAE77, 0xAE77, 0xAE77, 0xAE77, 0xAE77, 0xAE77, 0xAE77, 0xAE77, 0xAE77,
    0xAE77, 0xAE77, 0xAE77, 0xAE77, 0xAE77, 0xAE77, 0xAE77, 0xAE77, 0xAE77, 0xAE77, 0xAE77, 0xAE77, 0xAE77, 0xAE77, 0xAE77, 0xAE77,
    0xAE77, 0xAE77, 0xAE77, 0xAE77, 0xAE77, 0xAE77, 0xAE77, 0xAE77, 0xAE77, 0xAE77, 0xAE77, 0xAE77, 0xAE77, 0xAE77, 0xAE77, 0xAE77,
    0xAE77, 0xAE77, 0xAE77, 0xAE77, 0xAE77, 0xAE77, 0xAE77, 0xAE77, 0xAE77, 0xAE77, 0xAE77, 0xAE77, 0xAE98, 0xAE98, 0xAE97, 0xAE77,
    0xAE77, 0xAE77, 0xAE77, 0xAE77, 0xAE77, 0xAE77, 0xAE77, 0xAE77, 0xAE77, 0xAE77, 0xAE77, 0xAE77, 0xAE77, 0xAE77, 0xAE77, 0xAE77,
    0xBE97, 0xC6B8, 0xC6D8, 0xC6D8, 0xC6D8, 0xC6D8, 0xC6B8, 0xC6B8, 0xBEB8, 0xBEB7, 0xBE97, 0xBE97, 0xBEB8, 0xBEB8, 0xBEB8, 0xBEB8,
    0xBEB8, 0xBE98, 0xBE98, 0xBE98, 0xB697, 0xB697, 0xB697, 0xB697, 0xBEB8, 0xBEB8, 0xBEB8, 0xBEB8, 0xBEB8, 0xBEB8, 0xBEB8, 0xBEB8,
    0xBEB8, 0xBEB8, 0xBE98, 0xBE98, 0xBE98, 0xBE98, 0xBE98, 0xBE98, 0xBE98, 0xBEB8, 0xB6B8, 0xBED8, 0xBED8, 0xBED8, 0xBED8, 0xB6B8,
    0xB6B7, 0xAE77, 0xAE77, 0xAE77, 0xAE77, 0xAE77, 0xAE77, 0xAE77, 0xB677, 0xB677, 0xB677, 0xB677, 0xB677, 0xB677, 0xB677, 0xB698,
    0xB698, 0xAE77, 0xAE77, 0xAE57, 0xAE57, 0xAE77, 0xAE77, 0xAE57, 0xAE57, 0xAE57, 0xAE77, 0xAE77, 0xAE77, 0xAE77, 0xAE77, 0xAE77,
    0xAE77, 0xAE77, 0xAE97, 0xAE98, 0xB698, 0xAE97, 0xAE77, 0xAE77, 0xAE77, 0xAE77, 0xAE77, 0xAE77, 0xAE77, 0xAE77, 0xAE77, 0xAE77,
    0xAE77, 0xAE77, 0xAE77, 0xAE77, 0xAE77, 0xAE77, 0xAE77, 0xAE77, 0xAE77, 0xAE77, 0xAE77, 0xAE77, 0xAE77, 0xAE77, 0xAE77, 0xAE77,
    0xAE77, 0xAE77, 0xAE77, 0xAE77, 0xAE77, 0xAE77, 0xAE77, 0xAE77, 0xAE77, 0xAE77, 0xAE77, 0xAE77, 0xAE77, 0xAE77, 0xAE77, 0xAE77,
    0xAE77, 0xAE77, 0xAE77, 0xAE77, 0xAE77, 0xAE77, 0xAE77, 0xAE77, 0xAE77, 0xAE77, 0xAE77, 0xAE77, 0xAE77, 0xAE77, 0xAE77, 0xAE77,
    0xAE77, 0xAE77, 0xAE77, 0xAE77, 0xAE77, 0xAE77, 0xAE77, 0xAE77, 0xAE98, 0xAE97, 0xAE97, 0xAE77, 0xAE77, 0xAE77, 0xAE77, 0xAE77,
    0xAE77, 0xAE77, 0xAE77, 0xAE77, 0xAE77, 0xAE77, 0xAE77, 0xAE77, 0xAE77, 0xAE77, 0xAE77, 0xAE77, 0xBEB8, 0xC6D8, 0xC6D8, 0xC6F8,
    0xC6F8, 0xC6D8, 0xC6D8, 0xC6D8, 0xBEB8, 0xBEB7, 0xBE97, 0xBE97, 0xBEB8, 0xBEB8, 0xBEB8, 0xBEB8, 0xBEB8, 0xBE98, 0xBE98, 0xBEB8,
    0xBE98, 0xB697, 0xB697, 0xB697, 0xBE98, 0xBEB8, 0xBEB8, 0xBEB8, 0xBEB8, 0xBEB8, 0xBEB8, 0xBEB8, 0xBEB8, 0xBEB8, 0xBE98, 0xBE98,
    0xBE98, 0xBE98, 0xBE98, 0xBE98, 0xBE98, 0xB6B8, 0xB6B8, 0xB6B8, 0xB6B8, 0xB6B8, 0xB6B8, 0xB6B8, 0xB697, 0xAE77, 0xAE77, 0xAE77,
    0xAE77, 0xAE77, 0xAE77, 0xAE77, 0xB677, 0xB677, 0xB677, 0xB677, 0xB677, 0xB677, 0xB677, 0xB698, 0xB698, 0xB677, 0xAE77, 0xAE77,
    0xAE77, 0xAE77, 0xAE77, 0xAE57, 0xAE57, 0xAE57, 0xAE57, 0xAE77, 0xAE77, 0xAE77, 0xAE77, 0xAE77, 0xAE77, 0xAE77, 0xAE77, 0xAE77,
    0xAE77, 0xAE77, 0xAE77, 0xAE77, 0xAE77, 0xAE77, 0xAE77, 0xAE77, 0xAE77, 0xAE77, 0xAE77, 0xAE77, 0xAE77, 0xAE77, 0xAE77, 0xAE77,
    0xAE77, 0xAE77, 0xAE77, 0xAE77, 0xAE77, 0xAE77, 0xAE77, 0xAE77, 0xAE77, 0xAE77, 0xAE77, 0xAE77, 0xAE77, 0xAE77, 0xAE77, 0xAE77,
    0xAE77, 0xAE77, 0xAE77, 0xAE77, 0xAE77, 0xAE77, 0xAE77, 0xAE77, 0xAE77, 0xAE77, 0xAE77, 0xAE77, 0xAE77, 0xAE77, 0xAE77, 0xAE77,
    0xAE77, 0xAE77, 0xAE77, 0xAE77, 0xAE77, 0xAE77, 0xAE77, 0xAE77, 0xAE77, 0xAE77, 0xAE77, 0xAE77, 0xAE77, 0xAE77, 0xAE77, 0xAE77,
    0xAE77, 0xAE77, 0xAE77, 0xAE77, 0xAE97, 0xAE97, 0xAE77, 0xAE77, 0xAE77, 0xAE77, 0xAE77, 0xAE77, 0xAE77, 0xAE77, 0xAE77, 0xAE77,
    0xAE77, 0xAE77, 0xAE77, 0xAE77, 0xAE77, 0xAE77, 0xAE77, 0xAE77, 0xC6F8, 0xC6D8, 0xC6D8, 0xC6D8, 0xC6D8, 0xC6D8, 0xC6D8, 0xC6D8,
    0xBEB7, 0xBEB7, 0xBE97, 0xBE97, 0xBEB8, 0xBEB8, 0xBEB8, 0xBEB8, 0xBEB8, 0xBE98, 0xBE98, 0xBEB8, 0xBE98, 0xB697, 0xB697, 0xB697,
    0xBE98, 0xBEB8, 0xBEB8, 0xBE98, 0xBE98, 0xBE98, 0xBE98, 0xBE98, 0xBE98, 0xBE98, 0xBE98, 0xBE98, 0xBE98, 0xBE98, 0xBE98, 0xBE98,
    0xBE98, 0xB697, 0xB697, 0xB697, 0xB697, 0xB697, 0xB697, 0xB697, 0xB697, 0xAE77, 0xAE77, 0xAE77, 0xAE77, 0xAE77, 0xAE77, 0xAE77,
    0xB677, 0xB677, 0xB677, 0xB677, 0xB677, 0xB677, 0xB677, 0xB698, 0xB698, 0xB698, 0xAE77, 0xAE77, 0xAE77, 0xAE77, 0xAE77, 0xAE57,
    0xAE57, 0xAE57, 0xAE57, 0xAE77, 0xAE77, 0xAE77, 0xAE77, 0xAE57, 0xAE57, 0xAE57, 0xAE57, 0xAE57, 0xAE57, 0xAE57, 0xAE77, 0xAE77,
    0xAE77, 0xAE77, 0xAE77, 0xAE77, 0xAE77, 0xAE77, 0xAE77, 0xAE77, 0xAE77, 0xAE77, 0xAE77, 0xAE77, 0xAE77, 0xAE77, 0xAE77, 0xAE77,
    0xAE77, 0xAE77, 0xAE77, 0xAE77, 0xAE77, 0xAE77, 0xAE77, 0xAE77, 0xAE77, 0xAE77, 0xAE77, 0xAE77, 0xAE77, 0xAE77, 0xAE77, 0xAE77,
    0xAE77, 0xAE77, 0xAE77, 0xAE77, 0xAE77, 0xAE77, 0xAE77, 0xAE77, 0xAE77, 0xAE77, 0xAE77, 0xAE77, 0xAE77, 0xAE77, 0xAE77, 0xAE77,
    0xAE77, 0xAE77, 0xAE77, 0xAE77, 0xAE77, 0xAE77, 0xAE77, 0xAE77, 0xAE77, 0xAE77, 0xAE77, 0xAE77, 0xAE77, 0xAE77, 0xAE77, 0xAE77,
    0xAE77, 0xAE77, 0xAE77, 0xAE77, 0xAE77, 0xAE77, 0xAE77, 0xAE77, 0xAE77, 0xAE77, 0xAE77, 0xAE77, 0xAE77, 0xAE77, 0xAE77, 0xAE77,
    0xAE77, 0xAE77, 0xAE77, 0xAE77, 0xBEB7, 0xBEB7, 0xBEB7, 0xBEB7, 0xBEB8, 0xC6D8, 0xC6D8, 0xBED8, 0xBEB8, 0xBEB7, 0xBE97, 0xBE97,
    0xBEB8, 0xBEB8, 0xBEB8, 0xBEB8, 0xBEB8, 0xBE98, 0xBE98, 0xBEB8, 0xBEB8, 0xBE98, 0xB697, 0xB697, 0xB697, 0xBE98, 0xBEB8, 0xBE98,
    0xBE98, 0xBE98, 0xBE98, 0xBE98, 0xBE98, 0xBE98, 0xBE98, 0xBE98, 0xBE98, 0xBE98, 0xBE98, 0xBE98, 0xBEB8, 0xB6B7, 0xB697, 0xB697,
    0xB697, 0xB697, 0xB697, 0xB697, 0xB697, 0xAE77, 0xAE77, 0xAE77, 0xAE77, 0xAE77, 0xAE77, 0xAE77, 0xB677, 0xB677, 0xB677, 0xB677,
    0xB677, 0xB677, 0xB677, 0xB698, 0xB698, 0xB698, 0xAE77, 0xAE77, 0xAE77, 0xAE77, 0xAE77, 0xAE77, 0xAE77, 0xAE77, 0xAE77, 0xAE77,
    0xAE77, 0xAE77, 0xAE97, 0xAE97, 0xAE97, 0xAE97, 0xAE97, 0xAE77, 0xAE77, 0xAE77, 0xAE77, 0xAE77, 0xAE77, 0xAE77, 0xAE77, 0xAE77,
    0xAE77, 0xAE77, 0xAE77, 0xAE77, 0xAE77, 0xAE77, 0xAE77, 0xAE77, 0xAE77, 0xAE77, 0xAE77, 0xAE77, 0xAE77, 0xAE77, 0xAE77, 0xAE77,
    0xAE77, 0xAE77, 0xAE77, 0xAE77, 0xAE77, 0xAE77, 0xAE77, 0xAE77, 0xAE77, 0xAE77, 0xAE77, 0xAE77, 0xAE77, 0xAE77, 0xAE77, 0xAE77,
    0xAE77, 0xAE77, 0xAE77, 0xAE77, 0xAE77, 0xAE77, 0xAE77, 0xAE77, 0xAE77, 0xAE77, 0xAE77, 0xAE77, 0xAE77, 0xAE77, 0xAE77, 0xAE77,
    0xAE77, 0xAE77, 0xAE77, 0xAE77, 0xAE77, 0xAE77, 0xAE77, 0xAE77, 0xAE77, 0xAE77, 0xAE77, 0xAE77, 0xAE77, 0xAE77, 0xAE77, 0xAE77,
    0xAE77, 0xAE77, 0xAE77, 0xAE77, 0xAE77, 0xAE77, 0xAE77, 0xAE77, 0xAE77, 0xAE77, 0xAE77, 0xAE77, 0xAE77, 0xAE77, 0xAE77, 0xAE77,
    0xB676, 0xB677, 0xBE97, 0xBEB8, 0xBEB8, 0xBEB8, 0xBEB8, 0xBEB8, 0xBEB8, 0xBEB8, 0xBEB8, 0xBEB8, 0xBEB8, 0xBEB8, 0xBEB8, 0xBEB8,
    0xBEB8, 0xBE98, 0xBE98, 0xBEB8, 0xBEB8, 0xBE98, 0xB697, 0xB697, 0xB697, 0xBE98, 0xBE98, 0xB697, 0xB697, 0xB697, 0xB697, 0xB697,
    0xB697, 0xB697, 0xBE98, 0xBE98, 0xBE98, 0xBE98, 0xBE98, 0xBE98, 0xBE98, 0xBEB8, 0xBED8, 0xB6B8, 0xB6B8, 0xB6B8, 0xB6B8, 0xBED8,
    0xBED8, 0xB697, 0xB697, 0xB697, 0xB697, 0xB697, 0xB697, 0xB697, 0xB677, 0xB677, 0xB677, 0xB677, 0xB677, 0xB677, 0xB677, 0xB698,
    0xB698, 0xB677, 0xAE77, 0xAE77, 0xAE77, 0xAE77, 0xAE77, 0xAE97, 0xAE77, 0xAE77, 0xAE77, 0xAE77, 0xAE77, 0xAE77, 0xB698, 0xB6B8,
    0xB6B8, 0xB6B8, 0xB6B8, 0xB6B8, 0xB6B8, 0xB698, 0xAE77, 0xAE77, 0xAE77, 0xAE77, 0xAE77, 0xAE77, 0xAE77, 0xAE77, 0xAE77, 0xAE77,
    0xAE77, 0xAE77, 0xAE77, 0xAE77, 0xAE77, 0xAE77, 0xAE77, 0xAE77, 0xAE77, 0xAE77, 0xAE77, 0xAE77, 0xAE77, 0xAE77, 0xAE77, 0xAE77,
    0xAE77, 0xAE77, 0xAE77, 0xAE77, 0xAE77, 0xAE77, 0xAE77, 0xAE77, 0xAE77, 0xAE77, 0xAE77, 0xAE77, 0xAE77, 0xAE77, 0xAE77, 0xAE77,
    0xAE77, 0xAE77, 0xAE77, 0xAE77, 0xAE77, 0xAE77, 0xAE77, 0xAE77, 0xAE77, 0xAE77, 0xAE77, 0xAE77, 0xAE77, 0xAE77, 0xAE77, 0xAE77,
    0xAE77, 0xAE77, 0xAE77, 0xAE77, 0xAE77, 0xAE77, 0xAE77, 0xAE77, 0xAE77, 0xAE77, 0xAE77, 0xAE77, 0xAE77, 0xAE97, 0xAE97, 0xAE77,
    0xAE77, 0xAE77, 0xAE77, 0xAE77, 0xAE77, 0xAE77, 0xAE77, 0xAE77, 0xAE77, 0xAE77, 0xAE77, 0xAE77, 0xB677, 0xB697, 0xBE97, 0xBEB8,
    0xBEB8, 0xBEB7, 0xBEB8, 0xBEB8, 0xBEB8, 0xBED8, 0xC6D8, 0xC6D8, 0xBEB8, 0xBEB8, 0xBEB8, 0xBEB8, 0xBEB8, 0xBE98, 0xBE98, 0xBEB8,
    0xBEB8, 0xBEB8, 0xB697, 0xB697, 0xB697, 0xB697, 0xBE98, 0xB697, 0xB697, 0xB697, 0xB697, 0xB697, 0xB697, 0xB697, 0xBE98, 0xBE98,
    0xBE98, 0xBE98, 0xBE98, 0xBE98, 0xB698, 0xBEB8, 0xBED8, 0xB6B8, 0xB6B8, 0xB6B8, 0xB6B8, 0xBED8, 0xBEB8, 0xB697, 0xB697, 0xB697,
    0xB697, 0xB697, 0xB697, 0xB697, 0xB677, 0xB677, 0xB677, 0xB677, 0xB677, 0xB677, 0xB677, 0xB698, 0xB698, 0xAE77, 0xAE57, 0xAE57,
    0xAE57, 0xAE77, 0xAE77, 0xB698, 0xAE98, 0xAE97, 0xAE77, 0xAE77, 0xAE77, 0xAE77, 0xAE77, 0xAE77, 0xAE77, 0xAE77, 0xAE98, 0xB698,
    0xB6B8, 0xAE98, 0xAE77, 0xAE77, 0xAE77, 0xAE77, 0xAE77, 0xAE77, 0xAE77, 0xAE77, 0xAE77, 0xAE77, 0xAE77, 0xAE77, 0xAE77, 0xAE77,
    0xAE77, 0xAE77, 0xAE77, 0xAE77, 0xAE77, 0xAE77, 0xAE77, 0xAE77, 0xAE77, 0xAE77, 0xAE77, 0xAE77, 0xAE77, 0xAE77, 0xAE77, 0xAE77,
    0xAE77, 0xAE77, 0xAE77, 0xAE77, 0xAE77, 0xAE77, 0xAE77, 0xAE77, 0xAE77, 0xAE77, 0xAE77, 0xAE77, 0xAE77, 0xAE77, 0xAE77, 0xAE77,
    0xAE77, 0xAE77, 0xAE77, 0xAE77, 0xAE77, 0xAE77, 0xAE77, 0xAE77, 0xAE77, 0xAE77, 0xAE77, 0xAE77, 0xAE77, 0xAE77, 0xAE77, 0xAE77,
    0xAE77, 0xAE77, 0xAE77, 0xAE77, 0xAE77, 0xAE77, 0xAE77, 0xAE77, 0xAE97, 0xAE98, 0xAE98, 0xAE77, 0xAE77, 0xAE77, 0xAE77, 0xAE77,
    0xAE77, 0xAE77, 0xAE77, 0xAE77, 0xAE77, 0xAE77, 0xAE77, 0xAE77, 0xBEB7, 0xBEB7, 0xBEB7, 0xBEB7, 0xBEB7, 0xBEB7, 0xBEB7, 0xBEB7,
    0xBEB7, 0xBEB8, 0xBED8, 0xBED8, 0xBEB8, 0xBEB8, 0xBEB8, 0xBEB8, 0xBEB8, 0xBE98, 0xBE98, 0xBEB8, 0xBEB8, 0xBEB8, 0xB697, 0xB697,
    0xB697, 0xB697, 0xBE98, 0xB697, 0xB697, 0xB697, 0xB697, 0xB697, 0xB697, 0xB697, 0xB697, 0xB697, 0xB697, 0xB697, 0xBE98, 0xBE98,
    0xBE98, 0xB698, 0xB697, 0xB697, 0xB697, 0xB697, 0xB697, 0xB697, 0xB697, 0xB697, 0xB697, 0xB697, 0xB697, 0xB697, 0xB697, 0xB697,
    0xB698, 0xB698, 0xB677, 0xB677, 0xB677, 0xB698, 0xB698, 0xB698, 0xB677, 0xAE77, 0xAE77, 0xAE57, 0xAE77, 0xAE77, 0xB698, 0xB6B8,
    0xB6B8, 0xB6B8, 0xB698, 0xB698, 0xB698, 0xAE98, 0xAE57, 0xA656, 0xAE57, 0xAE57, 0xAE77, 0xAE77, 0xAE77, 0xAE77, 0xAE77, 0xAE77,
    0xAE77, 0xAE77, 0xAE77, 0xAE77, 0xAE77, 0xAE77, 0xAE77, 0xAE77, 0xAE77, 0xAE77, 0xAE77, 0xAE77, 0xAE77, 0xAE77, 0xAE77, 0xAE77,
    0xAE77, 0xAE77, 0xAE77, 0xAE77, 0xAE77, 0xAE77, 0xAE77, 0xAE77, 0xAE77, 0xAE77, 0xAE77, 0xAE77, 0xAE77, 0xAE77, 0xAE77, 0xAE77,
    0xAE77, 0xAE77, 0xAE77, 0xAE77, 0xAE77, 0xAE77, 0xAE77, 0xAE77, 0xAE77, 0xAE77, 0xAE77, 0xAE77, 0xAE77, 0xAE77, 0xAE77, 0xAE77,
    0xAE77, 0xAE77, 0xAE77, 0xAE77, 0xAE77, 0xAE77, 0xAE77, 0xAE77, 0xAE77, 0xAE77, 0xAE77, 0xAE77, 0xAE77, 0xAE77, 0xAE77, 0xAE77,
    0xAE77, 0xAE77, 0xAE77, 0xAE77, 0xAE77, 0xAE77, 0xAE77, 0xAE77, 0xAE77, 0xAE77, 0xAE77, 0xAE77, 0xAE77, 0xAE77, 0xAE77, 0xAE77,
    0xAE77, 0xAE77, 0xAE77, 0xAE77, 0xBEB7, 0xBEB7, 0xBEB7, 0xBEB7, 0xBEB7, 0xBEB7, 0xBEB7, 0xB697, 0xB697, 0xB697, 0xBEB7, 0xBEB7,
    0xB697, 0xB697, 0xB697, 0xB697, 0xBE98, 0xBE98, 0xBE98, 0xBE98, 0xBE98, 0xBE98, 0xBE98, 0xBE98, 0xBE98, 0xBE98, 0xBE98, 0xBE98,
    0xBE98, 0xBE98, 0xBE98, 0xBE98, 0xBE98, 0xBE98, 0xB697, 0xB697, 0xB697, 0xB697, 0xB697, 0xBE98, 0xBE98, 0xB697, 0xB697, 0xB697,
    0xB698, 0xB698, 0xB697, 0xB697, 0xB697, 0xB697, 0xB697, 0xB697, 0xB697, 0xB677, 0xB677, 0xB677, 0xB698, 0xB698, 0xB698, 0xB677,
    0xB677, 0xB698, 0xB698, 0xB698, 0xAE77, 0xAE77, 0xAE77, 0xAE77, 0xB698, 0xB698, 0xB6B8, 0xB6B8, 0xB6B8, 0xB6B8, 0xB6B8, 0xB6B8,
    0xB6B8, 0xB6B8, 0xB698, 0xAE98, 0xAE97, 0xAE77, 0xAE77, 0xAE77, 0xAE57, 0xAE77, 0xAE77, 0xAE77, 0xAE77, 0xAE77, 0xAE77, 0xAE77,
    0xAE77, 0xAE77, 0xAE77, 0xAE77, 0xAE77, 0xAE77, 0xAE77, 0xAE77, 0xAE77, 0xAE77, 0xAE77, 0xAE77, 0xAE77, 0xAE77, 0xAE77, 0xAE77,
    0xAE77, 0xAE77, 0xAE77, 0xAE77, 0xAE77, 0xAE77, 0xAE77, 0xAE77, 0xAE77, 0xAE77, 0xAE77, 0xAE77, 0xAE77, 0xAE77, 0xAE77, 0xAE77,
    0xAE77, 0xAE77, 0xAE77, 0xAE77, 0xAE77, 0xAE77, 0xAE77, 0xAE77, 0xAE77, 0xAE77, 0xAE77, 0xAE77, 0xAE77, 0xAE77, 0xAE77, 0xAE77,
    0xAE77, 0xAE77, 0xAE77, 0xAE77, 0xAE77, 0xAE77, 0xAE77, 0xAE77, 0xAE77, 0xAE77, 0xAE77, 0xAE77, 0xAE77, 0xAE77, 0xAE77, 0xAE77,
    0xAE77, 0xAE77, 0xAE77, 0xAE77, 0xAE77, 0xAE77, 0xAE77, 0xAE77, 0xAE77, 0xAE77, 0xAE77, 0xAE77, 0xAE77, 0xAE77, 0xAE77, 0xAE77,
    0xBEB8, 0xBEB8, 0xBEB8, 0xBEB8, 0xBEB8, 0xBEB7, 0xBEB7, 0xB697, 0xB697, 0xBEB7, 0xBEB7, 0xBEB8, 0xB697, 0xB697, 0xB697, 0xB697,
    0xB697, 0xB697, 0xB697, 0xBE98, 0xBE98, 0xBE98, 0xBE98, 0xBE98, 0xBE98, 0xBE98, 0xBE98, 0xBE98, 0xBE98, 0xBE98, 0xBE98, 0xBE98,
    0xBE98, 0xBE98, 0xB697, 0xB697, 0xB697, 0xB697, 0xB697, 0xBE98, 0xBEB8, 0xBEB8, 0xBE98, 0xBE98, 0xBE98, 0xBE98, 0xBE98, 0xBE98,
    0xBE98, 0xB697, 0xB697, 0xB697, 0xB697, 0xB677, 0xB677, 0xB677, 0xB698, 0xB698, 0xB698, 0xB677, 0xB677, 0xB698, 0xB698, 0xB698,
    0xB677, 0xAE77, 0xAE77, 0xAE77, 0xAE77, 0xB677, 0xB698, 0xAE77, 0xAE77, 0xAE77, 0xAE77, 0xAE77, 0xAE77, 0xAE77, 0xB6D8, 0xB6D8,
    0xB6B8, 0xB698, 0xAE77, 0xAE77, 0xAE57, 0xAE77, 0xAE77, 0xAE97, 0xAE97, 0xAE97, 0xAE98, 0xB698, 0xB698, 0xAE77, 0xAE77, 0xAE77,
    0xAE77, 0xAE77, 0xAE77, 0xAE77, 0xAE77, 0xAE77, 0xAE77, 0xAE77, 0xAE77, 0xAE77, 0xAE77, 0xAE77, 0xAE77, 0xAE77, 0xAE77, 0xAE77,
    0xAE77, 0xAE77, 0xAE77, 0xAE77, 0xAE77, 0xAE77, 0xAE77, 0xAE77, 0xAE77, 0xAE77, 0xAE77, 0xAE77, 0xAE77, 0xAE77, 0xAE77, 0xAE77,
    0xAE77, 0xAE77, 0xAE77, 0xAE77, 0xAE77, 0xAE77, 0xAE77, 0xAE77, 0xAE77, 0xAE77, 0xAE77, 0xAE77, 0xAE77, 0xAE77, 0xAE77, 0xAE77,
    0xAE77, 0xAE77, 0xAE77, 0xAE77, 0xAE77, 0xAE77, 0xAE77, 0xAE77, 0xAE77, 0xAE77, 0xAE77, 0xAE77, 0xAE77, 0xAE77, 0xAE77, 0xAE77,
    0xAE77, 0xAE77, 0xAE77, 0xAE77, 0xAE77, 0xAE77, 0xAE77, 0xAE77, 0xAE77, 0xAE77, 0xAE77, 0xAE77, 0xBED8, 0xBED8, 0xBED8, 0xBED8,
    0xBEB8, 0xBEB7, 0xBEB7, 0xBEB7, 0xBEB7, 0xBEB7, 0xBEB7, 0xBEB8, 0xB697, 0xB697, 0xB697, 0xB697, 0xB697, 0xB697, 0xB697, 0xBE98,
    0xBE98, 0xBE98, 0xBE98, 0xBE98, 0xBE98, 0xBE98, 0xBE98, 0xBE98, 0xBE98, 0xBE98, 0xBE98, 0xBE98, 0xBE98, 0xBE98, 0xB697, 0xB697,
    0xB697, 0xB697, 0xBE98, 0xBEB8, 0xBEB8, 0xBEB8, 0xBEB8, 0xBEB8, 0xBEB8, 0xBEB8, 0xBEB8, 0xBEB8, 0xBEB8, 0xB697, 0xBE98, 0xB697,
    0xB697, 0xB697, 0xB697, 0xB677, 0xB698, 0xB698, 0xB698, 0xB677, 0xB677, 0xB698, 0xB698, 0xB698, 0xB698, 0xB698, 0xAE77, 0xAE57,
    0xAE57, 0xAE77, 0xAE77, 0xAE77, 0xAE77, 0xAE77, 0xAE77, 0xAE77, 0xAE77, 0xAE77, 0xAE98, 0xAE98, 0xAE97, 0xAE77, 0xAE77, 0xAE77,
    0xAE57, 0xAE77, 0xAE77, 0xAE77, 0xAE97, 0xAE98, 0xB698, 0xB698, 0xB698, 0xAE77, 0xAE77, 0xAE77, 0xAE77, 0xAE77, 0xAE77, 0xAE77,
    0xAE77, 0xAE77, 0xAE77, 0xAE77, 0xAE77, 0xAE77, 0xAE77, 0xAE77, 0xAE77, 0xAE77, 0xAE77, 0xAE77, 0xAE77, 0xAE77, 0xAE77, 0xAE77,
    0xAE77, 0xAE77, 0xAE77, 0xAE77, 0xAE77, 0xAE77, 0xAE77, 0xAE77, 0xAE77, 0xAE77, 0xAE77, 0xAE77, 0xAE77, 0xAE77, 0xAE77, 0xAE77,
    0xAE77, 0xAE77, 0xAE77, 0xAE77, 0xAE77, 0xAE77, 0xAE77, 0xAE77, 0xAE77, 0xAE77, 0xAE77, 0xAE77, 0xAE77, 0xAE77, 0xAE77, 0xAE77,
    0xAE77, 0xAE77, 0xAE77, 0xAE77, 0xAE77, 0xAE77, 0xAE77, 0xAE77, 0xAE77, 0xAE77, 0xAE77, 0xAE77, 0xAE77, 0xAE77, 0xAE77, 0xAE77,
    0xAE77, 0xAE77, 0xAE77, 0xAE77, 0xAE77, 0xAE77, 0xAE77, 0xAE77, 0xBEB7, 0xBEB7, 0xBEB7, 0xBEB7, 0xBEB7, 0xBEB7, 0xBEB7, 0xBEB7,
    0xBEB7, 0xBEB7, 0xBEB7, 0xBEB8, 0xB697, 0xB697, 0xB697, 0xB697, 0xB697, 0xB697, 0xB697, 0xBE98, 0xBE98, 0xBE98, 0xBE98, 0xBE98,
    0xBE98, 0xBE98, 0xBE98, 0xBE98, 0xBE98, 0xBE98, 0xBE98, 0xBE98, 0xBE98, 0xBE98, 0xB697, 0xB697, 0xB697, 0xB697, 0xBEB8, 0xBEB8,
    0xBEB8, 0xBEB8, 0xBEB8, 0xBEB8, 0xBEB8, 0xBEB8, 0xBEB8, 0xBEB8, 0xBEB8, 0xBEB8, 0xBE98, 0xBE98, 0xB697, 0xB697, 0xB697, 0xB697,
    0xB698, 0xB698, 0xB698, 0xB677, 0xB677, 0xB698, 0xB698, 0xB6B8, 0xB6B8, 0xB698, 0xAE77, 0xAE57, 0xAE57, 0xAE57, 0xAE77, 0xAE98,
    0xAE98, 0xAE98, 0xAE98, 0xAE98, 0xAE98, 0xAE98, 0xAE57, 0xAE57, 0xAE57, 0xAE57, 0xAE77, 0xAE77, 0xAE77, 0xAE57, 0xAE77, 0xAE77,
    0xAE77, 0xAE77, 0xAE98, 0xAE97, 0xAE98, 0xAE77, 0xAE77, 0xAE77, 0xAE77, 0xAE77, 0xAE77, 0xAE77, 0xAE77, 0xAE77, 0xAE77, 0xAE77,
    0xAE77, 0xAE77, 0xAE77, 0xAE77, 0xAE77, 0xAE77, 0xAE77, 0xAE77, 0xAE77, 0xAE77, 0xAE77, 0xAE77, 0xAE77, 0xAE77, 0xAE77, 0xAE77,
    0xAE77, 0xAE77, 0xAE77, 0xAE77, 0xAE77, 0xAE77, 0xAE77, 0xAE77, 0xAE77, 0xAE77, 0xAE77, 0xAE77, 0xAE77, 0xAE77, 0xAE77, 0xAE77,
    0xAE77, 0xAE77, 0xAE77, 0xAE77, 0xAE77, 0xAE77, 0xAE77, 0xAE77, 0xAE77, 0xAE77, 0xAE77, 0xAE77, 0xAE77, 0xAE77, 0xAE77, 0xAE77,
    0xAE77, 0xAE77, 0xAE77, 0xAE77, 0xAE77, 0xAE77, 0xAE77, 0xAE77, 0xAE77, 0xAE77, 0xAE77, 0xAE77, 0xAE77, 0xAE77, 0xAE77, 0xAE77,
    0xAE77, 0xAE77, 0xAE77, 0xAE77, 0xB697, 0xB697, 0xB697, 0xB697, 0xBEB7, 0xBEB7, 0xBEB8, 0xBED8, 0xBED8, 0xBEB8, 0xBEB7, 0xBEB7,
    0xB697, 0xB697, 0xB697, 0xB697, 0xB697, 0xB697, 0xB697, 0xBE98, 0xBE98, 0xBE98, 0xBE98, 0xBE98, 0xBE98, 0xBE98, 0xBE98, 0xBE98,
    0xBE98, 0xBE98, 0xBE98, 0xBE98, 0xBE98, 0xBE98, 0xB697, 0xBE98, 0xBE98, 0xBEB8, 0xBEB8, 0xBEB8, 0xBEB8, 0xBEB8, 0xBEB8, 0xBEB8,
    0xBEB8, 0xBEB8, 0xBEB8, 0xBEB8, 0xBEB8, 0xBEB8, 0xBEB8, 0xBE98, 0xB697, 0xB697, 0xB697, 0xB697, 0xB698, 0xB698, 0xB698, 0xB677,
    0xB677, 0xB698, 0xB698, 0xB6B8, 0xB6B8, 0xB698, 0xAE77, 0xAE77, 0xAE77, 0xAE77, 0xAE77, 0xB6B8, 0xB6B8, 0xB6B8, 0xB6B8, 0xB6B8,
    0xB6B8, 0xB6B8, 0xB6B8, 0xB698, 0xAE98, 0xAE97, 0xAE77, 0xAE77, 0xAE57, 0xAE57, 0xAE77, 0xAE77, 0xAE77, 0xAE77, 0xAE77, 0xAE77,
    0xAE77, 0xAE77, 0xAE77, 0xAE77, 0xAE77, 0xAE77, 0xAE77, 0xAE77, 0xAE77, 0xAE77, 0xAE77, 0xAE77, 0xAE77, 0xAE77, 0xAE77, 0xAE77,
    0xAE77, 0xAE77, 0xAE77, 0xAE77, 0xAE77, 0xAE77, 0xAE77, 0xAE77, 0xAE77, 0xAE77, 0xAE77, 0xAE77, 0xAE77, 0xAE77, 0xAE77, 0xAE77,
    0xAE77, 0xAE77, 0xAE77, 0xAE77, 0xAE77, 0xAE77, 0xAE77, 0xAE77, 0xAE77, 0xAE77, 0xAE77, 0xAE77, 0xAE77, 0xAE77, 0xAE77, 0xAE77,
    0xAE77, 0xAE77, 0xAE77, 0xAE77, 0xAE77, 0xAE77, 0xAE77, 0xAE77, 0xAE77, 0xAE77, 0xAE77, 0xAE77, 0xAE77, 0xAE77, 0xAE77, 0xAE77,
    0xAE77, 0xAE77, 0xAE77, 0xAE77, 0xAE77, 0xAE77, 0xAE77, 0xAE77, 0xAE77, 0xAE77, 0xAE77, 0xAE77, 0xAE77, 0xAE77, 0xAE77, 0xAE77,
    0xBEB7, 0xBEB7, 0xBEB7, 0xBEB7, 0xBEB7, 0xBEB7, 0xBEB8, 0xBED8, 0xBED8, 0xBED8, 0xBEB7, 0xBEB7, 0xBEB8, 0xBEB8, 0xBEB8, 0xBEB8,
    0xBEB8, 0xBEB8, 0xBEB8, 0xBEB8, 0xBE98, 0xBE98, 0xBE98, 0xBE98, 0xBE98, 0xBE98, 0xBE98, 0xBE98, 0xBE98, 0xBE98, 0xBE98, 0xBE98,
    0xBE98, 0xBE98, 0xBE98, 0xBE98, 0xBE98, 0xBEB8, 0xBEB8, 0xBEB8, 0xBEB8, 0xBEB8, 0xBE98, 0xBE98, 0xBE98, 0xBE98, 0xBE98, 0xBE98,
    0xBE98, 0xBEB8, 0xBEB8, 0xBEB8, 0xB697, 0xB697, 0xB697, 0xB697, 0xB698, 0xB698, 0xB698, 0xB677, 0xB677, 0xB698, 0xB698, 0xB6B8,
    0xB6B8, 0xB698, 0xB698, 0xAE77, 0xAE77, 0xB677, 0xB697, 0xB6B8, 0xB6B8, 0xB6B8, 0xB6B8, 0xB6B8, 0xB6B8, 0xB6B8, 0xB6D9, 0xB6D8,
    0xB6B8, 0xB698, 0xAE77, 0xAE77, 0xAE57, 0xAE77, 0xAE97, 0xAE77, 0xAE77, 0xAE77, 0xAE77, 0xAE77, 0xAE57, 0xAE77, 0xAE77, 0xAE77,
    0xAE77, 0xAE77, 0xAE77, 0xAE77, 0xAE77, 0xAE77, 0xAE77, 0xAE77, 0xAE77, 0xAE77, 0xAE77, 0xAE77, 0xAE77, 0xAE77, 0xAE77, 0xAE77,
    0xAE77, 0xAE77, 0xAE77, 0xAE77, 0xAE77, 0xAE77, 0xAE77, 0xAE77, 0xAE77, 0xAE77, 0xAE77, 0xAE77, 0xAE77, 0xAE77, 0xAE77, 0xAE77,
    0xAE77, 0xAE77, 0xAE77, 0xAE77, 0xAE77, 0xAE77, 0xAE77, 0xAE77, 0xAE77, 0xAE77, 0xAE77, 0xAE77, 0xAE77, 0xAE77, 0xAE77, 0xAE77,
    0xAE77, 0xAE77, 0xAE77, 0xAE77, 0xAE77, 0xAE77, 0xAE77, 0xAE77, 0xAE77, 0xAE77, 0xAE77, 0xAE77, 0xAE77, 0xAE77, 0xAE77, 0xAE77,
    0xAE77, 0xAE77, 0xAE77, 0xAE77, 0xAE77, 0xAE77, 0xAE77, 0xAE77, 0xAE77, 0xAE77, 0xAE77, 0xAE77, 0xBEB8, 0xBEB8, 0xBEB8, 0xBEB8,
    0xBEB7, 0xBEB7, 0xBEB8, 0xBED8, 0xBED8, 0xBED8, 0xBEB7, 0xBEB7, 0xBEB8, 0xBEB8, 0xBEB8, 0xBEB8, 0xBEB8, 0xBEB8, 0xBEB8, 0xBEB8,
    0xBE98, 0xBE98, 0xBE98, 0xBE98, 0xBE98, 0xBE98, 0xBE98, 0xBE98, 0xBE98, 0xBE98, 0xBE98, 0xBE98, 0xBE98, 0xBE98, 0xBE98, 0xBE98,
    0xBEB8, 0xBEB8, 0xBEB8, 0xBEB8, 0xBEB8, 0xBE98, 0xB697, 0xB697, 0xB697, 0xB697, 0xB697, 0xB697, 0xBE98, 0xBEB8, 0xBEB8, 0xBE98,
    0xBE98, 0xB697, 0xB697, 0xB697, 0xB698, 0xB698, 0xB698, 0xB677, 0xB677, 0xB698, 0xB698, 0xB6B8, 0xB6B8, 0xB698, 0xB698, 0xB698,
    0xB698, 0xB698, 0xB698, 0xAE97, 0xAE97, 0xAE97, 0xAE97, 0xAE97, 0xAE97, 0xAE97, 0xAE77, 0xAE77, 0xAE77, 0xAE77, 0xAE77, 0xAE77,
    0xAE57, 0xAE77, 0xB6B8, 0xB698, 0xB698, 0xAE97, 0xAE77, 0xAE77, 0xAE77, 0xAE77, 0xAE77, 0xAE77, 0xAE77, 0xAE77, 0xAE77, 0xAE77,
    0xAE77, 0xAE77, 0xAE77, 0xAE77, 0xAE77, 0xAE77, 0xAE77, 0xAE77, 0xAE77, 0xAE77, 0xAE77, 0xAE77, 0xAE77, 0xAE77, 0xAE77, 0xAE77,
    0xAE77, 0xAE77, 0xAE77, 0xAE77, 0xAE77, 0xAE77, 0xAE77, 0xAE77, 0xAE77, 0xAE77, 0xAE77, 0xAE77, 0xAE77, 0xAE77, 0xAE77, 0xAE77,
    0xAE77, 0xAE77, 0xAE77, 0xAE77, 0xAE77, 0xAE77, 0xAE77, 0xAE77, 0xAE77, 0xAE77, 0xAE77, 0xAE77, 0xAE77, 0xAE77, 0xAE77, 0xAE77,
    0xAE77, 0xAE77, 0xAE77, 0xAE77, 0xAE77, 0xAE77, 0xAE77, 0xAE77, 0xAE77, 0xAE77, 0xAE77, 0xAE77, 0xAE77, 0xAE77, 0xAE77, 0xAE77,
    0xAE77, 0xAE77, 0xAE77, 0xAE77, 0xAE77, 0xAE77, 0xAE77, 0xAE77, 0xBED8, 0xBED8, 0xBEB8, 0xBED8, 0xBED8, 0xBED8, 0xBED8, 0xBED8,
    0xBED8, 0xBED8, 0xBEB8, 0xBEB8, 0xB697, 0xB697, 0xB697, 0xB697, 0xB697, 0xB697, 0xB697, 0xBE98, 0xB697, 0xB697, 0xB697, 0xB697,
    0xB697, 0xB697, 0xB697, 0xB697, 0xB697, 0xB697, 0xB697, 0xB697, 0xB697, 0xB697, 0xBE98, 0xBE98, 0xBE98, 0xBE98, 0xBEB8, 0xBEB8,
    0xBEB8, 0xBE98, 0xBE98, 0xBE98, 0xBE98, 0xBE98, 0xBE98, 0xBE98, 0xBE98, 0xBEB8, 0xBEB8, 0xBE98, 0xBE98, 0xBE98, 0xBE98, 0xB698,
    0xB698, 0xB698, 0xB698, 0xB698, 0xB698, 0xB698, 0xB698, 0xB698, 0xB6B8, 0xB698, 0xAE77, 0xAE77, 0xAE77, 0xAE77, 0xAE77, 0xAE77,
    0xAE77, 0xAE77, 0xAE77, 0xAE77, 0xAE97, 0xAE98, 0xAE77, 0xAE77, 0xAE77, 0xAE77, 0xAE77, 0xAE77, 0xAE77, 0xAE77, 0xAE97, 0xAE77,
    0xAE77, 0xAE77, 0xAE77, 0xAE77, 0xAE77, 0xAE77, 0xAE77, 0xAE77, 0xAE77, 0xAE77, 0xAE77, 0xAE77, 0xAE77, 0xAE77, 0xAE77, 0xAE77,
    0xAE77, 0xAE77, 0xAE77, 0xAE77, 0xAE77, 0xAE77, 0xAE77, 0xAE77, 0xAE77, 0xAE77, 0xAE77, 0xAE77, 0xAE77, 0xAE77, 0xAE77, 0xAE77,
    0xAE77, 0xAE77, 0xAE77, 0xAE77, 0xAE77, 0xAE77, 0xAE77, 0xAE77, 0xAE77, 0xAE77, 0xAE77, 0xAE77, 0xAE77, 0xAE77, 0xAE77, 0xAE77,
    0xAE77, 0xAE77, 0xAE77, 0xAE77, 0xAE77, 0xAE77, 0xAE77, 0xAE77, 0xAE77, 0xAE77, 0xAE77, 0xAE77, 0xAE77, 0xAE77, 0xAE77, 0xAE77,
    0xAE57, 0xAE57, 0xAE57, 0xAE57, 0xAE57, 0xAE57, 0xAE57, 0xAE77, 0xAE77, 0xAE77, 0xAE77, 0xAE77, 0xAE77, 0xAE77, 0xAE77, 0xAE77,
    0xAE77, 0xAE77, 0xAE77, 0xAE77, 0xBED8, 0xBEB8, 0xBEB7, 0xBED8, 0xBED8, 0xBEB8, 0xBEB8, 0xBEB7, 0xBEB7, 0xBEB7, 0xBEB7, 0xBEB7,
    0xB697, 0xB697, 0xB697, 0xB697, 0xB697, 0xB697, 0xB697, 0xB697, 0xB697, 0xB697, 0xB697, 0xB697, 0xB697, 0xB697, 0xB697, 0xB697,
    0xB697, 0xB697, 0xB697, 0xB697, 0xB697, 0xB697, 0xBE98, 0xBE98, 0xBE98, 0xBE98, 0xBE98, 0xBE98, 0xBE98, 0xBE98, 0xBE98, 0xBE98,
    0xBE98, 0xBE98, 0xBE98, 0xBE98, 0xBE98, 0xBE98, 0xBE98, 0xBE98, 0xBE98, 0xBE98, 0xBE98, 0xBE98, 0xB698, 0xB698, 0xB698, 0xB698,
    0xB698, 0xB698, 0xB677, 0xB698, 0xB698, 0xB677, 0xAE77, 0xAE57, 0xAE57, 0xAE57, 0xAE77, 0xAE77, 0xAE77, 0xAE57, 0xAE57, 0xAE77,
    0xAE77, 0xAE97, 0xAE77, 0xAE77, 0xAE77, 0xAE77, 0xAE77, 0xAE77, 0xAE77, 0xAE77, 0xAE77, 0xAE77, 0xAE77, 0xAE77, 0xAE77, 0xAE77,
    0xAE77, 0xAE77, 0xAE77, 0xAE77, 0xAE77, 0xAE77, 0xAE77, 0xAE77, 0xAE77, 0xAE77, 0xAE77, 0xAE77, 0xAE77, 0xAE77, 0xAE77, 0xAE77,
    0xAE77, 0xAE77, 0xAE77, 0xAE77, 0xAE77, 0xAE77, 0xAE77, 0xAE77, 0xAE77, 0xAE77, 0xAE77, 0xAE77, 0xAE77, 0xAE77, 0xAE77, 0xAE77,
    0xAE77, 0xAE77, 0xAE77, 0xAE77, 0xAE77, 0xAE77, 0xAE77, 0xAE77, 0xAE77, 0xAE77, 0xAE77, 0xAE77, 0xAE77, 0xAE77, 0xAE77, 0xAE77,
    0xAE77, 0xAE77, 0xAE77, 0xAE77, 0xAE77, 0xAE77, 0xAE77, 0xAE77, 0xAE77, 0xAE77, 0xAE77, 0xAE77, 0xAE77, 0xAE77, 0xAE77, 0xAE77,
    0xAE77, 0xAE77, 0xAE77, 0xAE77, 0xAE77, 0xAE77, 0xAE77, 0xAE77, 0xAE77, 0xAE77, 0xAE77, 0xAE77, 0xAE77, 0xAE77, 0xAE77, 0xAE77,
    0xBEB8, 0xBEB7, 0xBEB7, 0xBEB8, 0xBEB7, 0xB697, 0xB697, 0xB697, 0xB697, 0xB697, 0xB697, 0xB697, 0xB697, 0xB697, 0xB697, 0xB697,
    0xB697, 0xB697, 0xB697, 0xB697, 0xB697, 0xB697, 0xB697, 0xB697, 0xB697, 0xB697, 0xB697, 0xB697, 0xB697, 0xB697, 0xB697, 0xB697,
    0xB697, 0xB697, 0xBE98, 0xBE98, 0xBE98, 0xBE98, 0xBE98, 0xBE98, 0xBE98, 0xBE98, 0xBE98, 0xBE98, 0xBE98, 0xBE98, 0xBE98, 0xBE98,
    0xBE98, 0xBE98, 0xBE98, 0xBE98, 0xBE98, 0xBE98, 0xBE98, 0xB6B8, 0xB6B8, 0xB698, 0xB698, 0xB698, 0xB698, 0xB698, 0xB677, 0xB677,
    0xB698, 0xAE77, 0xAE77, 0xAE77, 0xAE77, 0xAE77, 0xAE77, 0xAE77, 0xAE77, 0xAE57, 0xAE57, 0xAE57, 0xAE77, 0xAE77, 0xAE77, 0xAE77,
    0xAE77, 0xAE77, 0xAE77, 0xAE77, 0xAE77, 0xAE77, 0xAE77, 0xAE77, 0xAE77, 0xAE77, 0xAE77, 0xAE77, 0xAE77, 0xAE77, 0xAE77, 0xAE77,
    0xAE77, 0xAE77, 0xAE77, 0xAE77, 0xAE77, 0xAE77, 0xAE77, 0xAE77, 0xAE77, 0xAE77, 0xAE77, 0xAE77, 0xAE77, 0xAE77, 0xAE77, 0xAE77,
    0xAE77, 0xAE77, 0xAE77, 0xAE77, 0xAE77, 0xAE77, 0xAE77, 0xAE77, 0xAE77, 0xAE77, 0xAE77, 0xAE77, 0xAE77, 0xAE77, 0xAE77, 0xAE77,
    0xAE77, 0xAE77, 0xAE77, 0xAE77, 0xAE77, 0xAE77, 0xAE77, 0xAE77, 0xAE77, 0xAE77, 0xAE77, 0xAE77, 0xAE77, 0xAE77, 0xAE77, 0xAE77,
    0xAE77, 0xAE77, 0xAE77, 0xAE77, 0xAE77, 0xAE77, 0xAE77, 0xAE77, 0xAE77, 0xAE77, 0xAE77, 0xAE77, 0xAE77, 0xAE77, 0xAE77, 0xAE77,
    0xAE77, 0xAE77, 0xAE77, 0xAE77, 0xAE77, 0xAE77, 0xAE77, 0xAE77, 0xAE77, 0xAE77, 0xAE77, 0xAE77, 0xBEB7, 0xBEB7, 0xB697, 0xBEB7,
    0xBEB7, 0xBEB7, 0xBEB7, 0xBEB7, 0xBEB7, 0xBEB8, 0xBED8, 0xBED8, 0xBEB8, 0xBE98, 0xBE98, 0xBE98, 0xBE98, 0xBE98, 0xBE98, 0xBE98,
    0xB697, 0xB697, 0xB697, 0xB697, 0xB697, 0xB697, 0xB697, 0xB697, 0xB697, 0xB697, 0xB697, 0xB697, 0xB697, 0xB697, 0xBE98, 0xBE98,
    0xBE98, 0xBE98, 0xBE98, 0xBE98, 0xBE98, 0xBE98, 0xBE98, 0xBE98, 0xBE98, 0xBE98, 0xBE98, 0xBE98, 0xBE98, 0xBE98, 0xBE98, 0xBE98,
    0xBE98, 0xBE98, 0xBE98, 0xBE98, 0xB698, 0xB698, 0xB698, 0xB698, 0xB698, 0xB698, 0xB677, 0xAE77, 0xB677, 0xAE77, 0xAE77, 0xAE77,
    0xAE77, 0xB677, 0xB698, 0xAE97, 0xAE97, 0xAE77, 0xAE77, 0xAE77, 0xAE77, 0xAE77, 0xAE57, 0xAE57, 0xAE57, 0xAE57, 0xAE57, 0xAE57,
    0xAE57, 0xAE77, 0xAE77, 0xAE77, 0xAE77, 0xAE77, 0xAE77, 0xAE77, 0xAE77, 0xAE77, 0xAE77, 0xAE77, 0xAE77, 0xAE77, 0xAE77, 0xAE77,
    0xAE77, 0xAE77, 0xAE77, 0xAE77, 0xAE77, 0xAE77, 0xAE77, 0xAE77, 0xAE77, 0xAE77, 0xAE77, 0xAE77, 0xAE77, 0xAE77, 0xAE77, 0xAE77,
    0xAE77, 0xAE77, 0xAE77, 0xAE77, 0xAE77, 0xAE77, 0xAE77, 0xAE77, 0xAE77, 0xAE77, 0xAE77, 0xAE77, 0xAE77, 0xAE77, 0xAE77, 0xAE77,
    0xAE77, 0xAE77, 0xAE77, 0xAE77, 0xAE77, 0xAE77, 0xAE77, 0xAE77, 0xAE77, 0xAE77, 0xAE77, 0xAE77, 0xAE77, 0xAE77, 0xAE77, 0xAE77,
    0xAE77, 0xAE77, 0xAE77, 0xAE77, 0xAE77, 0xAE77, 0xAE77, 0xAE77, 0xAE77, 0xAE77, 0xAE77, 0xAE77, 0xAE77, 0xAE77, 0xAE77, 0xAE77,
    0xAE77, 0xAE77, 0xAE77, 0xAE77, 0xAE77, 0xAE77, 0xAE77, 0xAE77, 0xBEB7, 0xB697, 0xB697, 0xBEB7, 0xBEB7, 0xBEB7, 0xBEB7, 0xBEB7,
    0xBEB8, 0xBED8, 0xBED8, 0xBED8, 0xBED8, 0xBEB8, 0xBEB8, 0xBEB8, 0xBEB8, 0xBEB8, 0xBEB8, 0xBE98, 0xB697, 0xB697, 0xB697, 0xB697,
    0xB697, 0xB697, 0xB697, 0xB697, 0xB697, 0xB697, 0xB697, 0xB697, 0xB697, 0xB697, 0xBE98, 0xBE98, 0xBE98, 0xBE98, 0xBE98, 0xBE98,
    0xBE98, 0xBE98, 0xBE98, 0xBE98, 0xBE98, 0xBE98, 0xBE98, 0xBE98, 0xBE98, 0xBE98, 0xBE98, 0xBE98, 0xBE98, 0xBE98, 0xBE98, 0xB6B8,
    0xB6B8, 0xB698, 0xB698, 0xB698, 0xB698, 0xB698, 0xB677, 0xAE77, 0xB677, 0xAE77, 0xAE77, 0xAE77, 0xAE77, 0xB677, 0xB698, 0xB6B8,
    0xB698, 0xB698, 0xAE98, 0xAE97, 0xAE77, 0xAE77, 0xAE77, 0xAE77, 0xAE77, 0xAE77, 0xAE77, 0xAE77, 0xAE77, 0xAE77, 0xAE77, 0xAE77,
    0xAE77, 0xAE77, 0xAE77, 0xAE77, 0xAE77, 0xAE77, 0xAE77, 0xAE77, 0xAE77, 0xAE77, 0xAE77, 0xAE77, 0xAE77, 0xAE77, 0xAE77, 0xAE77,
    0xAE77, 0xAE77, 0xAE77, 0xAE77, 0xAE77, 0xAE77, 0xAE77, 0xAE77, 0xAE77, 0xAE77, 0xAE77, 0xAE77, 0xAE77, 0xAE77, 0xAE77, 0xAE77,
    0xAE77, 0xAE77, 0xAE77, 0xAE77, 0xAE77, 0xAE77, 0xAE77, 0xAE77, 0xAE77, 0xAE77, 0xAE77, 0xAE77, 0xAE77, 0xAE77, 0xAE77, 0xAE77,
    0xAE77, 0xAE77, 0xAE77, 0xAE77, 0xAE77, 0xAE77, 0xAE77, 0xAE77, 0xAE77, 0xAE77, 0xAE77, 0xAE77, 0xAE77, 0xAE77, 0xAE77, 0xAE77,
    0xAE77, 0xAE77, 0xAE77, 0xAE77, 0xAE77, 0xAE77, 0xAE77, 0xAE77, 0xAE77, 0xAE77, 0xAE77, 0xAE77, 0xAE77, 0xAE77, 0xAE77, 0xAE77,
    0xAE77, 0xAE77, 0xAE77, 0xAE77, 0xBEB7, 0xB697, 0xB697, 0xBEB7, 0xBEB7, 0xB697, 0xB697, 0xB697, 0xB697, 0xB697, 0xBEB7, 0xBEB7,
    0xBEB8, 0xBEB8, 0xBEB8, 0xBEB8, 0xBEB8, 0xBEB8, 0xBEB8, 0xBE98, 0xB697, 0xB697, 0xB697, 0xB697, 0xB697, 0xB697, 0xB697, 0xB697,
    0xB697, 0xB697, 0xB697, 0xB697, 0xB697, 0xB697, 0xBE98, 0xBE98, 0xBE98, 0xBE98, 0xBE98, 0xBE98, 0xBE98, 0xBE98, 0xBE98, 0xBE98,
    0xBE98, 0xBE98, 0xBE98, 0xBE98, 0xBE98, 0xBE98, 0xBE98, 0xBE98, 0xBE98, 0xBE98, 0xBE98, 0xBE98, 0xB698, 0xB698, 0xB698, 0xB698,
    0xB698, 0xB698, 0xB677, 0xB677, 0xB698, 0xAE77, 0xAE77, 0xAE77, 0xAE77, 0xAE77, 0xB677, 0xB698, 0xB698, 0xB698, 0xB6B8, 0xB698,
    0xAE98, 0xAE97, 0xB698, 0xB698, 0xB698, 0xB698, 0xB698, 0xB698, 0xB698, 0xAE98, 0xAE77, 0xAE77, 0xAE77, 0xAE77, 0xAE77, 0xAE77,
    0xAE77, 0xAE77, 0xAE77, 0xAE77, 0xAE77, 0xAE77, 0xAE77, 0xAE77, 0xAE77, 0xAE77, 0xAE77, 0xAE77, 0xAE77, 0xAE77, 0xAE77, 0xAE77,
    0xAE77, 0xAE77, 0xAE77, 0xAE77, 0xAE77, 0xAE77, 0xAE77, 0xAE77, 0xAE77, 0xAE77, 0xAE77, 0xAE77, 0xAE77, 0xAE77, 0xAE77, 0xAE77,
    0xAE77, 0xAE77, 0xAE77, 0xAE77, 0xAE77, 0xAE77, 0xAE77, 0xAE77, 0xAE77, 0xAE77, 0xAE77, 0xAE77, 0xAE77, 0xAE77, 0xAE77, 0xAE77,
    0xAE77, 0xAE77, 0xAE77, 0xAE77, 0xAE77, 0xAE77, 0xAE77, 0xAE77, 0xAE77, 0xAE77, 0xAE77, 0xAE77, 0xAE77, 0xAE77, 0xAE77, 0xAE77,
    0xAE77, 0xAE77, 0xAE77, 0xAE77, 0xAE77, 0xAE77, 0xAE77, 0xAE77, 0xAE77, 0xAE77, 0xAE77, 0xAE77, 0xAE77, 0xAE77, 0xAE77, 0xAE77,
    0xBEB7, 0xBEB7, 0xB697, 0xBEB7, 0xBEB7, 0xBEB7, 0xBEB7, 0xBEB7, 0xBEB7, 0xB697, 0xB697, 0xB697, 0xBEB7, 0xBEB8, 0xBEB8, 0xBEB8,
    0xBEB8, 0xBEB8, 0xBEB8, 0xBE98, 0xB697, 0xB697, 0xB697, 0xB697, 0xB697, 0xB697, 0xB697, 0xB697, 0xB697, 0xB697, 0xB697, 0xB697,
    0xB697, 0xB697, 0xBE98, 0xBE98, 0xBE98, 0xBE98, 0xBE98, 0xBE98, 0xBE98, 0xBE98, 0xBE98, 0xBE98, 0xBE98, 0xBE98, 0xBE98, 0xBE98,
    0xBE98, 0xBE98, 0xBE98, 0xBE98, 0xBE98, 0xBE98, 0xBE98, 0xB6B8, 0xB6B8, 0xB698, 0xB698, 0xB698, 0xB698, 0xB698, 0xB677, 0xB698,
    0xB698, 0xB677, 0xAE77, 0xAE57, 0xAE57, 0xAE77, 0xAE77, 0xAE77, 0xAE77, 0xAE98, 0xB698, 0xAE98, 0xAE97, 0xAE77, 0xB698, 0xB698,
    0xB698, 0xB698, 0xB698, 0xB698, 0xB698, 0xAE97, 0xAE77, 0xAE77, 0xAE77, 0xAE77, 0xAE77, 0xAE77, 0xAE77, 0xAE77, 0xAE77, 0xAE77,
    0xAE77, 0xAE77, 0xAE77, 0xAE77, 0xAE77, 0xAE77, 0xAE77, 0xAE77, 0xAE77, 0xAE77, 0xAE77, 0xAE77, 0xAE77, 0xAE77, 0xAE77, 0xAE77,
    0xAE77, 0xAE77, 0xAE77, 0xAE77, 0xAE77, 0xAE77, 0xAE77, 0xAE77, 0xAE77, 0xAE77, 0xAE77, 0xAE77, 0xAE77, 0xAE77, 0xAE77, 0xAE77,
    0xAE77, 0xAE77, 0xAE77, 0xAE77, 0xAE77, 0xAE77, 0xAE77, 0xAE77, 0xAE77, 0xAE77, 0xAE77, 0xAE77, 0xAE77, 0xAE77, 0xAE77, 0xAE77,
    0xAE77, 0xAE77, 0xAE77, 0xAE77, 0xAE77, 0xAE77, 0xAE77, 0xAE77, 0xAE77, 0xAE77, 0xAE77, 0xAE77, 0xAE77, 0xAE77, 0xAE77, 0xAE77,
    0xAE77, 0xAE77, 0xAE77, 0xAE77, 0xAE77, 0xAE77, 0xAE77, 0xAE77, 0xAE77, 0xAE77, 0xAE77, 0xAE77, 0xBEB8, 0xBEB7, 0xBEB7, 0xBEB7,
    0xBED8, 0xC6F8, 0xBED8, 0xBED8, 0xBED8, 0xBED8, 0xBEB8, 0xBEB8, 0xB697, 0xB697, 0xB697, 0xB697, 0xB697, 0xB697, 0xB697, 0xB697,
    0xB697, 0xB697, 0xB697, 0xB697, 0xB697, 0xB697, 0xB697, 0xB697, 0xB697, 0xB697, 0xB697, 0xB697, 0xB697, 0xB697, 0xBE98, 0xBE98,
    0xBE98, 0xBE98, 0xBE98, 0xBE98, 0xBE98, 0xBE98, 0xBE98, 0xBE98, 0xBE98, 0xBE98, 0xBE98, 0xBE98, 0xBE98, 0xBE98, 0xBE98, 0xBE98,
    0xBE98, 0xBE98, 0xBE98, 0xBE98, 0xB6B8, 0xB698, 0xB678, 0xB678, 0xB698, 0xB698, 0xB677, 0xB698, 0xB698, 0xB678, 0xB677, 0xAE57,
    0xAE57, 0xAE57, 0xAE57, 0xA656, 0xAE57, 0xAE77, 0xAE97, 0xAE97, 0xAE77, 0xAE77, 0xAE77, 0xAE77, 0xAE77, 0xAE77, 0xAE77, 0xAE77,
    0xAE77, 0xAE77, 0xAE77, 0xAE77, 0xAE77, 0xAE77, 0xAE77, 0xAE77, 0xAE77, 0xAE77, 0xAE77, 0xAE77, 0xAE77, 0xAE77, 0xAE77, 0xAE77,
    0xAE77, 0xAE77, 0xAE77, 0xAE77, 0xAE77, 0xAE77, 0xAE77, 0xAE77, 0xAE77, 0xAE77, 0xAE77, 0xAE77, 0xAE77, 0xAE77, 0xAE77, 0xAE77,
    0xAE77, 0xAE77, 0xAE77, 0xAE77, 0xAE77, 0xAE77, 0xAE77, 0xAE77, 0xAE77, 0xAE77, 0xAE77, 0xAE77, 0xAE77, 0xAE77, 0xAE77, 0xAE77,
    0xAE77, 0xAE77, 0xAE77, 0xAE77, 0xAE77, 0xAE77, 0xAE77, 0xAE77, 0xAE77, 0xAE77, 0xAE77, 0xAE77, 0xAE77, 0xAE77, 0xAE77, 0xAE77,
    0xAE77, 0xAE77, 0xAE77, 0xAE77, 0xAE77, 0xAE77, 0xAE77, 0xAE77, 0xAE77, 0xAE77, 0xAE77, 0xAE77, 0xAE77, 0xAE77, 0xAE77, 0xAE77,
    0xAE77, 0xAE77, 0xAE77, 0xAE77, 0xAE77, 0xAE77, 0xAE77, 0xAE77, 0xBED8, 0xBEB7, 0xBEB7, 0xBEB7, 0xBEB7, 0xBEB7, 0xBED8, 0xBED8,
    0xBED8, 0xBEB8, 0xBED8, 0xC6F8, 0xBEB7, 0xBE98, 0xBE98, 0xBE98, 0xBE98, 0xBE98, 0xBE98, 0xBE98, 0xBE98, 0xBE98, 0xBE98, 0xBE98,
    0xBE98, 0xBE98, 0xBE98, 0xB697, 0xB697, 0xB697, 0xB697, 0xB697, 0xB697, 0xB697, 0xBE98, 0xBE98, 0xBE98, 0xBE98, 0xBE98, 0xBE98,
    0xBE98, 0xBE98, 0xBE98, 0xBE98, 0xBE98, 0xBE98, 0xBE98, 0xBE98, 0xBE98, 0xB697, 0xB697, 0xB697, 0xB677, 0xB677, 0xB677, 0xB677,
    0xAE56, 0xAE77, 0xB677, 0xB697, 0xBEB8, 0xBEB8, 0xBED8, 0xBEB8, 0xB697, 0xB697, 0xB677, 0xAE77, 0xAE56, 0xAE56, 0xAE57, 0xB677,
    0xAE77, 0xAE77, 0xAE77, 0xAE77, 0xAE77, 0xAE77, 0xA656, 0xAE57, 0xAE97, 0xAE97, 0xAE77, 0xA657, 0xA656, 0xAE77, 0xAE78, 0xAE77,
    0xAE77, 0xAE77, 0xAE77, 0xAE77, 0xAE77, 0xAE57, 0xAE57, 0xAE57, 0xAE57, 0xAE57, 0xAE57, 0xAE57, 0xAE57, 0xAE57, 0xAE57, 0xAE57,
    0xAE57, 0xAE57, 0xAE57, 0xAE57, 0xAE57, 0xAE57, 0xAE57, 0xAE57, 0xAE57, 0xAE57, 0xAE57, 0xAE77, 0xAE77, 0xAE77, 0xAE77, 0xAE77,
    0xAE77, 0xAE77, 0xAE77, 0xAE77, 0xAE77, 0xAE77, 0xAE77, 0xAE77, 0xAE77, 0xAE77, 0xAE77, 0xAE77, 0xAE77, 0xAE77, 0xAE77, 0xAE77,
    0xAE77, 0xAE77, 0xAE77, 0xAE77, 0xAE77, 0xAE77, 0xAE77, 0xAE77, 0xAE77, 0xAE77, 0xAE77, 0xAE77, 0xAE77, 0xAE77, 0xAE77, 0xAE77,
    0xAE77, 0xAE77, 0xAE77, 0xAE77, 0xAE77, 0xAE77, 0xAE77, 0xAE57, 0xAE57, 0xAE57, 0xAE57, 0xAE57, 0xAE57, 0xAE57, 0xAE57, 0xAE57,
    0xAE57, 0xAE57, 0xAE57, 0xAE57, 0xBED8, 0xBEB7, 0xBEB7, 0xBEB7, 0xBEB8, 0xBEB8, 0xBED8, 0xBED8, 0xBEB8, 0xBEB7, 0xBEB7, 0xBED8,
    0xBE98, 0xBE98, 0xBE98, 0xBE98, 0xBE98, 0xBE98, 0xBE98, 0xB697, 0xB697, 0xB697, 0xB697, 0xB697, 0xB697, 0xB697, 0xB697, 0xB697,
    0xB697, 0xB697, 0xB697, 0xB697, 0xB697, 0xB697, 0xBE98, 0xBE98, 0xBE98, 0xBE98, 0xBE98, 0xBE98, 0xBE98, 0xBE98, 0xBE98, 0xBE98,
    0xBE98, 0xBE98, 0xBE98, 0xBE98, 0xBE98, 0xB697, 0xB697, 0xB697, 0xB697, 0xB677, 0xB677, 0xB677, 0xB697, 0xB697, 0xB697, 0xBE98,
    0xBEB8, 0xBEB8, 0xBEB8, 0xB697, 0xB677, 0xB697, 0xB697, 0xB697, 0xB677, 0xB657, 0xAE57, 0xB678, 0xB677, 0xAE77, 0xAE77, 0xAE77,
    0xAE77, 0xAE77, 0xA657, 0xAE57, 0xAE77, 0xA677, 0xA677, 0xA677, 0xAE97, 0xAE97, 0xAE77, 0xAE77, 0xAE77, 0xAE77, 0xAE77, 0xAE77,
    0xAE77, 0xAE57, 0xAE57, 0xAE57, 0xAE57, 0xAE57, 0xAE57, 0xAE57, 0xAE57, 0xAE57, 0xAE57, 0xAE57, 0xAE57, 0xAE57, 0xAE57, 0xAE57,
    0xAE57, 0xAE57, 0xAE57, 0xAE57, 0xAE57, 0xAE57, 0xAE57, 0xAE77, 0xAE77, 0xAE77, 0xAE77, 0xAE77, 0xAE77, 0xAE77, 0xAE77, 0xAE77,
    0xAE77, 0xAE77, 0xAE77, 0xAE77, 0xAE77, 0xAE77, 0xAE77, 0xAE77, 0xAE77, 0xAE77, 0xAE77, 0xAE77, 0xAE77, 0xAE77, 0xAE77, 0xAE77,
    0xAE77, 0xAE77, 0xAE77, 0xAE77, 0xAE77, 0xAE77, 0xAE77, 0xAE77, 0xAE77, 0xAE77, 0xAE77, 0xAE77, 0xAE77, 0xAE77, 0xAE77, 0xAE77,
    0xAE77, 0xAE77, 0xAE77, 0xAE57, 0xAE57, 0xAE57, 0xAE57, 0xAE57, 0xAE57, 0xAE57, 0xAE57, 0xAE57, 0xAE57, 0xAE57, 0xAE57, 0xAE57,
    0xBED8, 0xBEB7, 0xBEB7, 0xBEB7, 0xBEB8, 0xBED8, 0xBED8, 0xBED8, 0xBEB7, 0xB697, 0xB697, 0xBEB7, 0xBEB7, 0xBE98, 0xBE98, 0xBE98,
    0xBE98, 0xBE98, 0xBE98, 0xB697, 0xB697, 0xB697, 0xB697, 0xB697, 0xB697, 0xB697, 0xB697, 0xB697, 0xB697, 0xB697, 0xB697, 0xB697,
    0xB697, 0xB697, 0xBE98, 0xBE98, 0xBE98, 0xBE98, 0xBE98, 0xBE98, 0xBE98, 0xBE98, 0xBE98, 0xBE98, 0xBE98, 0xBE98, 0xBE98, 0xBE98,
    0xBE98, 0xB697, 0xB697, 0xB697, 0xB697, 0xB697, 0xB677, 0xB677, 0xBEB8, 0xBED8, 0xBEB8, 0xBEB8, 0xBEB8, 0xBEB8, 0xBE98, 0xB677,
    0xB677, 0xB697, 0xBEB8, 0xBEB8, 0xB697, 0xB677, 0xAE56, 0xB698, 0xB698, 0xB698, 0xAE77, 0xAE77, 0xAE57, 0xAE57, 0xA657, 0xAE57,
    0xA657, 0xA656, 0xA656, 0xAE77, 0xB6B8, 0xAEB8, 0xAE77, 0xAE77, 0xAE77, 0xAE77, 0xAE77, 0xAE77, 0xAE77, 0xAE57, 0xAE57, 0xAE57,
    0xAE57, 0xAE57, 0xAE57, 0xAE57, 0xAE57, 0xAE57, 0xAE57, 0xAE57, 0xAE57, 0xAE57, 0xAE57, 0xAE57, 0xAE57, 0xAE57, 0xAE57, 0xAE57,
    0xAE57, 0xAE57, 0xAE57, 0xAE77, 0xAE77, 0xAE77, 0xAE77, 0xAE77, 0xAE77, 0xAE77, 0xAE77, 0xAE77, 0xAE77, 0xAE77, 0xAE77, 0xAE77,
    0xAE77, 0xAE77, 0xAE77, 0xAE77, 0xAE77, 0xAE77, 0xAE77, 0xAE77, 0xAE77, 0xAE77, 0xAE77, 0xAE77, 0xAE77, 0xAE77, 0xAE77, 0xAE77,
    0xAE77, 0xAE77, 0xAE77, 0xAE77, 0xAE77, 0xAE77, 0xAE77, 0xAE77, 0xAE77, 0xAE77, 0xAE77, 0xAE77, 0xAE77, 0xAE77, 0xAE77, 0xAE57,
    0xAE57, 0xAE57, 0xAE57, 0xAE57, 0xAE57, 0xAE57, 0xAE57, 0xAE57, 0xAE57, 0xAE57, 0xAE57, 0xAE57, 0xBEB8, 0xBEB7, 0xB697, 0xBEB7,
    0xBEB7, 0xBEB7, 0xBEB8, 0xBEB7, 0xBEB7, 0xB697, 0xB697, 0xB697, 0xBE98, 0xBE98, 0xBE98, 0xBE98, 0xBE98, 0xBE98, 0xBE98, 0xB697,
    0xB697, 0xB697, 0xB697, 0xB697, 0xB697, 0xB697, 0xB697, 0xB697, 0xB697, 0xB697, 0xB697, 0xB697, 0xB697, 0xB697, 0xBE98, 0xBE98,
    0xBE98, 0xBE98, 0xBE98, 0xBE98, 0xBE98, 0xBE98, 0xBE98, 0xBE98, 0xBE98, 0xBE98, 0xBE98, 0xBE98, 0xBE98, 0xB697, 0xB697, 0xB697,
    0xB697, 0xB697, 0xB697, 0xB697, 0xBEB8, 0xBEB8, 0xBEB8, 0xBEB8, 0xBEB8, 0xBE98, 0xB697, 0xB677, 0xB677, 0xB697, 0xBE98, 0xBEB8,
    0xBE98, 0xB697, 0xB697, 0xBEB8, 0xB698, 0xB698, 0xB677, 0xAE77, 0xAE57, 0xAE57, 0xAE57, 0xAE57, 0xA677, 0xAE77, 0xA677, 0xAE77,
    0xAEB8, 0xAE98, 0xAE77, 0xAE77, 0xAE77, 0xAE77, 0xAE77, 0xAE77, 0xAE77, 0xAE57, 0xAE57, 0xAE57, 0xAE57, 0xAE57, 0xAE57, 0xAE57,
    0xAE57, 0xAE57, 0xAE57, 0xAE57, 0xAE57, 0xAE57, 0xAE57, 0xAE57, 0xAE57, 0xAE57, 0xAE57, 0xAE57, 0xAE57, 0xAE57, 0xAE57, 0xAE77,
    0xAE77, 0xAE77, 0xAE77, 0xAE77, 0xAE77, 0xAE77, 0xAE77, 0xAE77, 0xAE77, 0xAE77, 0xAE77, 0xAE77, 0xAE77, 0xAE77, 0xAE77, 0xAE77,
    0xAE77, 0xAE77, 0xAE77, 0xAE77, 0xAE77, 0xAE77, 0xAE77, 0xAE77, 0xAE77, 0xAE77, 0xAE77, 0xAE77, 0xAE77, 0xAE77, 0xAE77, 0xAE77,
    0xAE77, 0xAE77, 0xAE77, 0xAE77, 0xAE77, 0xAE77, 0xAE77, 0xAE77, 0xAE77, 0xAE77, 0xAE77, 0xAE57, 0xAE57, 0xAE57, 0xAE57, 0xAE57,
    0xAE57, 0xAE57, 0xAE57, 0xAE57, 0xAE57, 0xAE57, 0xAE57, 0xAE57, 0xBEB8, 0xBEB7, 0xB697, 0xBEB7, 0xBEB7, 0xB697, 0xB697, 0xB697,
    0xBEB7, 0xBEB7, 0xBEB7, 0xBEB7, 0xBEB7, 0xBE98, 0xBE98, 0xBE98, 0xBE98, 0xBE98, 0xBE98, 0xB697, 0xB697, 0xB697, 0xB697, 0xB697,
    0xB697, 0xB697, 0xB697, 0xB697, 0xB697, 0xB697, 0xB697, 0xB697, 0xB697, 0xB697, 0xBE98, 0xBE98, 0xBE98, 0xBE98, 0xBE98, 0xBE98,
    0xBE98, 0xBE98, 0xBE98, 0xBE98, 0xBE98, 0xBE98, 0xBE98, 0xBE98, 0xBE98, 0xB697, 0xB697, 0xB697, 0xB697, 0xB697, 0xB697, 0xB697,
    0xB697, 0xB697, 0xB697, 0xB697, 0xB697, 0xBE98, 0xBE98, 0xBEB8, 0xBEB8, 0xB697, 0xB677, 0xB677, 0xB697, 0xBE98, 0xBEB8, 0xBEB8,
    0xB698, 0xB698, 0xB677, 0xAE77, 0xAE57, 0xAE57, 0xAE57, 0xAE77, 0xAE98, 0xAE98, 0xAE97, 0xA677, 0xA677, 0xAE77, 0xAE77, 0xAE77,
    0xAE77, 0xAE77, 0xAE77, 0xAE77, 0xAE77, 0xAE57, 0xAE57, 0xAE57, 0xAE57, 0xAE57, 0xAE57, 0xAE57, 0xAE57, 0xAE57, 0xAE57, 0xAE57,
    0xAE57, 0xAE57, 0xAE57, 0xAE57, 0xAE57, 0xAE57, 0xAE57, 0xAE57, 0xAE57, 0xAE57, 0xAE57, 0xAE77, 0xAE77, 0xAE77, 0xAE77, 0xAE77,
    0xAE77, 0xAE77, 0xAE77, 0xAE77, 0xAE77, 0xAE77, 0xAE77, 0xAE77, 0xAE77, 0xAE77, 0xAE77, 0xAE77, 0xAE77, 0xAE77, 0xAE77, 0xAE77,
    0xAE77, 0xAE77, 0xAE77, 0xAE77, 0xAE77, 0xAE77, 0xAE77, 0xAE77, 0xAE77, 0xAE77, 0xAE77, 0xAE77, 0xAE77, 0xAE77, 0xAE77, 0xAE77,
    0xAE77, 0xAE77, 0xAE77, 0xAE77, 0xAE77, 0xAE77, 0xAE77, 0xAE57, 0xAE57, 0xAE57, 0xAE57, 0xAE57, 0xAE57, 0xAE57, 0xAE57, 0xAE57,
    0xAE57, 0xAE57, 0xAE57, 0xAE57, 0xBEB7, 0xB697, 0xB697, 0xBEB7, 0xBEB7, 0xB697, 0xB697, 0xB697, 0xBEB7, 0xBED8, 0xBED8, 0xBEB7,
    0xBE98, 0xBE98, 0xBE98, 0xBE98, 0xBE98, 0xBE98, 0xBE98, 0xB697, 0xB697, 0xB697, 0xB697, 0xB697, 0xB697, 0xB697, 0xB697, 0xB697,
    0xB697, 0xB697, 0xB697, 0xB697, 0xB697, 0xB697, 0xBE98, 0xBE98, 0xBE98, 0xBE98, 0xBE98, 0xBE98, 0xBE98, 0xBE98, 0xBE98, 0xBE98,
    0xBE98, 0xBE98, 0xBE98, 0xBE98, 0xBE98, 0xB697, 0xB697, 0xB697, 0xBE98, 0xBE98, 0xBEB8, 0xBEB8, 0xB677, 0xB677, 0xB677, 0xB697,
    0xB697, 0xBEB8, 0xBEB8, 0xBEB8, 0xBEB8, 0xB697, 0xB677, 0xB677, 0xB677, 0xB697, 0xBEB8, 0xB698, 0xB698, 0xB698, 0xAE77, 0xAE77,
    0xAE57, 0xAE57, 0xAE57, 0xAE77, 0xAEB8, 0xB6B8, 0xAE97, 0xA677, 0xA677, 0xA677, 0xAE77, 0xAE77, 0xAE77, 0xAE77, 0xAE77, 0xAE77,
    0xAE77, 0xAE57, 0xAE57, 0xAE57, 0xAE57, 0xAE57, 0xAE57, 0xAE57, 0xAE57, 0xAE57, 0xAE57, 0xAE57, 0xAE57, 0xAE57, 0xAE57, 0xAE57,
    0xAE57, 0xAE57, 0xAE57, 0xAE57, 0xAE57, 0xAE57, 0xAE57, 0xAE77, 0xAE77, 0xAE77, 0xAE77, 0xAE77, 0xAE77, 0xAE77, 0xAE77, 0xAE77,
    0xAE77, 0xAE77, 0xAE77, 0xAE77, 0xAE77, 0xAE77, 0xAE77, 0xAE77, 0xAE77, 0xAE77, 0xAE77, 0xAE77, 0xAE77, 0xAE77, 0xAE77, 0xAE77,
    0xAE77, 0xAE77, 0xAE77, 0xAE77, 0xAE77, 0xAE77, 0xAE77, 0xAE77, 0xAE77, 0xAE77, 0xAE77, 0xAE77, 0xAE77, 0xAE77, 0xAE77, 0xAE77,
    0xAE77, 0xAE77, 0xAE77, 0xAE57, 0xAE57, 0xAE57, 0xAE57, 0xAE57, 0xAE57, 0xAE57, 0xAE57, 0xAE57, 0xAE57, 0xAE57, 0xAE57, 0xAE57,
    0xBEB7, 0xB697, 0xB697, 0xB697, 0xBEB7, 0xBEB8, 0xBEB7, 0xB697, 0xBEB7, 0xBED8, 0xBEB7, 0xB697, 0xBEB7, 0xBE98, 0xBE98, 0xBE98,
    0xBE98, 0xBE98, 0xBE98, 0xB697, 0xB697, 0xB697, 0xB697, 0xB697, 0xB697, 0xB697, 0xB697, 0xB697, 0xB697, 0xB697, 0xB697, 0xB697,
    0xB697, 0xB697, 0xBE98, 0xBE98, 0xBE98, 0xBE98, 0xBE98, 0xBE98, 0xBE98, 0xBE98, 0xBE98, 0xBE98, 0xBE98, 0xBE98, 0xBE98, 0xBE98,
    0xBE98, 0xB697, 0xB697, 0xB697, 0xBE98, 0xBEB8, 0xBEB8, 0xBEB8, 0xB697, 0xB697, 0xB697, 0xBE98, 0xBEB8, 0xBEB8, 0xBEB8, 0xBEB8,
    0xBEB8, 0xB697, 0xB677, 0xB677, 0xB677, 0xB677, 0xB677, 0xB677, 0xB677, 0xAE77, 0xAE77, 0xAE77, 0xAE77, 0xAE77, 0xAE57, 0xAE77,
    0xAE97, 0xAE97, 0xAE77, 0xAE97, 0xAE98, 0xAE97, 0xAE77, 0xAE77, 0xAE77, 0xAE77, 0xAE77, 0xAE77, 0xAE77, 0xAE57, 0xAE57, 0xAE57,
    0xAE57, 0xAE57, 0xAE57, 0xAE57, 0xAE57, 0xAE57, 0xAE57, 0xAE57, 0xAE57, 0xAE57, 0xAE57, 0xAE57, 0xAE57, 0xAE57, 0xAE57, 0xAE57,
    0xAE57, 0xAE57, 0xAE57, 0xAE77, 0xAE77, 0xAE77, 0xAE77, 0xAE77, 0xAE77, 0xAE77, 0xAE77, 0xAE77, 0xAE77, 0xAE77, 0xAE77, 0xAE77,
    0xAE77, 0xAE77, 0xAE77, 0xAE77, 0xAE77, 0xAE77, 0xAE77, 0xAE77, 0xAE77, 0xAE77, 0xAE77, 0xAE77, 0xAE77, 0xAE77, 0xAE77, 0xAE77,
    0xAE77, 0xAE77, 0xAE77, 0xAE77, 0xAE77, 0xAE77, 0xAE77, 0xAE77, 0xAE77, 0xAE77, 0xAE77, 0xAE77, 0xAE77, 0xAE77, 0xAE77, 0xAE57,
    0xAE57, 0xAE57, 0xAE57, 0xAE57, 0xAE57, 0xAE57, 0xAE57, 0xAE57, 0xAE57, 0xAE57, 0xAE57, 0xAE57, 0xBEB7, 0xBEB7, 0xB697, 0xB697,
    0xBEB7, 0xBED8, 0xBEB7, 0xBEB7, 0xBEB7, 0xBEB7, 0xBEB7, 0xB697, 0xBE97, 0xBE98, 0xBE98, 0xBE98, 0xBE98, 0xBE98, 0xBE98, 0xBE98,
    0xBE98, 0xBE98, 0xBE98, 0xBE98, 0xBEB8, 0xBEB8, 0xBEB8, 0xB697, 0xB697, 0xB697, 0xB697, 0xB697, 0xB697, 0xB697, 0xBE98, 0xBE98,
    0xBE98, 0xBE98, 0xBE98, 0xB697, 0xB697, 0xB697, 0xB697, 0xBE98, 0xBEB8, 0xBEB8, 0xBEB8, 0xBEB8, 0xBEB8, 0xB697, 0xB697, 0xB697,
    0xBEB8, 0xBEB8, 0xBEB8, 0xBEB8, 0xBEB8, 0xBEB8, 0xBEB8, 0xBEB8, 0xBEB8, 0xBEB8, 0xBEB8, 0xBE98, 0xB697, 0xBE98, 0xB697, 0xB697,
    0xB677, 0xB677, 0xB677, 0xB677, 0xB677, 0xAE77, 0xAE77, 0xAE77, 0xAE77, 0xAE77, 0xAE77, 0xAE77, 0xAE77, 0xA677, 0xA677, 0xAE98,
    0xB6D8, 0xB698, 0xAE57, 0xAE57, 0xAE57, 0xAE57, 0xAE57, 0xAE57, 0xAE57, 0xAE57, 0xAE57, 0xAE57, 0xAE57, 0xAE57, 0xAE57, 0xAE57,
    0xAE57, 0xAE57, 0xAE57, 0xAE57, 0xAE57, 0xAE57, 0xAE57, 0xAE57, 0xAE57, 0xAE57, 0xAE57, 0xAE57, 0xAE57, 0xAE57, 0xAE57, 0xAE77,
    0xAE77, 0xAE77, 0xAE77, 0xAE77, 0xAE77, 0xAE77, 0xAE77, 0xAE77, 0xAE77, 0xAE77, 0xAE77, 0xAE77, 0xAE77, 0xAE77, 0xAE77, 0xAE77,
    0xAE77, 0xAE77, 0xAE77, 0xAE77, 0xAE77, 0xAE77, 0xAE77, 0xAE77, 0xAE77, 0xAE77, 0xAE77, 0xAE77, 0xAE77, 0xAE77, 0xAE77, 0xAE77,
    0xAE77, 0xAE77, 0xAE77, 0xAE77, 0xAE77, 0xAE77, 0xAE77, 0xAE77, 0xAE77, 0xAE77, 0xAE77, 0xAE57, 0xAE57, 0xAE57, 0xAE57, 0xAE57,
    0xAE57, 0xAE57, 0xAE57, 0xAE57, 0xAE57, 0xAE57, 0xAE57, 0xAE57, 0xBED8, 0xBEB7, 0xBEB7, 0xB697, 0xB697, 0xBEB7, 0xBEB7, 0xBEB7,
    0xBEB7, 0xBEB7, 0xBEB7, 0xBEB7, 0xB697, 0xB697, 0xB697, 0xB697, 0xB697, 0xB697, 0xB697, 0xBEB8, 0xBEB8, 0xB697, 0xB697, 0xBE98,
    0xBEB8, 0xBED8, 0xBEB8, 0xBE98, 0xBE98, 0xB697, 0xB697, 0xB697, 0xB697, 0xB697, 0xBEB8, 0xBEB8, 0xBE98, 0xB697, 0xB697, 0xB697,
    0xB697, 0xB677, 0xB697, 0xBEB8, 0xBEB8, 0xBEB8, 0xBEB8, 0xBEB8, 0xBEB8, 0xBEB8, 0xBE98, 0xBEB8, 0xBE98, 0xB697, 0xB697, 0xB697,
    0xB697, 0xB697, 0xB697, 0xBE98, 0xBE98, 0xB697, 0xB677, 0xB677, 0xB697, 0xBE98, 0xB697, 0xB677, 0xB677, 0xB677, 0xB697, 0xB698,
    0xB698, 0xB698, 0xB698, 0xAE77, 0xAE77, 0xAE77, 0xA657, 0xA657, 0xA677, 0xAE77, 0xAE97, 0xAE98, 0xAEB8, 0xAE97, 0xAE77, 0xAE77,
    0xAE77, 0xAE77, 0xAE77, 0xAE77, 0xAE77, 0xAE57, 0xAE57, 0xAE57, 0xAE57, 0xAE57, 0xAE57, 0xAE57, 0xAE57, 0xAE57, 0xAE57, 0xAE57,
    0xAE57, 0xAE57, 0xAE57, 0xAE57, 0xAE57, 0xAE57, 0xAE57, 0xAE57, 0xAE57, 0xAE57, 0xAE57, 0xAE57, 0xAE57, 0xAE57, 0xAE57, 0xAE57,
    0xAE57, 0xAE57, 0xAE57, 0xAE57, 0xAE57, 0xAE57, 0xAE57, 0xAE57, 0xAE57, 0xAE57, 0xAE57, 0xAE57, 0xAE57, 0xAE57, 0xAE57, 0xAE57,
    0xAE57, 0xAE57, 0xAE57, 0xAE57, 0xAE57, 0xAE57, 0xAE57, 0xAE57, 0xAE57, 0xAE57, 0xAE57, 0xAE57, 0xAE57, 0xAE57, 0xAE57, 0xAE57,
    0xAE57, 0xAE57, 0xAE57, 0xAE57, 0xAE57, 0xAE57, 0xAE57, 0xAE57, 0xAE57, 0xAE57, 0xAE57, 0xAE57, 0xAE57, 0xAE57, 0xAE57, 0xAE57,
    0xAE57, 0xAE57, 0xAE57, 0xAE57, 0xBEB7, 0xBEB7, 0xBEB7, 0xB697, 0xB697, 0xBEB7, 0xBEB7, 0xBEB7, 0xBEB7, 0xBEB7, 0xBEB7, 0xBEB7,
    0xB697, 0xB697, 0xB697, 0xB697, 0xB697, 0xB697, 0xB697, 0xBE98, 0xBEB8, 0xBE98, 0xB697, 0xBE98, 0xBEB8, 0xBED8, 0xBEB8, 0xB697,
    0xB697, 0xB697, 0xB697, 0xB697, 0xB697, 0xB697, 0xBE98, 0xBE98, 0xBE98, 0xB697, 0xB697, 0xBE98, 0xB697, 0xB697, 0xB697, 0xBEB8,
    0xBEB8, 0xBEB8, 0xBEB8, 0xBEB8, 0xBEB8, 0xBEB8, 0xBEB8, 0xB697, 0xB697, 0xB677, 0xB677, 0xB697, 0xB657, 0xB677, 0xB677, 0xB677,
    0xB677, 0xB677, 0xAE56, 0xB677, 0xB697, 0xB697, 0xB697, 0xB677, 0xB677, 0xB677, 0xB677, 0xB677, 0xB677, 0xAE77, 0xAE77, 0xAE77,
    0xAE77, 0xAE77, 0xAE57, 0xAE57, 0xA657, 0xA677, 0xA677, 0xAE77, 0xAE77, 0xAE77, 0xAE77, 0xAE77, 0xAE77, 0xAE77, 0xAE77, 0xAE77,
    0xAE77, 0xAE57, 0xAE57, 0xAE57, 0xAE57, 0xAE57, 0xAE57, 0xAE57, 0xAE57, 0xAE57, 0xAE57, 0xAE57, 0xAE57, 0xAE57, 0xAE57, 0xAE57,
    0xAE57, 0xAE57, 0xAE57, 0xAE57, 0xAE57, 0xAE57, 0xAE57, 0xAE57, 0xAE57, 0xAE57, 0xAE57, 0xAE57, 0xAE57, 0xAE57, 0xAE57, 0xAE57,
    0xAE57, 0xAE57, 0xAE57, 0xAE57, 0xAE57, 0xAE57, 0xAE57, 0xAE57, 0xAE57, 0xAE57, 0xAE57, 0xAE57, 0xAE57, 0xAE57, 0xAE57, 0xAE57,
    0xAE57, 0xAE57, 0xAE57, 0xAE57, 0xAE57, 0xAE57, 0xAE57, 0xAE57, 0xAE57, 0xAE57, 0xAE57, 0xAE57, 0xAE57, 0xAE57, 0xAE57, 0xAE57,
    0xAE57, 0xAE57, 0xAE57, 0xAE57, 0xAE57, 0xAE57, 0xAE57, 0xAE57, 0xAE57, 0xAE57, 0xAE57, 0xAE57, 0xAE57, 0xAE57, 0xAE57, 0xAE57,
    0xBEB7, 0xBEB7, 0xB697, 0xB697, 0xB697, 0xBEB7, 0xBEB7, 0xBEB7, 0xBEB7, 0xBEB7, 0xBEB7, 0xBEB7, 0xB697, 0xB697, 0xB697, 0xB697,
    0xB697, 0xB697, 0xB697, 0xBE98, 0xBE98, 0xBE98, 0xB697, 0xBE98, 0xBEB8, 0xBEB8, 0xBEB8, 0xB677, 0xB677, 0xB697, 0xB697, 0xB697,
    0xB697, 0xB697, 0xB697, 0xB697, 0xB697, 0xBE98, 0xBEB8, 0xBEB8, 0xBEB8, 0xBE98, 0xBEB8, 0xBEB8, 0xBEB8, 0xBEB8, 0xBEB8, 0xBEB8,
    0xBEB8, 0xBED8, 0xBEB8, 0xB677, 0xB677, 0xB677, 0xB677, 0xB677, 0xB677, 0xB677, 0xB677, 0xB677, 0xB697, 0xB677, 0xB677, 0xB677,
    0xB697, 0xB697, 0xB677, 0xB677, 0xB657, 0xB677, 0xB677, 0xB677, 0xAE77, 0xAE77, 0xAE77, 0xAE77, 0xAE77, 0xAE77, 0xAE97, 0xAE97,
    0xAE97, 0xAE97, 0xAE97, 0xAE97, 0xAE97, 0xAE77, 0xAE77, 0xAE77, 0xAE77, 0xAE77, 0xAE77, 0xAE77, 0xAE77, 0xAE57, 0xAE57, 0xAE57,
    0xAE57, 0xAE57, 0xAE57, 0xAE57, 0xAE57, 0xAE57, 0xAE57, 0xAE57, 0xAE57, 0xAE57, 0xAE57, 0xAE57, 0xAE57, 0xAE57, 0xAE57, 0xAE57,
    0xAE57, 0xAE57, 0xAE57, 0xAE57, 0xAE57, 0xAE57, 0xAE57, 0xAE57, 0xAE57, 0xAE57, 0xAE57, 0xAE57, 0xAE57, 0xAE57, 0xAE57, 0xAE57,
    0xAE57, 0xAE57, 0xAE57, 0xAE57, 0xAE57, 0xAE57, 0xAE57, 0xAE57, 0xAE57, 0xAE57, 0xAE57, 0xAE57, 0xAE57, 0xAE57, 0xAE57, 0xAE57,
    0xAE57, 0xAE57, 0xAE57, 0xAE57, 0xAE57, 0xAE57, 0xAE57, 0xAE57, 0xAE57, 0xAE57, 0xAE57, 0xAE57, 0xAE57, 0xAE57, 0xAE57, 0xAE57,
    0xAE57, 0xAE57, 0xAE57, 0xAE57, 0xAE57, 0xAE57, 0xAE57, 0xAE57, 0xAE57, 0xAE57, 0xAE57, 0xAE57, 0xBEB7, 0xB697, 0xB697, 0xB697,
    0xB697, 0xBEB7, 0xBEB7, 0xBEB7, 0xBEB7, 0xBEB7, 0xBEB7, 0xBEB7, 0xB697, 0xB697, 0xB697, 0xB697, 0xB697, 0xB697, 0xB697, 0xBE98,
    0xBE98, 0xBE98, 0xBE98, 0xBE98, 0xBEB8, 0xBE98, 0xBE98, 0xB697, 0xB697, 0xB697, 0xBE98, 0xBE98, 0xBEB8, 0xBEB8, 0xB697, 0xB697,
    0xBE98, 0xBEB8, 0xBEB8, 0xBEB8, 0xBED8, 0xBEB8, 0xBEB8, 0xBEB8, 0xBEB8, 0xBEB8, 0xB697, 0xBEB8, 0xBEB8, 0xBED8, 0xBEB8, 0xB677,
    0xB657, 0xAE56, 0xB677, 0xB677, 0xB677, 0xB677, 0xB697, 0xBE98, 0xBEB8, 0xBE98, 0xB697, 0xB697, 0xB697, 0xB697, 0xB677, 0xB657,
    0xB657, 0xB677, 0xB697, 0xB677, 0xB677, 0xAE77, 0xB677, 0xB677, 0xAE97, 0xB698, 0xB6B8, 0xB6B8, 0xB6B8, 0xB6B8, 0xAEB8, 0xAEB8,
    0xAEB8, 0xAE97, 0xAE77, 0xAE77, 0xAE77, 0xAE77, 0xAE77, 0xAE77, 0xAE77, 0xAE57, 0xAE57, 0xAE57, 0xAE57, 0xAE57, 0xAE57, 0xAE57,
    0xAE57, 0xAE57, 0xAE57, 0xAE57, 0xAE57, 0xAE57, 0xAE57, 0xAE57, 0xAE57, 0xAE57, 0xAE57, 0xAE57, 0xAE57, 0xAE57, 0xAE57, 0xAE57,
    0xAE57, 0xAE57, 0xAE57, 0xAE57, 0xAE57, 0xAE57, 0xAE57, 0xAE57, 0xAE57, 0xAE57, 0xAE57, 0xAE57, 0xAE57, 0xAE57, 0xAE57, 0xAE57,
    0xAE57, 0xAE57, 0xAE57, 0xAE57, 0xAE57, 0xAE57, 0xAE57, 0xAE57, 0xAE57, 0xAE57, 0xAE57, 0xAE57, 0xAE57, 0xAE57, 0xAE57, 0xAE57,
    0xAE57, 0xAE57, 0xAE57, 0xAE57, 0xAE57, 0xAE57, 0xAE57, 0xAE57, 0xAE57, 0xAE57, 0xAE57, 0xAE57, 0xAE57, 0xAE57, 0xAE57, 0xAE57,
    0xAE57, 0xAE57, 0xAE57, 0xAE57, 0xAE57, 0xAE57, 0xAE57, 0xAE57, 0xB697, 0xB697, 0xB697, 0xB697, 0xB697, 0xBEB7, 0xBEB7, 0xBEB7,
    0xBEB7, 0xBEB7, 0xBEB7, 0xBEB7, 0xB697, 0xB697, 0xB697, 0xB697, 0xB697, 0xB697, 0xB697, 0xBE98, 0xBE98, 0xBE98, 0xBE98, 0xBE98,
    0xBE98, 0xB697, 0xB697, 0xB697, 0xB697, 0xBEB8, 0xBEB8, 0xBEB8, 0xBEB8, 0xBEB8, 0xBEB8, 0xBEB8, 0xBEB8, 0xBEB8, 0xBEB8, 0xBEB8,
    0xBED8, 0xBEB8, 0xBEB8, 0xBEB8, 0xBEB8, 0xBE98, 0xB697, 0xBEB8, 0xBEB8, 0xBED8, 0xBEB8, 0xB677, 0xB677, 0xB657, 0xB677, 0xB677,
    0xAE56, 0xB657, 0xB677, 0xB677, 0xB697, 0xB697, 0xB677, 0xB697, 0xB697, 0xB697, 0xB677, 0xB657, 0xB657, 0xB677, 0xB698, 0xB698,
    0xB698, 0xB698, 0xB698, 0xB698, 0xB698, 0xB6B8, 0xB6B8, 0xB698, 0xAEB8, 0xAE98, 0xAE98, 0xAE97, 0xAE97, 0xAE77, 0xAE77, 0xAE77,
    0xAE77, 0xAE77, 0xAE77, 0xAE77, 0xAE77, 0xAE57, 0xAE57, 0xAE57, 0xAE57, 0xAE57, 0xAE57, 0xAE57, 0xAE57, 0xAE57, 0xAE57, 0xAE57,
    0xAE57, 0xAE57, 0xAE57, 0xAE57, 0xAE57, 0xAE57, 0xAE57, 0xAE57, 0xAE57, 0xAE57, 0xAE57, 0xAE57, 0xAE57, 0xAE57, 0xAE57, 0xAE57,
    0xAE57, 0xAE57, 0xAE57, 0xAE57, 0xAE57, 0xAE57, 0xAE57, 0xAE57, 0xAE57, 0xAE57, 0xAE57, 0xAE57, 0xAE57, 0xAE57, 0xAE57, 0xAE57,
    0xAE57, 0xAE57, 0xAE57, 0xAE57, 0xAE57, 0xAE57, 0xAE57, 0xAE57, 0xAE57, 0xAE57, 0xAE57, 0xAE57, 0xAE57, 0xAE57, 0xAE57, 0xAE57,
    0xAE57, 0xAE57, 0xAE57, 0xAE57, 0xAE57, 0xAE57, 0xAE57, 0xAE57, 0xAE57, 0xAE57, 0xAE57, 0xAE57, 0xAE57, 0xAE57, 0xAE57, 0xAE57,
    0xAE57, 0xAE57, 0xAE57, 0xAE57, 0xB697, 0xB697, 0xB697, 0xB697, 0xBE97, 0xBEB7, 0xBEB7, 0xBEB7, 0xBEB7, 0xBEB7, 0xBEB7, 0xBEB7,
    0xB697, 0xB697, 0xB697, 0xB697, 0xB697, 0xB697, 0xB697, 0xB697, 0xBE98, 0xBEB8, 0xBEB8, 0xBE98, 0xB697, 0xB697, 0xB677, 0xB697,
    0xB697, 0xB697, 0xBEB8, 0xBEB8, 0xBEB8, 0xBEB8, 0xBEB8, 0xBEB8, 0xBEB8, 0xBEB8, 0xBEB8, 0xBEB8, 0xBED8, 0xBEB8, 0xBEB8, 0xBEB8,
    0xBE98, 0xBE98, 0xBEB8, 0xBED8, 0xBED8, 0xBEB8, 0xBEB8, 0xB697, 0xB677, 0xB677, 0xB677, 0xB677, 0xAE36, 0xAE36, 0xAE56, 0xB657,
    0xB677, 0xB677, 0xB657, 0xB697, 0xBEB8, 0xBE98, 0xB697, 0xB677, 0xB677, 0xB697, 0xBEB8, 0xB698, 0xB698, 0xB698, 0xB698, 0xB698,
    0xB698, 0xB698, 0xAE77, 0xAE77, 0xAE77, 0xAE77, 0xA677, 0xA677, 0xA677, 0xAE77, 0xAE77, 0xAE77, 0xAE77, 0xAE77, 0xAE77, 0xAE77,
    0xAE77, 0xAE57, 0xAE57, 0xAE57, 0xAE57, 0xAE57, 0xAE57, 0xAE57, 0xAE57, 0xAE57, 0xAE57, 0xAE57, 0xAE57, 0xAE57, 0xAE57, 0xAE57,
    0xAE57, 0xAE57, 0xAE57, 0xAE57, 0xAE57, 0xAE57, 0xAE57, 0xAE57, 0xAE57, 0xAE57, 0xAE57, 0xAE57, 0xAE57, 0xAE57, 0xAE57, 0xAE57,
    0xAE57, 0xAE57, 0xAE57, 0xAE57, 0xAE57, 0xAE57, 0xAE58, 0xAE58, 0xAE58, 0xAE58, 0xAE58, 0xAE58, 0xAE58, 0xAE58, 0xAE58, 0xAE58,
    0xAE58, 0xAE58, 0xAE58, 0xAE58, 0xAE57, 0xAE57, 0xAE57, 0xAE57, 0xAE57, 0xAE57, 0xAE57, 0xAE57, 0xAE57, 0xAE57, 0xAE57, 0xAE57,
    0xAE57, 0xAE57, 0xAE57, 0xAE57, 0xAE57, 0xAE57, 0xAE57, 0xAE57, 0xAE57, 0xAE57, 0xAE57, 0xAE57, 0xAE57, 0xAE57, 0xAE57, 0xAE57,
    0xB6B7, 0xB6B7, 0xBEB7, 0xBEB7, 0xBEB7, 0xBEB7, 0xBEB7, 0xBEB7, 0xBEB7, 0xBEB7, 0xBEB7, 0xBEB7, 0xB697, 0xB697, 0xB697, 0xB697,
    0xB697, 0xB697, 0xB697, 0xB697, 0xBE98, 0xBEB8, 0xBEB8, 0xBE98, 0xB697, 0xB677, 0xB677, 0xB677, 0xB677, 0xB677, 0xB697, 0xB697,
    0xBE98, 0xBE98, 0xBED8, 0xBED8, 0xBED8, 0xBED8, 0xBEB8, 0xBEB8, 0xBEB8, 0xB697, 0xB697, 0xBE98, 0xBE98, 0xB697, 0xBEB8, 0xBED8,
    0xC6D9, 0xBE98, 0xBEB8, 0xBEB8, 0xBE98, 0xB697, 0xB697, 0xB697, 0xAE36, 0xAE56, 0xB657, 0xB677, 0xB677, 0xB677, 0xB677, 0xBE98,
    0xBEB8, 0xBEB8, 0xB697, 0xB677, 0xB677, 0xB697, 0xBEB8, 0xB698, 0xB698, 0xB698, 0xB697, 0xAE77, 0xAE77, 0xAE77, 0xAE77, 0xAE77,
    0xAE77, 0xAE77, 0xAE77, 0xAE77, 0xA677, 0xAE77, 0xAE77, 0xAE77, 0xAE77, 0xAE77, 0xAE77, 0xAE77, 0xAE77, 0xAE57, 0xAE57, 0xAE57,
    0xAE57, 0xAE57, 0xAE57, 0xAE57, 0xAE57, 0xAE57, 0xAE57, 0xAE57, 0xAE57, 0xAE57, 0xAE57, 0xAE57, 0xAE57, 0xAE57, 0xAE57, 0xAE57,
    0xAE57, 0xAE57, 0xAE57, 0xAE57, 0xAE57, 0xAE57, 0xAE57, 0xAE57, 0xAE57, 0xAE57, 0xAE57, 0xAE57, 0xAE57, 0xAE57, 0xAE57, 0xAE57,
    0xAE57, 0xAE57, 0xAE58, 0xAE58, 0xAE58, 0xAE58, 0xAE58, 0xAE58, 0xAE58, 0xAE58, 0xAE58, 0xAE58, 0xAE58, 0xAE58, 0xAE58, 0xAE58,
    0xAE57, 0xAE57, 0xAE57, 0xAE57, 0xAE57, 0xAE57, 0xAE57, 0xAE57, 0xAE57, 0xAE57, 0xAE57, 0xAE57, 0xAE57, 0xAE57, 0xAE57, 0xAE57,
    0xAE57, 0xAE57, 0xAE57, 0xAE57, 0xAE57, 0xAE57, 0xAE57, 0xAE57, 0xAE57, 0xAE57, 0xAE57, 0xAE57, 0xB6B7, 0xB6B7, 0xB6B7, 0xB6B7,
    0xB6B7, 0xB6B7, 0xB6B7, 0xB6B7, 0xB6B7, 0xB6B7, 0xB6B7, 0xB6B7, 0xB6B7, 0xB6B7, 0xB6B7, 0xB6B7, 0xB6B7, 0xB6B7, 0xB6B7, 0xB697,
    0xB697, 0xBE97, 0xBE97, 0xBE97, 0xBE97, 0xBE97, 0xB697, 0xB657, 0xB677, 0xB677, 0xB677, 0xB697, 0xBEB8, 0xBEB8, 0xBED8, 0xBED8,
    0xBED8, 0xBED8, 0xBED8, 0xBED8, 0xBEB8, 0xBEB8, 0xBEB8, 0xBEB8, 0xBEB8, 0xBEB8, 0xBEB8, 0xBEB8, 0xBEB8, 0xB697, 0xB697, 0xB697,
    0xBEB8, 0xBEB8, 0xBEB8, 0xBEB8, 0xB697, 0xB697, 0xB697, 0xBE98, 0xBEB8, 0xBEB8, 0xBEB8, 0xBE98, 0xBE98, 0xB697, 0xB697, 0xB677,
    0xB677, 0xB697, 0xB698, 0xB697, 0xB697, 0xB697, 0xB697, 0xB697, 0xAE77, 0xAE77, 0xAE77, 0xAE77, 0xAE77, 0xAE77, 0xAE77, 0xAE77,
    0xAE77, 0xAE77, 0xAE57, 0xAE57, 0xAE57, 0xAE57, 0xAE57, 0xAE57, 0xAE57, 0xAE77, 0xAE77, 0xAE77, 0xAE77, 0xAE57, 0xAE77, 0xAE77,
    0xAE57, 0xAE57, 0xAE57, 0xAE57, 0xAE57, 0xAE57, 0xAE57, 0xAE57, 0xAE57, 0xAE57, 0xAE57, 0xAE57, 0xAE57, 0xAE57, 0xAE57, 0xAE77,
    0xAE77, 0xAE77, 0xAE98, 0xAE77, 0xAE77, 0xA657, 0xAE57, 0xAE57, 0xAE57, 0xAE57, 0xAE57, 0xAE57, 0xAE57, 0xAE57, 0xAE57, 0xAE58,
    0xAE58, 0xAE58, 0xAE58, 0xAE58, 0xAE58, 0xAE58, 0xAE58, 0xAE58, 0xAE58, 0xAE58, 0xAE58, 0xAE57, 0xAE57, 0xAE57, 0xAE57, 0xAE57,
    0xAE57, 0xAE57, 0xAE57, 0xAE57, 0xAE57, 0xAE57, 0xAE57, 0xAE57, 0xAE57, 0xAE57, 0xAE57, 0xAE57, 0xAE57, 0xAE57, 0xAE57, 0xAE57,
    0xAE57, 0xAE57, 0xAE77, 0xAE77, 0xAE77, 0xAE77, 0xAE77, 0xAE77, 0xB6B7, 0xB6B7, 0xB6B7, 0xB6B7, 0xB6B7, 0xB6B7, 0xB6B7, 0xB6B7,
    0xB6B7, 0xB6B7, 0xB6B7, 0xB6B7, 0xB6B7, 0xB6B7, 0xB6B7, 0xB6B7, 0xB6B7, 0xB6B7, 0xB6B7, 0xB697, 0xB697, 0xBE97, 0xBEB7, 0xBEB8,
    0xC6B8, 0xC6D8, 0xBEB8, 0xB697, 0xB697, 0xB677, 0xB697, 0xB697, 0xBEB8, 0xBEB8, 0xBEB8, 0xBED8, 0xBED8, 0xC6D9, 0xC6D9, 0xBED8,
    0xBED8, 0xBED8, 0xBED8, 0xBED8, 0xBED8, 0xC6D9, 0xBED8, 0xBEB8, 0xB697, 0xB697, 0xB697, 0xB697, 0xB697, 0xBEB8, 0xBEB8, 0xBEB8,
    0xBE98, 0xB697, 0xB697, 0xBE98, 0xBEB8, 0xBEB8, 0xBEB8, 0xB697, 0xB677, 0xB677, 0xB677, 0xB677, 0xB677, 0xB677, 0xB677, 0xB676,
    0xB697, 0xB697, 0xB697, 0xB697, 0xB677, 0xAE77, 0xAE77, 0xAE77, 0xAE77, 0xAE77, 0xAE57, 0xAE57, 0xAE57, 0xAE57, 0xAE57, 0xAE57,
    0xAE57, 0xAE57, 0xAE57, 0xAE57, 0xAE57, 0xAE98, 0xAE77, 0xAE77, 0xAE77, 0xAE77, 0xAE77, 0xAE77, 0xAE57, 0xAE57, 0xAE57, 0xAE57,
    0xAE57, 0xAE57, 0xAE57, 0xAE57, 0xAE57, 0xAE57, 0xAE57, 0xAE57, 0xAE57, 0xAE57, 0xAE57, 0xAE77, 0xAE77, 0xAE98, 0xB698, 0xAE98,
    0xAE57, 0xA657, 0xAE57, 0xAE57, 0xAE57, 0xAE57, 0xAE57, 0xAE57, 0xAE57, 0xAE57, 0xA657, 0xA657, 0xA657, 0xA657, 0xA657, 0xA657,
    0xA657, 0xA657, 0xA657, 0xA657, 0xA657, 0xA657, 0xA657, 0xA657, 0xAE57, 0xAE57, 0xAE57, 0xAE57, 0xAE57, 0xAE57, 0xAE57, 0xAE57,
    0xAE57, 0xAE57, 0xAE57, 0xAE57, 0xAE57, 0xAE57, 0xAE57, 0xAE57, 0xAE57, 0xAE57, 0xAE57, 0xAE57, 0xAE57, 0xAE57, 0xAE77, 0xAE77,
    0xAE77, 0xAE77, 0xAE77, 0xAE77, 0xB6B7, 0xB6B7, 0xB6B7, 0xB6B7, 0xB6B7, 0xB6B7, 0xB6B7, 0xB6B7, 0xB6B7, 0xB6B7, 0xB6B7, 0xB6B7,
    0xB6B7, 0xB6B7, 0xB6B7, 0xB6B7, 0xB6B7, 0xB6B7, 0xB6B7, 0xBEB7, 0xBEB7, 0xBEB8, 0xBEB8, 0xC6D8, 0xC6D8, 0xC6D8, 0xC6D8, 0xBEB8,
    0xBEB8, 0xBEB8, 0xB697, 0xBE98, 0xBEB8, 0xBEB8, 0xBE98, 0xBEB8, 0xBEB8, 0xBED8, 0xBED8, 0xBED8, 0xBEB8, 0xBED8, 0xBEB8, 0xBEB8,
    0xBED8, 0xBED8, 0xBED8, 0xBEB8, 0xB697, 0xB677, 0xB677, 0xB697, 0xB697, 0xB697, 0xB697, 0xB697, 0xB677, 0xB677, 0xB677, 0xB677,
    0xB697, 0xB697, 0xB697, 0xB677, 0xB677, 0xB677, 0xB677, 0xB677, 0xB677, 0xB677, 0xB677, 0xAE76, 0xAE76, 0xB697, 0xB697, 0xB697,
    0xAE77, 0xAE77, 0xAE77, 0xAE77, 0xAE77, 0xAE77, 0xAE57, 0xAE57, 0xAE57, 0xAE77, 0xAE77, 0xAE77, 0xAE77, 0xAE77, 0xAE77, 0xAE77,
    0xAE77, 0xAE98, 0xAE98, 0xAE77, 0xAE77, 0xAE77, 0xAE77, 0xAE77, 0xAE77, 0xAE77, 0xAE77, 0xAE77, 0xAE77, 0xAE77, 0xAE77, 0xAE77,
    0xAE57, 0xAE57, 0xAE57, 0xAE57, 0xAE57, 0xAE57, 0xAE57, 0xAE77, 0xAE77, 0xAE77, 0xAE77, 0xAE77, 0xAE57, 0xA657, 0xAE57, 0xAE57,
    0xAE57, 0xAE57, 0xAE57, 0xAE57, 0xAE57, 0xAE57, 0xA657, 0xA657, 0xA657, 0xA657, 0xA657, 0xA657, 0xA657, 0xA657, 0xA657, 0xA657,
    0xA657, 0xA657, 0xA657, 0xA657, 0xAE57, 0xAE57, 0xAE57, 0xAE57, 0xAE57, 0xAE57, 0xAE57, 0xAE57, 0xAE57, 0xAE57, 0xAE57, 0xAE57,
    0xAE57, 0xAE57, 0xAE57, 0xAE57, 0xAE57, 0xAE57, 0xAE57, 0xAE57, 0xAE57, 0xAE57, 0xAE77, 0xAE77, 0xAE77, 0xAE77, 0xAE77, 0xAE77,
    0xB6B7, 0xB6B7, 0xB6B7, 0xB6B7, 0xB6B7, 0xB6B7, 0xB6B7, 0xB6B7, 0xB6B7, 0xB6B7, 0xB6B7, 0xB6B7, 0xB6B7, 0xB6B7, 0xB6B7, 0xB6B7,
    0xB6B7, 0xB6B7, 0xB6B7, 0xBEB7, 0xBEB8, 0xBEB8, 0xBED8, 0xC6D8, 0xC6D8, 0xC6D8, 0xC6D8, 0xC6D8, 0xBED8, 0xBEB8, 0xBEB8, 0xBEB8,
    0xBEB8, 0xBED8, 0xB697, 0xBE98, 0xBEB8, 0xBED8, 0xBED8, 0xBED8, 0xBED8, 0xBEB8, 0xBEB8, 0xBEB8, 0xBEB8, 0xBED8, 0xBED8, 0xBEB8,
    0xB697, 0xB677, 0xB677, 0xB697, 0xB697, 0xB697, 0xB697, 0xB677, 0xB677, 0xB677, 0xB657, 0xB677, 0xB677, 0xB697, 0xB677, 0xB677,
    0xB657, 0xB657, 0xB657, 0xB657, 0xB657, 0xB657, 0xAE77, 0xB677, 0xAE77, 0xAE77, 0xB697, 0xAE97, 0xAE77, 0xAE77, 0xAE77, 0xAE77,
    0xAE77, 0xAE77, 0xAE57, 0xAE57, 0xAE57, 0xAE77, 0xAE98, 0xAE98, 0xAE98, 0xAE98, 0xAE98, 0xAE98, 0xAE98, 0xAE98, 0xAE98, 0xAE98,
    0xAE77, 0xAE77, 0xAE77, 0xAE77, 0xAE77, 0xAE77, 0xAE77, 0xAE77, 0xAE77, 0xAE77, 0xAE77, 0xAE77, 0xAE57, 0xAE57, 0xAE57, 0xAE57,
    0xAE57, 0xAE57, 0xAE57, 0xAE77, 0xAE57, 0xAE57, 0xAE57, 0xA657, 0xA657, 0xAE57, 0xAE57, 0xAE57, 0xAE57, 0xAE57, 0xAE57, 0xAE57,
    0xAE57, 0xAE57, 0xA657, 0xA657, 0xA657, 0xA657, 0xA657, 0xA657, 0xA657, 0xA657, 0xA657, 0xA657, 0xA657, 0xA657, 0xA657, 0xA657,
    0xAE57, 0xAE57, 0xAE57, 0xAE57, 0xAE57, 0xAE57, 0xAE57, 0xAE57, 0xAE57, 0xAE57, 0xAE57, 0xAE57, 0xAE57, 0xAE57, 0xAE57, 0xAE57,
    0xAE57, 0xAE57, 0xAE57, 0xAE57, 0xAE57, 0xAE57, 0xAE77, 0xAE77, 0xAE77, 0xAE77, 0xAE77, 0xAE77, 0xB6B7, 0xB6B7, 0xB6B7, 0xB6B7,
    0xB6B7, 0xB6B7, 0xB6B7, 0xB6B7, 0xB6B7, 0xB6B7, 0xB6B7, 0xB6B7, 0xB6B7, 0xB6B7, 0xB6B7, 0xB6B7, 0xB6B7, 0xB6B7, 0xBEB7, 0xBEB7,
    0xBEB7, 0xBEB7, 0xBEB7, 0xBEB8, 0xBEB8, 0xC6B8, 0xBEB8, 0xBEB8, 0xBEB8, 0xBEB8, 0xBEB8, 0xBEB8, 0xBED8, 0xC6D9, 0xB697, 0xBEB8,
    0xBEB8, 0xBED8, 0xC6D9, 0xC6D9, 0xC6F9, 0xBEB8, 0xBEB8, 0xBE98, 0xBEB8, 0xBEB8, 0xBEB8, 0xBEB8, 0xB697, 0xB677, 0xB677, 0xB697,
    0xB697, 0xB677, 0xB677, 0xB677, 0xB677, 0xB677, 0xB677, 0xB677, 0xB697, 0xB697, 0xB697, 0xB677, 0xB677, 0xB677, 0xB677, 0xB677,
    0xB677, 0xB677, 0xB677, 0xB697, 0xB697, 0xB697, 0xB697, 0xB697, 0xB697, 0xB697, 0xB677, 0xAE77, 0xAE77, 0xAE77, 0xAE57, 0xAE57,
    0xAE57, 0xAE57, 0xAE77, 0xAE77, 0xAE77, 0xAE77, 0xAE77, 0xAE77, 0xAE77, 0xAE98, 0xAE77, 0xAE77, 0xAE77, 0xAE77, 0xAE77, 0xAE77,
    0xAE77, 0xAE77, 0xAE77, 0xAE77, 0xAE77, 0xAE77, 0xAE77, 0xAE77, 0xAE57, 0xAE57, 0xAE57, 0xAE57, 0xAE57, 0xAE57, 0xAE57, 0xAE57,
    0xAE57, 0xAE57, 0xA657, 0xA657, 0xAE57, 0xAE77, 0xAE57, 0xAE57, 0xAE57, 0xAE57, 0xAE57, 0xAE57, 0xAE57, 0xAE57, 0xA657, 0xA657,
    0xA657, 0xA657, 0xA657, 0xA657, 0xA657, 0xA657, 0xA657, 0xA657, 0xA657, 0xA657, 0xA657, 0xA657, 0xAE57, 0xAE57, 0xAE57, 0xAE57,
    0xAE57, 0xAE57, 0xAE57, 0xAE57, 0xAE57, 0xAE57, 0xAE57, 0xAE57, 0xAE57, 0xAE57, 0xAE57, 0xAE57, 0xAE57, 0xAE57, 0xAE57, 0xAE57,
    0xAE57, 0xAE57, 0xAE77, 0xAE77, 0xAE77, 0xAE77, 0xAE77, 0xAE77, 0xB6B7, 0xB6B7, 0xB6B7, 0xB6B7, 0xB6B7, 0xB6B7, 0xB6B7, 0xB6B7,
    0xB6B7, 0xB6B7, 0xB6B7, 0xB6B7, 0xB6B7, 0xB6B7, 0xB6B7, 0xB6B7, 0xB6B7, 0xBEB7, 0xBEB7, 0xBE97, 0xBE97, 0xBE97, 0xBE97, 0xBE97,
    0xBE97, 0xBE97, 0xBE97, 0xB697, 0xB697, 0xB697, 0xBE98, 0xBEB8, 0xBED8, 0xC6F9, 0xBE98, 0xBEB8, 0xBEB8, 0xBED8, 0xC6D9, 0xC6D9,
    0xBED8, 0xBEB8, 0xB697, 0xB697, 0xBE98, 0xBEB8, 0xBEB8, 0xBEB8, 0xB697, 0xB677, 0xB677, 0xB697, 0xB697, 0xB697, 0xB677, 0xAE56,
    0xB697, 0xB677, 0xB677, 0xB697, 0xBE98, 0xBEB8, 0xB697, 0xB697, 0xB697, 0xB697, 0xB697, 0xB697, 0xB697, 0xB697, 0xB697, 0xB697,
    0xB6B7, 0xB697, 0xB697, 0xB697, 0xB698, 0xB698, 0xB677, 0xAE77, 0xAE77, 0xAE77, 0xAE57, 0xAE57, 0xAE57, 0xAE57, 0xAE57, 0xAE57,
    0xAE57, 0xAE57, 0xAE57, 0xAE57, 0xAE57, 0xAE77, 0xAE77, 0xAE77, 0xAE77, 0xAE77, 0xAE77, 0xAE57, 0xAE77, 0xAE77, 0xAE77, 0xAE77,
    0xAE77, 0xAE77, 0xAE77, 0xAE77, 0xAE57, 0xAE57, 0xAE57, 0xAE57, 0xAE57, 0xAE57, 0xAE57, 0xAE57, 0xAE57, 0xAE57, 0xAE77, 0xAE77,
    0xAE77, 0xAE77, 0xAE77, 0xAE57, 0xAE57, 0xAE57, 0xAE57, 0xAE57, 0xAE57, 0xAE57, 0xA657, 0xA657, 0xA657, 0xA657, 0xA657, 0xA657,
    0xA657, 0xA657, 0xA657, 0xA657, 0xA657, 0xA657, 0xA657, 0xA657, 0xAE57, 0xAE57, 0xAE57, 0xAE57, 0xAE57, 0xAE57, 0xAE57, 0xAE57,
    0xAE57, 0xAE57, 0xAE57, 0xAE57, 0xAE57, 0xAE57, 0xAE57, 0xAE57, 0xAE57, 0xAE57, 0xAE57, 0xAE57, 0xAE57, 0xAE57, 0xAE77, 0xAE77,
    0xAE77, 0xAE77, 0xAE77, 0xAE77, 0xB6B7, 0xB6B7, 0xB6B7, 0xB6B7, 0xB6B7, 0xB6B7, 0xB6B7, 0xB6B7, 0xB6B7, 0xB6B7, 0xB6B7, 0xB6B7,
    0xB6B7, 0xB6B7, 0xB6B7, 0xBEB7, 0xBEB7, 0xBE97, 0xBE97, 0xBE97, 0xBE97, 0xBE97, 0xBE97, 0xBE97, 0xBE97, 0xBE97, 0xBE97, 0xB697,
    0xB677, 0xB677, 0xB697, 0xB697, 0xBEB8, 0xBEB8, 0xB697, 0xB697, 0xBEB8, 0xBEB8, 0xBEB8, 0xBEB8, 0xBEB8, 0xB697, 0xB677, 0xB697,
    0xB697, 0xBEB8, 0xBEB8, 0xBE98, 0xB697, 0xB677, 0xB697, 0xBE98, 0xBE98, 0xB697, 0xB677, 0xAE56, 0xB677, 0xB677, 0xB677, 0xB677,
    0xB697, 0xB697, 0xB697, 0xB697, 0xB697, 0xB697, 0xB697, 0xB697, 0xB697, 0xB697, 0xB697, 0xB697, 0xB697, 0xAE77, 0xAE77, 0xAE97,
    0xB697, 0xB698, 0xAE77, 0xAE77, 0xAE77, 0xAE77, 0xAE57, 0xAE57, 0xAE57, 0xAE57, 0xAE77, 0xAE77, 0xAE77, 0xAE77, 0xAE77, 0xAE77,
    0xAE77, 0xAE77, 0xAE77, 0xAE77, 0xAE57, 0xAE57, 0xAE57, 0xA657, 0xAE57, 0xAE57, 0xAE57, 0xAE57, 0xAE57, 0xAE57, 0xAE57, 0xAE57,
    0xAE57, 0xAE57, 0xAE57, 0xAE57, 0xAE57, 0xAE57, 0xAE57, 0xAE57, 0xAE77, 0xAE77, 0xB698, 0xB698, 0xAE98, 0xAE77, 0xAE77, 0xAE57,
    0xAE57, 0xAE57, 0xAE57, 0xAE57, 0xAE57, 0xAE57, 0xA657, 0xA657, 0xA657, 0xA657, 0xA657, 0xA657, 0xA657, 0xA657, 0xA657, 0xA657,
    0xA657, 0xA657, 0xA657, 0xA657, 0xAE57, 0xAE57, 0xAE57, 0xAE57, 0xAE57, 0xAE57, 0xAE57, 0xAE57, 0xAE57, 0xAE57, 0xAE57, 0xAE57,
    0xAE57, 0xAE57, 0xAE57, 0xAE57, 0xAE57, 0xAE57, 0xAE57, 0xAE57, 0xAE57, 0xAE57, 0xAE77, 0xAE77, 0xAE77, 0xAE77, 0xAE77, 0xAE77,
    0xB6B7, 0xB6B7, 0xB6B7, 0xB6B7, 0xB6B7, 0xB6B7, 0xB6B7, 0xB6B7, 0xB6B7, 0xB6B7, 0xB6B7, 0xBEB7, 0xBEB7, 0xBE97, 0xBE97, 0xBE97,
    0xBE97, 0xBE97, 0xBE97, 0xBEB7, 0xBEB7, 0xBEB7, 0xBEB7, 0xBEB7, 0xBE97, 0xBE97, 0xBE97, 0xB697, 0xB677, 0xB677, 0xB677, 0xB677,
    0xB677, 0xB677, 0xB697, 0xB697, 0xB697, 0xBE98, 0xB697, 0xB697, 0xB677, 0xB677, 0xB677, 0xB677, 0xB697, 0xBEB8, 0xBEB8, 0xBE98,
    0xB697, 0xB677, 0xB697, 0xBEB8, 0xBEB8, 0xB697, 0xB677, 0xAE56, 0xB677, 0xB677, 0xB657, 0xB677, 0xB697, 0xB697, 0xB677, 0xB677,
    0xB697, 0xB697, 0xB677, 0xB677, 0xB677, 0xB677, 0xB677, 0xB677, 0xAE76, 0xAE56, 0xAE56, 0xAE76, 0xAE77, 0xB677, 0xAE77, 0xAE77,
    0xAE77, 0xAE77, 0xAE57, 0xAE57, 0xAE57, 0xAE57, 0xAE77, 0xAE77, 0xAE77, 0xAE77, 0xAE77, 0xAE77, 0xAE77, 0xAE77, 0xAE77, 0xAE57,
    0xAE57, 0xA657, 0xA657, 0xA657, 0xAE57, 0xAE57, 0xAE57, 0xAE57, 0xAE57, 0xAE57, 0xAE57, 0xAE57, 0xAE57, 0xAE57, 0xAE57, 0xAE57,
    0xAE57, 0xAE57, 0xAE57, 0xAE57, 0xAE77, 0xB698, 0xB6B8, 0xB6B8, 0xB698, 0xAE98, 0xAE77, 0xAE57, 0xAE57, 0xAE57, 0xAE57, 0xAE57,
    0xAE57, 0xAE57, 0xA657, 0xA657, 0xA657, 0xA657, 0xA657, 0xA657, 0xA657, 0xA657, 0xA657, 0xA657, 0xA657, 0xA657, 0xA657, 0xA657,
    0xAE57, 0xAE57, 0xAE57, 0xAE57, 0xAE57, 0xAE57, 0xAE57, 0xAE57, 0xAE57, 0xAE57, 0xAE57, 0xAE57, 0xAE57, 0xAE57, 0xAE57, 0xAE57,
    0xAE57, 0xAE57, 0xAE57, 0xAE57, 0xAE57, 0xAE57, 0xAE77, 0xAE77, 0xAE77, 0xAE77, 0xAE77, 0xAE77, 0xBEB7, 0xBEB7, 0xBEB7, 0xBEB8,
    0xBEB7, 0xB697, 0xB697, 0xBEB7, 0xBED8, 0xBEB7, 0xBEB8, 0xBED8, 0xBEB7, 0xBE97, 0xBE97, 0xBEB7, 0xBEB8, 0xBEB8, 0xBEB7, 0xC6D8,
    0xC6D8, 0xBEB8, 0xBE97, 0xBE97, 0xBE97, 0xBE97, 0xB697, 0xB677, 0xBE98, 0xBEB8, 0xBE98, 0xB677, 0xB657, 0xAE56, 0xB657, 0xB677,
    0xB657, 0xB657, 0xAE56, 0xB657, 0xB677, 0xB677, 0xB677, 0xB677, 0xB697, 0xBEB8, 0xBEB8, 0xB697, 0xB677, 0xB657, 0xB677, 0xB677,
    0xB697, 0xB697, 0xBE98, 0xBEB8, 0xB677, 0xB677, 0xB677, 0xB677, 0xAE56, 0xAE56, 0xAE56, 0xAE56, 0xAE56, 0xB657, 0xB677, 0xB677,
    0xB677, 0xB697, 0xB697, 0xAE56, 0xAE77, 0xB697, 0xB6B7, 0xB697, 0xAE77, 0xAE57, 0xAE77, 0xAE77, 0xAE77, 0xAE77, 0xAE57, 0xAE57,
    0xAE57, 0xAE57, 0xAE77, 0xAE77, 0xAE77, 0xAE77, 0xAE77, 0xAE77, 0xAE77, 0xAE57, 0xAE57, 0xAE57, 0xAE57, 0xAE57, 0xAE57, 0xAE57,
    0xAE57, 0xAE57, 0xA657, 0xA657, 0xA657, 0xAE77, 0xAE77, 0xAE77, 0xAE57, 0xAE57, 0xAE57, 0xAE57, 0xAE57, 0xAE57, 0xAE57, 0xAE57,
    0xAE57, 0xAE57, 0xAE57, 0xAE57, 0xAE57, 0xAE57, 0xAE98, 0xB698, 0xAE77, 0xAE77, 0xAE57, 0xAE57, 0xAE77, 0xAE77, 0xA657, 0xA657,
    0xA657, 0xA657, 0xA657, 0xA657, 0xA657, 0xA657, 0xA657, 0xA657, 0xA657, 0xA657, 0xA657, 0xA657, 0xAE57, 0xAE77, 0xAE77, 0xAE77,
    0xAE77, 0xAE77, 0xAE77, 0xAE77, 0xAE77, 0xAE77, 0xAE77, 0xAE77, 0xAE77, 0xAE77, 0xAE77, 0xAE77, 0xAE77, 0xAE77, 0xAE77, 0xAE77,
    0xAE77, 0xAE77, 0xAE77, 0xAE77, 0xAE77, 0xAE77, 0xAE77, 0xAE77, 0xBEB7, 0xB697, 0xB697, 0xBEB7, 0xBEB7, 0xB697, 0xB697, 0xBEB7,
    0xBEB8, 0xBEB7, 0xBEB7, 0xC6D8, 0xC6D8, 0xC6B8, 0xC6B8, 0xC6D8, 0xC6F9, 0xC6F9, 0xC6F9, 0xCF19, 0xCF19, 0xC6F8, 0xBEB8, 0xBEB7,
    0xBE97, 0xB697, 0xB697, 0xBE98, 0xBED8, 0xBED8, 0xBEB8, 0xB697, 0xB677, 0xB677, 0xAE56, 0xB677, 0xB697, 0xB697, 0xB677, 0xB677,
    0xB677, 0xB677, 0xB677, 0xB677, 0xB697, 0xBEB8, 0xBEB8, 0xB697, 0xB677, 0xB657, 0xB677, 0xB677, 0xB677, 0xB697, 0xBE98, 0xBE98,
    0xB697, 0xB697, 0xB697, 0xB697, 0xB657, 0xAE56, 0xB677, 0xB677, 0xB677, 0xB677, 0xB677, 0xB677, 0xB677, 0xB677, 0xB677, 0xAE76,
    0xB697, 0xB697, 0xB697, 0xB697, 0xB677, 0xAE77, 0xAE77, 0xAE77, 0xAE77, 0xAE77, 0xAE57, 0xAE57, 0xAE57, 0xAE57, 0xAE77, 0xAE77,
    0xAE77, 0xAE77, 0xAE77, 0xAE77, 0xAE77, 0xAE57, 0xAE57, 0xAE57, 0xAE57, 0xAE57, 0xAE57, 0xAE57, 0xAE57, 0xAE57, 0xA657, 0xA657,
    0xA657, 0xAE57, 0xAE77, 0xAE77, 0xAE77, 0xAE77, 0xAE77, 0xAE77, 0xAE77, 0xAE77, 0xAE77, 0xAE77, 0xAE77, 0xAE77, 0xAE77, 0xAE77,
    0xAE77, 0xAE77, 0xAE98, 0xB698, 0xAE77, 0xAE77, 0xAE57, 0xAE57, 0xAE77, 0xAE77, 0xA657, 0xA657, 0xA657, 0xA657, 0xA657, 0xA657,
    0xA657, 0xA657, 0xA657, 0xA657, 0xA657, 0xA657, 0xA657, 0xA657, 0xAE57, 0xAE77, 0xAE77, 0xAE77, 0xAE77, 0xAE77, 0xAE77, 0xAE77,
    0xAE77, 0xAE77, 0xAE77, 0xAE77, 0xAE77, 0xAE77, 0xAE77, 0xAE77, 0xAE77, 0xAE77, 0xAE77, 0xAE77, 0xAE77, 0xAE77, 0xAE77, 0xAE77,
    0xAE77, 0xAE77, 0xAE77, 0xAE77, 0xBEB7, 0xBE97, 0xBE97, 0xBEB7, 0xBEB7, 0xBE97, 0xBE97, 0xBEB7, 0xBEB8, 0xBEB7, 0xBEB8, 0xC6D8,
    0xC6D8, 0xC6D8, 0xC6D8, 0xCED8, 0xCF19, 0xCF19, 0xCF19, 0xCF19, 0xC6F9, 0xC6F8, 0xC6D8, 0xBEB8, 0xBEB8, 0xBEB8, 0xBEB8, 0xC6F8,
    0xC6F9, 0xC6D9, 0xBEB8, 0xBE98, 0xB697, 0xB697, 0xAE56, 0xB677, 0xBEB8, 0xBED8, 0xBEB8, 0xB697, 0xB677, 0xB697, 0xB697, 0xB697,
    0xB697, 0xBEB8, 0xBEB8, 0xBE98, 0xB677, 0xB657, 0xB677, 0xB677, 0xB677, 0xB697, 0xB697, 0xB697, 0xB697, 0xBE98, 0xBEB8, 0xBE98,
    0xB697, 0xB697, 0xB697, 0xBEB8, 0xBEB8, 0xBE98, 0xB697, 0xB677, 0xB657, 0xAE56, 0xAE56, 0xAE77, 0xAE77, 0xB697, 0xB697, 0xB697,
    0xAE77, 0xAE77, 0xAE77, 0xAE77, 0xAE77, 0xAE77, 0xAE57, 0xAE57, 0xAE57, 0xAE57, 0xAE77, 0xAE77, 0xAE77, 0xAE77, 0xAE98, 0xAE98,
    0xAE98, 0xAE77, 0xAE77, 0xAE77, 0xAE77, 0xAE77, 0xAE77, 0xAE77, 0xAE57, 0xAE57, 0xA657, 0xA657, 0xAE57, 0xAE57, 0xAE77, 0xAE77,
    0xAE77, 0xAE77, 0xAE77, 0xAE77, 0xAE77, 0xAE77, 0xAE77, 0xAE98, 0xAE98, 0xAE98, 0xAE98, 0xAE98, 0xAE98, 0xAE98, 0xAE77, 0xAE77,
    0xAE77, 0xAE57, 0xAE57, 0xAE77, 0xAE77, 0xAE77, 0xA657, 0xA657, 0xA657, 0xA657, 0xA657, 0xA657, 0xA657, 0xA657, 0xA657, 0xA657,
    0xA657, 0xA657, 0xA657, 0xA657, 0xAE57, 0xAE77, 0xAE77, 0xAE77, 0xAE77, 0xAE77, 0xAE77, 0xAE77, 0xAE77, 0xAE77, 0xAE77, 0xAE77,
    0xAE77, 0xAE77, 0xAE77, 0xAE77, 0xAE77, 0xAE77, 0xAE77, 0xAE77, 0xAE77, 0xAE77, 0xAE77, 0xAE77, 0xAE77, 0xAE77, 0xAE77, 0xAE77,
    0xBEB7, 0xBEB7, 0xBEB7, 0xBEB8, 0xBED8, 0xBEB8, 0xBEB7, 0xC6D8, 0xC6D8, 0xBED8, 0xC6D8, 0xC6F8, 0xC6D8, 0xC6B8, 0xC6B8, 0xC6B8,
    0xC6D8, 0xC6D8, 0xC6B8, 0xBE97, 0xBE97, 0xBEB7, 0xBEB8, 0xC6D8, 0xC6D8, 0xC6F9, 0xC6F9, 0xC6F9, 0xC6F9, 0xBED8, 0xBEB8, 0xB697,
    0xB697, 0xB697, 0xB657, 0xB697, 0xBEB8, 0xBEB8, 0xBEB8, 0xB697, 0xB697, 0xBE98, 0xBE98, 0xB697, 0xB697, 0xBEB8, 0xBEB8, 0xBE98,
    0xB697, 0xB677, 0xB677, 0xB677, 0xB697, 0xB677, 0xB677, 0xB677, 0xB697, 0xB697, 0xBEB8, 0xBE98, 0xB697, 0xB697, 0xBEB8, 0xBEB8,
    0xBEB8, 0xBEB8, 0xB697, 0xB697, 0xB677, 0xAE56, 0xAE56, 0xB697, 0xAE77, 0xAE76, 0xAE76, 0xAE77, 0xAE77, 0xB697, 0xAE77, 0xAE77,
    0xAE77, 0xAE77, 0xAE57, 0xAE57, 0xAE57, 0xAE57, 0xAE57, 0xAE57, 0xAE77, 0xAE77, 0xAE77, 0xAE77, 0xAE98, 0xAE77, 0xAE77, 0xAE77,
    0xAE77, 0xAE77, 0xAE77, 0xAE77, 0xAE57, 0xAE57, 0xAE57, 0xAE57, 0xAE57, 0xAE57, 0xAE77, 0xAE77, 0xAE77, 0xAE77, 0xAE77, 0xAE77,
    0xAE77, 0xAE77, 0xAE77, 0xAE98, 0xAE98, 0xAE98, 0xAE98, 0xAE98, 0xAE98, 0xAE98, 0xAE77, 0xAE57, 0xAE57, 0xAE57, 0xAE57, 0xAE77,
    0xAE77, 0xAE77, 0xA657, 0xA657, 0xA657, 0xA657, 0xA657, 0xA657, 0xA657, 0xA657, 0xA657, 0xA657, 0xA657, 0xA657, 0xA657, 0xA657,
    0xAE57, 0xAE77, 0xAE77, 0xAE77, 0xAE77, 0xAE77, 0xAE77, 0xAE77, 0xAE77, 0xAE77, 0xAE77, 0xAE77, 0xAE77, 0xAE77, 0xAE77, 0xAE77,
    0xAE77, 0xAE77, 0xAE77, 0xAE77, 0xAE77, 0xAE77, 0xAE77, 0xAE77, 0xAE77, 0xAE77, 0xAE77, 0xAE77, 0xBEB7, 0xBEB7, 0xC6D8, 0xC6D8,
    0xC6F8, 0xC6F8, 0xC6D8, 0xC6F8, 0xC6F9, 0xC6F8, 0xC6F8, 0xCEF9, 0xCED8, 0xC6B8, 0xC6B8, 0xC698, 0xC698, 0xBE97, 0xBE77, 0xBE77,
    0xBE77, 0xBE97, 0xBEB7, 0xBEB8, 0xBEB8, 0xBED8, 0xBED8, 0xBED8, 0xBED8, 0xBEB8, 0xB697, 0xB677, 0xB677, 0xB677, 0xB677, 0xB677,
    0xB697, 0xB697, 0xB677, 0xB697, 0xBE98, 0xBEB8, 0xBEB8, 0xB697, 0xB697, 0xBE98, 0xBEB8, 0xBE98, 0xB697, 0xB677, 0xB677, 0xB697,
    0xB697, 0xB697, 0xB677, 0xB677, 0xB677, 0xB677, 0xB697, 0xB697, 0xB677, 0xB677, 0xB697, 0xB697, 0xB677, 0xB697, 0xB697, 0xB697,
    0xB677, 0xB677, 0xAE77, 0xB697, 0xAE77, 0xAE76, 0xAE56, 0xAE76, 0xAE77, 0xB697, 0xB677, 0xAE77, 0xAE77, 0xAE77, 0xAE57, 0xAE57,
    0xAE57, 0xAE57, 0xA657, 0xA657, 0xAE57, 0xAE57, 0xAE77, 0xAE77, 0xAE77, 0xAE77, 0xAE77, 0xAE77, 0xAE77, 0xAE77, 0xAE77, 0xAE77,
    0xAE77, 0xAE77, 0xAE77, 0xAE77, 0xAE77, 0xAE77, 0xAE77, 0xAE77, 0xAE77, 0xAE77, 0xAE77, 0xAE77, 0xAE77, 0xAE77, 0xAE77, 0xAE77,
    0xAE77, 0xAE77, 0xAE77, 0xAE77, 0xAE77, 0xAE77, 0xAE57, 0xAE57, 0xAE57, 0xAE77, 0xAE77, 0xAE77, 0xAE77, 0xAE77, 0xA657, 0xA657,
    0xA657, 0xA657, 0xA657, 0xA657, 0xA657, 0xA657, 0xA657, 0xA657, 0xA657, 0xA657, 0xA657, 0xA657, 0xAE57, 0xAE77, 0xAE77, 0xAE77,
    0xAE77, 0xAE77, 0xAE77, 0xAE77, 0xAE77, 0xAE77, 0xAE77, 0xAE77, 0xAE77, 0xAE77, 0xAE77, 0xAE77, 0xAE77, 0xAE77, 0xAE77, 0xAE77,
    0xAE77, 0xAE77, 0xAE77, 0xAE77, 0xAE77, 0xAE77, 0xAE77, 0xAE77, 0xBEB7, 0xBEB8, 0xC6D8, 0xC6F8, 0xC6F9, 0xC6F8, 0xC6D8, 0xC6F9,
    0xC6F9, 0xC6F8, 0xC6F8, 0xCEF9, 0xCEF9, 0xCED8, 0xCEB8, 0xCEB8, 0xC6B8, 0xC698, 0xBE97, 0xBE97, 0xBEB7, 0xBEB7, 0xBEB7, 0xBE97,
    0xB677, 0xB676, 0xB677, 0xB697, 0xB697, 0xB697, 0xB677, 0xB677, 0xB657, 0xB677, 0xB677, 0xB677, 0xB677, 0xB677, 0xB677, 0xB677,
    0xBE98, 0xBEB8, 0xBEB8, 0xB697, 0xB697, 0xB697, 0xBE98, 0xB697, 0xB697, 0xB697, 0xB697, 0xBEB8, 0xBEB8, 0xB697, 0xB677, 0xAE56,
    0xB657, 0xB677, 0xB677, 0xB677, 0xB657, 0xAE56, 0xB677, 0xB677, 0xB677, 0xB677, 0xB697, 0xB697, 0xB697, 0xB677, 0xB677, 0xB677,
    0xAE76, 0xAE76, 0xAE56, 0xAE76, 0xAE77, 0xB677, 0xAE77, 0xAE77, 0xAE77, 0xAE77, 0xAE57, 0xAE57, 0xAE57, 0xAE57, 0xAE57, 0xAE57,
    0xAE57, 0xAE57, 0xAE57, 0xAE57, 0xAE57, 0xAE77, 0xAE77, 0xAE77, 0xAE77, 0xAE77, 0xAE77, 0xAE77, 0xAE77, 0xAE77, 0xAE98, 0xAE98,
    0xAE77, 0xAE77, 0xAE77, 0xAE77, 0xAE77, 0xAE77, 0xAE77, 0xAE77, 0xAE77, 0xAE77, 0xAE77, 0xAE57, 0xAE57, 0xAE57, 0xAE57, 0xAE57,
    0xAE57, 0xAE57, 0xAE77, 0xAE77, 0xAE77, 0xAE77, 0xAE77, 0xAE77, 0xAE57, 0xAE57, 0xA657, 0xA657, 0xA657, 0xA657, 0xA657, 0xA657,
    0xA657, 0xA657, 0xA657, 0xA657, 0xA657, 0xA657, 0xA657, 0xA657, 0xAE57, 0xAE77, 0xAE77, 0xAE77, 0xAE77, 0xAE77, 0xAE77, 0xAE77,
    0xAE77, 0xAE77, 0xAE77, 0xAE77, 0xAE77, 0xAE77, 0xAE77, 0xAE77, 0xAE77, 0xAE77, 0xAE77, 0xAE77, 0xAE77, 0xAE77, 0xAE77, 0xAE77,
    0xAE77, 0xAE77, 0xAE77, 0xAE77, 0xBEB8, 0xBEB7, 0xBEB7, 0xC6B8, 0xC6D8, 0xC6D8, 0xC6D8, 0xC6D8, 0xC6F8, 0xC6D8, 0xC6D8, 0xC6D8,
    0xCEF9, 0xCED8, 0xCEB8, 0xCED8, 0xCED8, 0xCED8, 0xC6B8, 0xC6B8, 0xC6B8, 0xBEB8, 0xBEB7, 0xBE97, 0xB676, 0xAE56, 0xAE56, 0xAE56,
    0xB677, 0xB697, 0xB697, 0xB677, 0xB657, 0xB677, 0xB677, 0xB677, 0xB697, 0xB697, 0xB697, 0xB697, 0xB697, 0xBEB8, 0xBEB8, 0xB697,
    0xB677, 0xB697, 0xB697, 0xB697, 0xB697, 0xBE98, 0xBEB8, 0xBEB8, 0xBEB8, 0xB697, 0xB677, 0xAE56, 0xB677, 0xB677, 0xB677, 0xB677,
    0xAE56, 0xAE56, 0xAE56, 0xAE56, 0xB657, 0xB677, 0xB697, 0xB697, 0xB677, 0xB677, 0xAE56, 0xAE76, 0xAE76, 0xAE76, 0xAE76, 0xAE77,
    0xAE77, 0xAE77, 0xAE77, 0xAE77, 0xAE77, 0xAE77, 0xAE57, 0xAE57, 0xAE57, 0xAE77, 0xAE98, 0xAE77, 0xAE77, 0xAE77, 0xAE57, 0xAE57,
    0xAE57, 0xAE57, 0xAE57, 0xAE57, 0xAE57, 0xAE57, 0xAE57, 0xAE57, 0xAE77, 0xAE98, 0xB698, 0xB698, 0xB698, 0xAE98, 0xAE77, 0xAE77,
    0xAE77, 0xAE77, 0xAE77, 0xAE77, 0xAE77, 0xAE77, 0xAE77, 0xAE77, 0xAE77, 0xAE77, 0xAE77, 0xAE77, 0xAE77, 0xAE77, 0xAE77, 0xAE77,
    0xAE98, 0xAE98, 0xAE77, 0xAE77, 0xAE57, 0xA657, 0xA657, 0xA657, 0xA657, 0xA657, 0xA657, 0xA657, 0xA657, 0xA657, 0xA657, 0xA657,
    0xA657, 0xA657, 0xA657, 0xA657, 0xAE57, 0xAE77, 0xAE77, 0xAE77, 0xAE77, 0xAE77, 0xAE77, 0xAE77, 0xAE77, 0xAE77, 0xAE77, 0xAE77,
    0xAE77, 0xAE77, 0xAE77, 0xAE77, 0xAE77, 0xAE77, 0xAE77, 0xAE77, 0xAE77, 0xAE77, 0xAE77, 0xAE77, 0xAE77, 0xAE77, 0xAE77, 0xAE77,
    0xC6B8, 0xBE97, 0xBE97, 0xBE97, 0xBEB8, 0xBEB8, 0xBEB7, 0xBEB8, 0xBEB8, 0xBEB8, 0xBE97, 0xC6B8, 0xC6B8, 0xC698, 0xC697, 0xC6B8,
    0xC6D8, 0xC6D8, 0xC6D8, 0xBEB8, 0xBEB7, 0xBEB8, 0xBEB8, 0xBEB8, 0xB697, 0xB677, 0xAE56, 0xAE56, 0xB677, 0xBE98, 0xB697, 0xB677,
    0xB677, 0xB677, 0xAE56, 0xB697, 0xBEB8, 0xBED8, 0xBEB8, 0xB697, 0xB697, 0xBEB8, 0xBEB8, 0xB697, 0xB677, 0xB697, 0xB697, 0xB697,
    0xB697, 0xBEB8, 0xBEB8, 0xBED8, 0xBEB8, 0xB697, 0xB677, 0xAE56, 0xB677, 0xB697, 0xB697, 0xB677, 0xAE57, 0xAE56, 0xAE56, 0xAE57,
    0xB677, 0xB677, 0xB698, 0xB698, 0xB677, 0xAE57, 0xAE56, 0xAE77, 0xAE77, 0xAE77, 0xAE77, 0xAE77, 0xAE77, 0xAE77, 0xB677, 0xAE77,
    0xAE77, 0xAE77, 0xAE77, 0xAE57, 0xAE57, 0xAE77, 0xB6B8, 0xB698, 0xB698, 0xAE77, 0xAE77, 0xAE77, 0xAE77, 0xAE57, 0xAE57, 0xAE57,
    0xAE57, 0xAE57, 0xAE57, 0xAE57, 0xAE98, 0xB698, 0xB698, 0xB698, 0xB698, 0xAE98, 0xAE77, 0xAE77, 0xAE77, 0xAE77, 0xAE77, 0xAE77,
    0xAE77, 0xAE77, 0xAE77, 0xAE77, 0xAE77, 0xAE77, 0xAE77, 0xAE77, 0xAE77, 0xAE77, 0xAE77, 0xAE98, 0xAE98, 0xAE98, 0xAE77, 0xAE77,
    0xA657, 0xA657, 0xA657, 0xA657, 0xA657, 0xA657, 0xA657, 0xA657, 0xA657, 0xA657, 0xA657, 0xA657, 0xA657, 0xA657, 0xA657, 0xA657,
    0xAE57, 0xAE77, 0xAE77, 0xAE77, 0xAE77, 0xAE78, 0xAE78, 0xAE78, 0xAE57, 0xAE57, 0xAE57, 0xAE57, 0xAE57, 0xAE57, 0xAE57, 0xAE97,
    0xAE97, 0xAE97, 0xAE97, 0xAE97, 0xAE97, 0xAE97, 0xAE77, 0xAE77, 0xAE77, 0xAE77, 0xAE77, 0xAE77, 0xBED8, 0xBEB8, 0xB697, 0xBEB7,
    0xBEB8, 0xB697, 0xB697, 0xB697, 0xBEB8, 0xBED8, 0xBEB7, 0xB677, 0xBE97, 0xBE97, 0xB677, 0xB677, 0xB677, 0xB697, 0xBE97, 0xB677,
    0xB677, 0xBEB8, 0xBED8, 0xBED8, 0xBED8, 0xBED8, 0xBED8, 0xBEB8, 0xBEB8, 0xB697, 0xB677, 0xB677, 0xB697, 0xB697, 0xB657, 0xB677,
    0xB677, 0xB697, 0xBEB8, 0xBEB8, 0xB697, 0xB697, 0xBEB8, 0xBEB8, 0xBEB8, 0xBEB8, 0xBEB8, 0xBEB8, 0xBEB8, 0xB697, 0xBEB8, 0xBE98,
    0xB697, 0xB677, 0xB677, 0xB677, 0xB677, 0xAE77, 0xAE77, 0xAE77, 0xAE57, 0xAE57, 0xAE57, 0xAE36, 0xAE36, 0xAE77, 0xB697, 0xB6B8,
    0xB698, 0xB697, 0xAE77, 0xAE57, 0xAE77, 0xB677, 0xAE77, 0xAE57, 0xAE57, 0xAE77, 0xB698, 0xB698, 0xAE77, 0xAE77, 0xB677, 0xB677,
    0xAE77, 0xAE57, 0xAE57, 0xAE57, 0xAE77, 0xAE77, 0xAE98, 0xB6B8, 0xB6B8, 0xAE98, 0xAE98, 0xAE98, 0xAE77, 0xAE77, 0xAE77, 0xAE77,
    0xAE77, 0xAE77, 0xAE57, 0xAE57, 0xAE57, 0xAE77, 0xAE77, 0xAE77, 0xAE57, 0xAE77, 0xAE77, 0xAE98, 0xAE98, 0xAE98, 0xAE98, 0xA657,
    0xA657, 0xAE57, 0xAE57, 0xAE77, 0xAE77, 0xAE77, 0xAE57, 0xAE57, 0xAE57, 0xAE57, 0xAE57, 0xAE57, 0xAE57, 0xAE57, 0xA657, 0xA657,
    0xA657, 0xA657, 0xA657, 0xA657, 0xA657, 0xA657, 0xA657, 0xA657, 0xA657, 0xA657, 0xA657, 0xA657, 0xA657, 0xA657, 0xA657, 0xA657,
    0xA657, 0xA657, 0xA657, 0xA657, 0xA657, 0xA657, 0xA657, 0xA657, 0xA657, 0xA657, 0xA657, 0xAE98, 0xAE98, 0xAE97, 0xAE77, 0xAE77,
    0xAE77, 0xAE77, 0xAE77, 0xAE77, 0xAE77, 0xAE77, 0xAE77, 0xAE77, 0xC6D9, 0xBEB8, 0xBEB8, 0xBEB8, 0xBEB8, 0xB677, 0xB677, 0xB677,
    0xBEB8, 0xBED8, 0xBEB8, 0xB698, 0xB697, 0xB697, 0xB697, 0xB697, 0xB697, 0xBE98, 0xBEB8, 0xB677, 0xB677, 0xB677, 0xB697, 0xBEB8,
    0xBEB8, 0xBED8, 0xBEB8, 0xB677, 0xB657, 0xB657, 0xB677, 0xB677, 0xB697, 0xBE98, 0xB677, 0xB657, 0xB657, 0xB677, 0xB697, 0xB697,
    0xB677, 0xB697, 0xBE98, 0xBE98, 0xBE98, 0xB697, 0xB697, 0xB697, 0xB697, 0xB697, 0xBEB8, 0xBE98, 0xB697, 0xB677, 0xB677, 0xB677,
    0xB678, 0xB698, 0xB678, 0xAE77, 0xB677, 0xAE77, 0xAE77, 0xAE57, 0xAE57, 0xB677, 0xB698, 0xB6B8, 0xB6B8, 0xB698, 0xB678, 0xAE77,
    0xB698, 0xB698, 0xB698, 0xAE77, 0xB677, 0xB698, 0xB698, 0xB677, 0xAE77, 0xAE77, 0xAE77, 0xAE77, 0xAE57, 0xAE57, 0xAE57, 0xAE57,
    0xAE57, 0xAE57, 0xAE77, 0xAE77, 0xAE98, 0xAE98, 0xAE98, 0xAE98, 0xAE98, 0xAE98, 0xAE98, 0xAE98, 0xAE77, 0xAE77, 0xAE77, 0xAE77,
    0xAE77, 0xAE77, 0xAE57, 0xAE57, 0xA657, 0xAE57, 0xAE57, 0xAE57, 0xAE57, 0xAE57, 0xAE57, 0xA657, 0xAE57, 0xAE57, 0xAE57, 0xAE77,
    0xAE77, 0xAE77, 0xAE77, 0xAE57, 0xAE57, 0xAE57, 0xAE57, 0xAE57, 0xAE57, 0xAE57, 0xA657, 0xA657, 0xA657, 0xA657, 0xA657, 0xA657,
    0xA657, 0xA657, 0xA657, 0xA657, 0xA657, 0xA657, 0xA657, 0xA657, 0xA657, 0xA657, 0xA657, 0xA657, 0xA657, 0xA657, 0xA657, 0xA657,
    0xA657, 0xA657, 0xA657, 0xA657, 0xA657, 0xA657, 0xA657, 0xAE98, 0xAE97, 0xAE77, 0xAE77, 0xAE77, 0xAE77, 0xAE77, 0xAE77, 0xAE77,
    0xAE77, 0xAE77, 0xAE77, 0xAE77, 0xBEB8, 0xBEB8, 0xBE98, 0xBEB8, 0xB697, 0xAE56, 0xAE56, 0xB677, 0xBEB8, 0xBEB8, 0xBEB8, 0xBEB8,
    0xB697, 0xB697, 0xBE98, 0xBEB8, 0xBEB8, 0xBEB8, 0xBEB8, 0xB697, 0xB677, 0xB677, 0xB677, 0xB677, 0xB677, 0xB697, 0xB697, 0xAE56,
    0xAE56, 0xAE56, 0xB657, 0xB677, 0xB677, 0xB697, 0xB677, 0xB677, 0xAE56, 0xB657, 0xB677, 0xB677, 0xB677, 0xB697, 0xBEB8, 0xB697,
    0xB697, 0xB697, 0xB677, 0xB677, 0xB677, 0xB697, 0xBEB8, 0xBE98, 0xB697, 0xB677, 0xB677, 0xB677, 0xB697, 0xB698, 0xB698, 0xB698,
    0xB698, 0xB677, 0xB677, 0xAE77, 0xAE77, 0xB677, 0xB698, 0xB6B8, 0xB698, 0xB698, 0xB698, 0xB698, 0xB698, 0xB6B8, 0xB698, 0xB698,
    0xB698, 0xB6B8, 0xB698, 0xB677, 0xAE77, 0xAE77, 0xB698, 0xB698, 0xAE77, 0xAE77, 0xAE77, 0xAE57, 0xA657, 0xA657, 0xAE57, 0xAE77,
    0xAE77, 0xAE98, 0xAE98, 0xAE98, 0xB698, 0xB698, 0xB698, 0xB698, 0xAE77, 0xAE77, 0xAE98, 0xAE98, 0xAE98, 0xAE77, 0xA657, 0xAE57,
    0xAE77, 0xAE77, 0xAE77, 0xAE77, 0xAE57, 0xAE57, 0xAE57, 0xAE57, 0xAE57, 0xAE57, 0xAE57, 0xAE77, 0xAE77, 0xAE77, 0xAE77, 0xAE77,
    0xAE77, 0xAE77, 0xAE77, 0xAE77, 0xAE77, 0xAE77, 0xA657, 0xA657, 0xA657, 0xA657, 0xA657, 0xA657, 0xA657, 0xA657, 0xA657, 0xA657,
    0xA657, 0xA657, 0xA657, 0xA657, 0xA657, 0xA657, 0xA657, 0xA657, 0xA657, 0xA657, 0xA657, 0xA657, 0xA657, 0xA657, 0xA657, 0xA657,
    0xA657, 0xA657, 0xA657, 0xAE77, 0xAE77, 0xAE77, 0xAE77, 0xAE77, 0xAE77, 0xAE77, 0xAE77, 0xAE77, 0xAE77, 0xAE77, 0xAE77, 0xAE77,
    0xB677, 0xB697, 0xB697, 0xB697, 0xB677, 0xAE56, 0xB677, 0xB697, 0xB697, 0xBE98, 0xBE98, 0xB697, 0xB697, 0xBE98, 0xBEB8, 0xBEB8,
    0xBED8, 0xBED8, 0xBEB8, 0xBEB8, 0xB697, 0xB677, 0xB677, 0xAE56, 0xAE56, 0xB677, 0xB677, 0xB677, 0xB677, 0xB677, 0xB677, 0xB677,
    0xB677, 0xB677, 0xBE98, 0xB697, 0xB677, 0xB677, 0xB677, 0xB697, 0xB697, 0xBEB8, 0xBEB8, 0xBEB8, 0xBEB8, 0xB697, 0xB697, 0xB677,
    0xB677, 0xB697, 0xBEB8, 0xBE98, 0xB697, 0xB677, 0xB677, 0xB677, 0xB677, 0xAE77, 0xAE77, 0xAE77, 0xAE77, 0xB677, 0xAE77, 0xAE77,
    0xAE57, 0xAE77, 0xB698, 0xB698, 0xB698, 0xB677, 0xAE77, 0xB698, 0xB698, 0xB698, 0xB698, 0xB698, 0xB698, 0xB698, 0xB698, 0xB698,
    0xB698, 0xB698, 0xB698, 0xB698, 0xB698, 0xB678, 0xAE98, 0xAE77, 0xAE57, 0xAE57, 0xAE57, 0xAE57, 0xAE57, 0xAE77, 0xAE77, 0xAE77,
    0xAE77, 0xAE98, 0xAE98, 0xB698, 0xAE77, 0xAE98, 0xAE98, 0xB698, 0xAE98, 0xAE77, 0xA657, 0xAE77, 0xB6B8, 0xB6B8, 0xB698, 0xAE77,
    0xAE77, 0xAE77, 0xAE77, 0xAE57, 0xAE57, 0xAE57, 0xAE57, 0xAE57, 0xAE77, 0xAE77, 0xAE77, 0xAE77, 0xAE77, 0xAE77, 0xAE77, 0xAE77,
    0xAE77, 0xAE77, 0xA657, 0xA657, 0xA657, 0xA657, 0xA657, 0xA657, 0xA657, 0xA657, 0xA657, 0xA657, 0xA657, 0xA657, 0xA657, 0xA657,
    0xA657, 0xA657, 0xA657, 0xA657, 0xA657, 0xA657, 0xA657, 0xA657, 0xA657, 0xA657, 0xA657, 0xA657, 0xA657, 0xA657, 0xA657, 0xAE77,
    0xAE77, 0xAE77, 0xAE77, 0xAE77, 0xAE77, 0xAE77, 0xAE77, 0xAE77, 0xAE77, 0xAE77, 0xAE77, 0xAE77, 0xB697, 0xBE98, 0xBEB8, 0xBE98,
    0xB697, 0xB677, 0xBE98, 0xBEB8, 0xBE98, 0xB697, 0xB697, 0xB697, 0xBEB8, 0xBEB8, 0xBEB8, 0xBEB8, 0xBEB8, 0xBED8, 0xBED8, 0xB697,
    0xB677, 0xB677, 0xB657, 0xB677, 0xB677, 0xB697, 0xB697, 0xAE56, 0xB677, 0xB677, 0xB697, 0xBEB8, 0xBEB8, 0xBED8, 0xBEB8, 0xB697,
    0xB677, 0xB677, 0xB697, 0xBEB8, 0xBEB8, 0xBEB8, 0xBED8, 0xBEB8, 0xBEB8, 0xBEB8, 0xBE98, 0xB697, 0xB697, 0xB697, 0xBEB8, 0xBE98,
    0xB697, 0xB677, 0xB677, 0xB677, 0xAE57, 0xAE57, 0xAE57, 0xAE57, 0xAE77, 0xAE77, 0xAE77, 0xAE57, 0xAE57, 0xAE77, 0xAE77, 0xAE77,
    0xAE77, 0xAE77, 0xAE77, 0xB698, 0xAE77, 0xAE77, 0xAE77, 0xB698, 0xAE77, 0xAE77, 0xB698, 0xB698, 0xB698, 0xB698, 0xB6B8, 0xB6B8,
    0xB6B8, 0xB698, 0xB698, 0xAE98, 0xAE77, 0xAE77, 0xAE77, 0xAE77, 0xAE77, 0xAE57, 0xAE57, 0xAE57, 0xAE77, 0xAE77, 0xAE77, 0xAE77,
    0xAE77, 0xAE77, 0xAE77, 0xAE98, 0xAE77, 0xAE77, 0xAE77, 0xAE77, 0xB6B8, 0xB698, 0xAE98, 0xAE77, 0xAE77, 0xAE77, 0xAE77, 0xAE77,
    0xAE77, 0xAE77, 0xAE57, 0xAE57, 0xAE57, 0xAE57, 0xAE77, 0xAE77, 0xAE77, 0xAE77, 0xAE77, 0xAE77, 0xAE77, 0xAE77, 0xA657, 0xA657,
    0xA657, 0xA657, 0xA657, 0xA657, 0xA657, 0xA657, 0xA657, 0xA657, 0xA657, 0xA657, 0xA657, 0xA657, 0xA657, 0xA657, 0xA657, 0xA657,
    0xA657, 0xA657, 0xA657, 0xA657, 0xA657, 0xA657, 0xA657, 0xA657, 0xA657, 0xA657, 0xA657, 0xAE77, 0xAE77, 0xAE77, 0xAE77, 0xAE77,
    0xAE77, 0xAE77, 0xAE77, 0xAE77, 0xAE77, 0xAE77, 0xAE77, 0xAE77, 0xBED8, 0xC6D9, 0xC6D9, 0xBED8, 0xBEB8, 0xB697, 0xBEB8, 0xBED8,
    0xBEB8, 0xBEB8, 0xBEB8, 0xBEB8, 0xC6D9, 0xBED8, 0xBEB8, 0xBEB8, 0xBEB8, 0xBEB8, 0xBED8, 0xB677, 0xAE56, 0xB677, 0xB677, 0xB697,
    0xBEB8, 0xBED8, 0xBE98, 0xAE36, 0xB677, 0xB697, 0xBEB8, 0xBED8, 0xBED8, 0xC6D9, 0xB697, 0xB677, 0xB677, 0xB697, 0xBEB8, 0xBED8,
    0xBEB8, 0xBEB8, 0xBEB8, 0xBEB8, 0xBEB8, 0xBEB8, 0xBEB8, 0xBE98, 0xBE98, 0xB697, 0xBEB8, 0xBE98, 0xB697, 0xB677, 0xB677, 0xB677,
    0xAE57, 0xAE57, 0xAE57, 0xAE57, 0xAE77, 0xAE77, 0xAE77, 0xAE77, 0xAE77, 0xAE77, 0xAE77, 0xAE77, 0xAE77, 0xAE77, 0xAE77, 0xB698,
    0xAE77, 0xAE57, 0xAE77, 0xB677, 0xAE77, 0xAE77, 0xB698, 0xB698, 0xB677, 0xB698, 0xB698, 0xB6B8, 0xB698, 0xB698, 0xB698, 0xAE98,
    0xAE77, 0xAE77, 0xAE77, 0xAE77, 0xAE77, 0xAE57, 0xAE77, 0xAE57, 0xAE57, 0xAE77, 0xAE77, 0xAE77, 0xAE77, 0xAE77, 0xAE77, 0xAE77,
    0xAE77, 0xAE77, 0xAE77, 0xAE98, 0xB698, 0xAE77, 0xAE57, 0xA657, 0xA657, 0xAE57, 0xAE77, 0xAE77, 0xAE77, 0xAE77, 0xAE77, 0xAE57,
    0xAE57, 0xAE57, 0xAE57, 0xAE77, 0xAE77, 0xAE77, 0xAE77, 0xAE77, 0xAE77, 0xAE77, 0xA657, 0xA657, 0xA657, 0xA657, 0xA657, 0xA657,
    0xA657, 0xA657, 0xA657, 0xA657, 0xA657, 0xA657, 0xA657, 0xA657, 0xA657, 0xA657, 0xA657, 0xA657, 0xA657, 0xA657, 0xA657, 0xA657,
    0xA657, 0xA657, 0xA657, 0xA657, 0xA657, 0xA657, 0xA657, 0xAE57, 0xAE57, 0xAE57, 0xAE77, 0xAE77, 0xAE77, 0xAE77, 0xAE77, 0xAE77,
    0xAE77, 0xAE77, 0xAE77, 0xAE77, 0xBED8, 0xC6F9, 0xC6F9, 0xBED8, 0xB697, 0xB697, 0xBEB8, 0xC6D9, 0xBED8, 0xBED8, 0xC6D9, 0xC6F9,
    0xC719, 0xC6F9, 0xBEB8, 0xB697, 0xB697, 0xBEB8, 0xBED8, 0xBEB8, 0xBEB8, 0xBEB8, 0xBEB8, 0xBEB8, 0xBEB8, 0xBE98, 0xB697, 0xB697,
    0xBEB8, 0xBEB8, 0xBEB8, 0xB697, 0xB697, 0xB677, 0xAE56, 0xAE56, 0xB677, 0xB697, 0xBEB8, 0xBED8, 0xBEB8, 0xBE98, 0xBE98, 0xBE98,
    0xBE98, 0xB697, 0xBE98, 0xBE98, 0xBE98, 0xB697, 0xBEB8, 0xBE98, 0xB697, 0xB657, 0xB677, 0xB677, 0xAE77, 0xAE77, 0xAE77, 0xAE77,
    0xB677, 0xB677, 0xB698, 0xB698, 0xB698, 0xB698, 0xB698, 0xB698, 0xB698, 0xB698, 0xB698, 0xB698, 0xAE77, 0xAE57, 0xB698, 0xB698,
    0xB698, 0xAE77, 0xAE77, 0xAE57, 0xAE57, 0xAE57, 0xB677, 0xB698, 0xB677, 0xAE77, 0xAE77, 0xAE77, 0xAE57, 0xAE57, 0xAE57, 0xAE77,
    0xAE77, 0xAE98, 0xAE98, 0xAE77, 0xAE77, 0xAE77, 0xAE77, 0xAE77, 0xAE77, 0xAE57, 0xA636, 0xA636, 0xA657, 0xAE77, 0xB698, 0xB6B8,
    0xB6B8, 0xAE98, 0xAE77, 0xAE57, 0xAE77, 0xAE77, 0xAE98, 0xAE77, 0xAE77, 0xAE77, 0xAE77, 0xAE57, 0xAE57, 0xA657, 0xAE57, 0xAE57,
    0xAE57, 0xAE57, 0xAE57, 0xAE57, 0xAE57, 0xAE57, 0xA657, 0xA657, 0xA657, 0xA657, 0xA657, 0xA657, 0xA657, 0xA657, 0xA657, 0xA657,
    0xA657, 0xA657, 0xA657, 0xA657, 0xA657, 0xA657, 0xA657, 0xA657, 0xA657, 0xA657, 0xA657, 0xA657, 0xA657, 0xA657, 0xA657, 0xA657,
    0xA657, 0xA657, 0xA657, 0xA657, 0xA657, 0xAE57, 0xAE57, 0xAE77, 0xAE77, 0xAE77, 0xAE77, 0xAE77, 0xAE77, 0xAE77, 0xAE77, 0xAE77,
    0xBEB8, 0xBEB8, 0xBEB8, 0xBED8, 0xBEB8, 0xB697, 0xBEB8, 0xBED8, 0xBEB8, 0xBEB8, 0xBED8, 0xBED8, 0xBED8, 0xBEB8, 0xB697, 0xB677,
    0xB677, 0xB697, 0xBEB8, 0xBEB8, 0xBED8, 0xBEB8, 0xBEB8, 0xBE98, 0xB677, 0xAE56, 0xB657, 0xBE98, 0xB677, 0xB677, 0xB697, 0xB677,
    0xAE56, 0xAE36, 0xAE36, 0xAE36, 0xAE56, 0xB677, 0xB697, 0xB697, 0xB697, 0xB697, 0xB697, 0xB697, 0xB677, 0xB677, 0xB677, 0xB697,
    0xB697, 0xBE98, 0xBEB8, 0xBEB8, 0xBE98, 0xB697, 0xB697, 0xB697, 0xAE57, 0xAE77, 0xB698, 0xB698, 0xB677, 0xB698, 0xB698, 0xB698,
    0xB698, 0xB698, 0xB698, 0xB698, 0xB698, 0xB698, 0xB698, 0xAE77, 0xAE77, 0xAE77, 0xB677, 0xB698, 0xB698, 0xB698, 0xAE77, 0xAE77,
    0xAE57, 0xAE57, 0xAE77, 0xAE57, 0xAE57, 0xAE57, 0xAE77, 0xAE57, 0xA657, 0xA657, 0xAE57, 0xAE77, 0xAE77, 0xAE77, 0xAE77, 0xAE77,
    0xAE77, 0xAE77, 0xAE77, 0xAE77, 0xAE77, 0xAE77, 0xAE77, 0xAE77, 0xAE77, 0xAE77, 0xAE98, 0xAE98, 0xAE98, 0xAE77, 0xAE77, 0xAE77,
    0xAE77, 0xB698, 0xB6B8, 0xB698, 0xAE98, 0xAE77, 0xAE77, 0xAE57, 0xAE57, 0xAE57, 0xAE57, 0xAE57, 0xAE57, 0xAE57, 0xAE57, 0xA657,
    0xA657, 0xAE57, 0xAE77, 0xAE78, 0xAE78, 0xAE78, 0xAE78, 0xAE78, 0xAE78, 0xA657, 0xA657, 0xA657, 0xA657, 0xA657, 0xA657, 0xA657,
    0xA657, 0xA657, 0xA657, 0xA657, 0xA657, 0xA657, 0xA657, 0xA657, 0xA657, 0xA657, 0xA657, 0xA657, 0xA657, 0xA657, 0xA657, 0xAE57,
    0xAE57, 0xAE57, 0xAE57, 0xAE77, 0xAE77, 0xAE77, 0xAE77, 0xAE77, 0xAE77, 0xAE77, 0xAE77, 0xAE77, 0xBEB8, 0xB657, 0xB677, 0xBED8,
    0xC6F9, 0xBEB8, 0xBE98, 0xB677, 0xB677, 0xB677, 0xB677, 0xB697, 0xB677, 0xB677, 0xB657, 0xB657, 0xB657, 0xB677, 0xB677, 0xB697,
    0xB677, 0xAE56, 0xAE56, 0xB677, 0xB677, 0xB657, 0xB657, 0xAE56, 0xAE36, 0xAE56, 0xB697, 0xB697, 0xB677, 0xB657, 0xAE56, 0xAE56,
    0xAE56, 0xAE56, 0xB657, 0xB657, 0xB677, 0xB697, 0xB697, 0xB697, 0xB677, 0xB677, 0xB677, 0xB697, 0xBE98, 0xB697, 0xBEB8, 0xBEB8,
    0xBEB8, 0xBEB8, 0xBE98, 0xB698, 0xAE57, 0xAE77, 0xB698, 0xB698, 0xAE77, 0xB677, 0xB698, 0xB698, 0xB677, 0xB698, 0xB698, 0xAE77,
    0xAE77, 0xB677, 0xB698, 0xAE57, 0xAE77, 0xB677, 0xAE77, 0xAE77, 0xAE77, 0xB698, 0xB6B8, 0xB698, 0xB698, 0xB677, 0xAE77, 0xAE57,
    0xAE57, 0xAE77, 0xAE77, 0xAE77, 0xAE57, 0xAE57, 0xAE57, 0xAE77, 0xAE77, 0xAE57, 0xA657, 0xA657, 0xAE57, 0xAE77, 0xB698, 0xB6B8,
    0xB698, 0xB698, 0xB6B8, 0xB6B8, 0xB6B8, 0xAE98, 0xAE77, 0xAE57, 0xAE57, 0xAE57, 0xA657, 0xA657, 0xAE77, 0xAE77, 0xAE98, 0xB6D9,
    0xB6B8, 0xB698, 0xAE77, 0xAE57, 0xAE77, 0xAE77, 0xAE77, 0xAE77, 0xAE77, 0xAE77, 0xAE77, 0xAE77, 0xAE77, 0xAE77, 0xAE78, 0xAE78,
    0xAE78, 0xAE78, 0xAE78, 0xAE78, 0xAE78, 0xA657, 0xA657, 0xA657, 0xA657, 0xA657, 0xA657, 0xA657, 0xA657, 0xA657, 0xA657, 0xA657,
    0xA657, 0xA657, 0xA657, 0xA657, 0xA657, 0xA657, 0xA657, 0xA657, 0xA657, 0xA657, 0xA657, 0xAE57, 0xAE57, 0xAE77, 0xAE77, 0xAE77,
    0xAE77, 0xAE77, 0xAE77, 0xAE77, 0xAE97, 0xAE77, 0xAE77, 0xAE77, 0xBED8, 0xB697, 0xB697, 0xB697, 0xBED8, 0xC6D9, 0xB697, 0xB657,
    0xAE56, 0xB677, 0xB697, 0xB697, 0xB677, 0xB677, 0xB677, 0xB697, 0xB697, 0xBE98, 0xBEB8, 0xBE98, 0xB697, 0xB657, 0xB657, 0xB677,
    0xB697, 0xBEB8, 0xBEB8, 0xBEB8, 0xBE98, 0xBEB8, 0xBEB8, 0xB697, 0xB677, 0xB677, 0xB657, 0xB657, 0xB657, 0xB657, 0xB677, 0xB677,
    0xB677, 0xB677, 0xB697, 0xBEB8, 0xBEB8, 0xB697, 0xB697, 0xBEB8, 0xBEB8, 0xB697, 0xB697, 0xBEB8, 0xBEB8, 0xBE98, 0xB697, 0xB697,
    0xB677, 0xB677, 0xB677, 0xAE77, 0xB677, 0xB698, 0xB698, 0xB698, 0xB698, 0xB698, 0xB698, 0xB698, 0xB677, 0xB698, 0xB698, 0xAE77,
    0xB698, 0xB698, 0xAE77, 0xAE77, 0xAE77, 0xB677, 0xB677, 0xAE77, 0xB677, 0xB677, 0xB677, 0xB698, 0xB698, 0xB698, 0xB698, 0xAE77,
    0xAE77, 0xAE57, 0xAE57, 0xAE57, 0xAE77, 0xAE77, 0xAE57, 0xAE57, 0xAE77, 0xAE77, 0xAE98, 0xB698, 0xAE77, 0xAE77, 0xAE77, 0xAE98,
    0xAE98, 0xAE77, 0xAE77, 0xAE77, 0xAE98, 0xAE98, 0xAE77, 0xAE77, 0xAE77, 0xAE57, 0xAE57, 0xB6B8, 0xB698, 0xAE98, 0xAE77, 0xAE77,
    0xAE77, 0xAE77, 0xB698, 0xB6B8, 0xB698, 0xB698, 0xB698, 0xB698, 0xAE98, 0xAE98, 0xAE78, 0xAE78, 0xAE78, 0xAE78, 0xAE78, 0xAE78,
    0xAE78, 0xA657, 0xA657, 0xA657, 0xA657, 0xA657, 0xA657, 0xA657, 0xA657, 0xA657, 0xA657, 0xA657, 0xA657, 0xA657, 0xA657, 0xA657,
    0xAE78, 0xAE78, 0xAE78, 0xAE78, 0xAE78, 0xAE78, 0xAE77, 0xAE57, 0xAE57, 0xAE57, 0xAE77, 0xAE77, 0xAE77, 0xAE77, 0xAE77, 0xAE77,
    0xAE97, 0xAE98, 0xAE98, 0xAE98, 0xBED8, 0xB697, 0xB677, 0xB677, 0xB697, 0xBED8, 0xB677, 0xAE56, 0xB677, 0xB697, 0xBE98, 0xB697,
    0xB677, 0xB677, 0xB697, 0xBEB8, 0xBED8, 0xBED8, 0xBED8, 0xBED8, 0xBE98, 0xB677, 0xB657, 0xB677, 0xBEB8, 0xBED8, 0xBED8, 0xBED8,
    0xBED8, 0xC6F9, 0xBED8, 0xB677, 0xB677, 0xB697, 0xB677, 0xB677, 0xB677, 0xB677, 0xB677, 0xAE56, 0xAE56, 0xB657, 0xB677, 0xBE98,
    0xBEB8, 0xBEB8, 0xBEB8, 0xBEB8, 0xBEB8, 0xBE98, 0xBEB8, 0xBEB8, 0xBEB8, 0xBEB8, 0xBEB8, 0xBEB8, 0xBEB8, 0xB698, 0xAE77, 0xAE77,
    0xB698, 0xB698, 0xB698, 0xB698, 0xB698, 0xB698, 0xB698, 0xB677, 0xAE77, 0xB698, 0xB698, 0xAE77, 0xB698, 0xB698, 0xB677, 0xAE77,
    0xAE77, 0xB698, 0xAE77, 0xAE77, 0xAE77, 0xB677, 0xB698, 0xB698, 0xB6B8, 0xB6B8, 0xB6B8, 0xAE98, 0xAE77, 0xAE57, 0xAE57, 0xAE57,
    0xAE57, 0xAE57, 0xA657, 0xA657, 0xA657, 0xAE57, 0xAE57, 0xAE77, 0xAE57, 0xAE57, 0xAE57, 0xAE57, 0xAE77, 0xAE77, 0xAE77, 0xAE77,
    0xAE57, 0xAE77, 0xAE98, 0xAE98, 0xAE98, 0xAE98, 0xAE77, 0xAE77, 0xAE77, 0xAE77, 0xAE77, 0xAE77, 0xAE77, 0xAE77, 0xAE98, 0xAE98,
    0xAE98, 0xAE98, 0xAE77, 0xAE77, 0xAE77, 0xAE77, 0xAE78, 0xAE78, 0xAE78, 0xAE78, 0xAE78, 0xAE78, 0xAE78, 0xA657, 0xA657, 0xA657,
    0xA657, 0xA657, 0xA657, 0xA657, 0xA657, 0xA657, 0xA657, 0xA657, 0xA657, 0xA657, 0xA657, 0xA657, 0xAE78, 0xAE78, 0xAE78, 0xAE78,
    0xAE78, 0xAE78, 0xAE77, 0xAE57, 0xAE57, 0xAE57, 0xAE77, 0xAE77, 0xAE77, 0xAE77, 0xAE77, 0xAE77, 0xB698, 0xB6B8, 0xB6B8, 0xB698,
    0xB677, 0xB657, 0xB677, 0xAE56, 0xB677, 0xB697, 0xB677, 0xB677, 0xBEB8, 0xBED8, 0xBEB8, 0xB697, 0xB677, 0xB697, 0xBEB8, 0xBEB8,
    0xBED8, 0xBED8, 0xBED8, 0xC6F9, 0xBED8, 0xB697, 0xB677, 0xB677, 0xBEB8, 0xBED8, 0xBEB8, 0xB697, 0xBEB8, 0xBEB8, 0xBEB8, 0xB657,
    0xAE56, 0xB677, 0xB677, 0xB677, 0xB677, 0xB677, 0xB677, 0xB657, 0xAE56, 0xAE56, 0xB677, 0xB697, 0xBEB8, 0xBEB8, 0xBE98, 0xBE98,
    0xBEB8, 0xBEB8, 0xBEB8, 0xBEB8, 0xBEB8, 0xBEB8, 0xBEB8, 0xBEB8, 0xBEB8, 0xB698, 0xAE57, 0xAE77, 0xB698, 0xB6B8, 0xB698, 0xAE77,
    0xAE77, 0xB698, 0xB677, 0xAE77, 0xAE77, 0xAE77, 0xAE77, 0xAE57, 0xAE77, 0xB698, 0xB698, 0xB677, 0xB698, 0xB698, 0xB698, 0xB698,
    0xB698, 0xB698, 0xB698, 0xB698, 0xB698, 0xB6B8, 0xB6B8, 0xB698, 0xAE77, 0xAE57, 0xAE57, 0xAE57, 0xAE57, 0xAE57, 0xAE57, 0xAE57,
    0xAE57, 0xAE57, 0xAE57, 0xAE57, 0xAE77, 0xAE77, 0xAE57, 0xAE57, 0xA657, 0xA657, 0xAE57, 0xA657, 0xA657, 0xAE77, 0xAE98, 0xB6B8,
    0xB6B8, 0xB6B8, 0xB698, 0xAE77, 0xAE77, 0xAE77, 0xAE77, 0xAE77, 0xAE77, 0xAE77, 0xAE77, 0xAE77, 0xAE57, 0xAE57, 0xAE57, 0xA657,
    0xA657, 0xA657, 0xA657, 0xA657, 0xA657, 0xA657, 0xA657, 0xA657, 0xA657, 0xA657, 0xA657, 0xA657, 0xA657, 0xA657, 0xA657, 0xA657,
    0xA657, 0xA657, 0xA657, 0xA657, 0xA657, 0xA657, 0xA657, 0xA657, 0xAE78, 0xAE78, 0xAE78, 0xAE78, 0xAE78, 0xAE78, 0xAE77, 0xAE57,
    0xAE57, 0xAE77, 0xAE77, 0xAE77, 0xAE77, 0xAE77, 0xAE77, 0xAE97, 0xB698, 0xB6B8, 0xB6B8, 0xB698, 0xAE36, 0xAE36, 0xB677, 0xB677,
    0xAE56, 0xAE56, 0xB677, 0xBEB8, 0xC6D9, 0xC6D9, 0xBEB8, 0xBE98, 0xBEB8, 0xBEB8, 0xBEB8, 0xBEB8, 0xBEB8, 0xBEB8, 0xBEB8, 0xC6F9,
    0xBED8, 0xB697, 0xB677, 0xB677, 0xB697, 0xBE98, 0xB697, 0xAE56, 0xB657, 0xB677, 0xB677, 0xAE56, 0xAE56, 0xB677, 0xB677, 0xB677,
    0xB677, 0xB677, 0xB677, 0xB677, 0xB677, 0xAE56, 0xB657, 0xB677, 0xB697, 0xB697, 0xB697, 0xB697, 0xB697, 0xB697, 0xB697, 0xB677,
    0xB677, 0xB677, 0xB697, 0xB697, 0xBEB8, 0xB698, 0xB677, 0xB698, 0xB698, 0xB698, 0xB698, 0xAE77, 0xAE77, 0xAE77, 0xAE77, 0xAE57,
    0xAE57, 0xAE77, 0xAE77, 0xAE57, 0xAE77, 0xB698, 0xB698, 0xB698, 0xB698, 0xB6B8, 0xB6B8, 0xB698, 0xB698, 0xB698, 0xB677, 0xAE77,
    0xAE77, 0xB698, 0xB6B8, 0xAE98, 0xAE77, 0xAE57, 0xAE57, 0xAE57, 0xAE57, 0xAE77, 0xAE98, 0xAE98, 0xB698, 0xB698, 0xB698, 0xB698,
    0xB698, 0xAE98, 0xAE77, 0xAE77, 0xAE57, 0xA657, 0xA636, 0xAE57, 0xAE77, 0xAE98, 0xB698, 0xB698, 0xAE98, 0xAE98, 0xAE77, 0xAE77,
    0xAE77, 0xAE77, 0xAE77, 0xAE77, 0xAE77, 0xAE77, 0xAE77, 0xAE77, 0xAE77, 0xAE57, 0xAE57, 0xAE57, 0xAE57, 0xA657, 0xA657, 0xA657,
    0xA657, 0xA657, 0xA657, 0xA657, 0xA657, 0xA657, 0xA657, 0xA657, 0xA657, 0xA657, 0xA657, 0xA657, 0xA657, 0xA657, 0xA657, 0xA657,
    0xA657, 0xA657, 0xA657, 0xAE78, 0xAE78, 0xAE78, 0xAE78, 0xAE78, 0xAE78, 0xAE78, 0xAE78, 0xAE77, 0xAE77, 0xAE77, 0xAE77, 0xAE77,
    0xAE97, 0xAE97, 0xAE98, 0xAE98, 0xB698, 0xB698, 0xB698, 0xB698, 0xAE56, 0xB677, 0xB697, 0xB697, 0xB677, 0xB677, 0xBEB8, 0xC6F9,
    0xC6D9, 0xBED8, 0xBEB8, 0xBEB8, 0xBED8, 0xBEB8, 0xB697, 0xB677, 0xB677, 0xB677, 0xB697, 0xBEB8, 0xBE98, 0xB677, 0xB657, 0xB677,
    0xB677, 0xB677, 0xB677, 0xAE56, 0xAE36, 0xB657, 0xB677, 0xB657, 0xAE56, 0xAE56, 0xB677, 0xB677, 0xB677, 0xB677, 0xB677, 0xB677,
    0xB677, 0xB677, 0xB677, 0xB697, 0xB697, 0xB677, 0xB677, 0xB697, 0xBE98, 0xB697, 0xB677, 0xB677, 0xB677, 0xB677, 0xB677, 0xB697,
    0xB698, 0xB698, 0xB6B8, 0xB6B8, 0xB698, 0xB698, 0xB677, 0xAE77, 0xAE77, 0xB698, 0xB677, 0xAE77, 0xAE77, 0xAE77, 0xB698, 0xAE77,
    0xB698, 0xB698, 0xB698, 0xB677, 0xB677, 0xB698, 0xB698, 0xB698, 0xB698, 0xB698, 0xAE77, 0xAE77, 0xAE77, 0xAE77, 0xAE98, 0xAE77,
    0xAE77, 0xAE57, 0xAE57, 0xAE57, 0xAE77, 0xAE98, 0xB698, 0xB6B8, 0xB6B8, 0xB6D9, 0xB6D9, 0xB6D9, 0xB698, 0xAE98, 0xB698, 0xB698,
    0xAE98, 0xAE77, 0xAE57, 0xAE77, 0xB6B8, 0xB698, 0xAE98, 0xAE77, 0xAE77, 0xAE77, 0xAE77, 0xAE77, 0xAE77, 0xAE77, 0xAE98, 0xAE98,
    0xAE77, 0xAE77, 0xAE77, 0xAE77, 0xAE77, 0xAE77, 0xAE77, 0xAE77, 0xAE77, 0xAE57, 0xA657, 0xA657, 0xA657, 0xA657, 0xA657, 0xA657,
    0xA657, 0xA657, 0xA657, 0xA657, 0xA657, 0xA657, 0xA657, 0xA657, 0xA657, 0xA657, 0xA657, 0xA657, 0xA657, 0xA657, 0xA657, 0xAE78,
    0xAE78, 0xAE78, 0xAE78, 0xAE78, 0xAE78, 0xAE78, 0xAE78, 0xAE77, 0xAE77, 0xAE97, 0xAE98, 0xAE98, 0xB698, 0xB698, 0xB698, 0xB698,
    0xAE97, 0xAE77, 0xAE77, 0xAE77, 0xB698, 0xBEB8, 0xBED9, 0xBEB8, 0xB697, 0xBEB8, 0xC6F9, 0xC6F9, 0xBEB8, 0xB697, 0xB698, 0xBED9,
    0xC6F9, 0xBED8, 0xB697, 0xAE56, 0xAE36, 0xAE57, 0xB657, 0xB677, 0xB656, 0xAE56, 0xAE56, 0xB677, 0xB677, 0xB677, 0xB677, 0xB697,
    0xAE56, 0xB677, 0xB697, 0xB697, 0xAE56, 0xAE36, 0xB677, 0xB677, 0xB677, 0xB677, 0xB677, 0xB697, 0xB697, 0xB698, 0xBEB8, 0xBEB8,
    0xBE97, 0xB677, 0xB677, 0xBE98, 0xBEB8, 0xBED8, 0xBEB8, 0xBEB8, 0xBEB8, 0xBEB8, 0xBEB8, 0xBED8, 0xAE77, 0xB698, 0xBED9, 0xBED9,
    0xB698, 0xB677, 0xB677, 0xB678, 0xB698, 0xB698, 0xB698, 0xB698, 0xB678, 0xB698, 0xB698, 0xBEB8, 0xBEB9, 0xBEB8, 0xB698, 0xAE77,
    0xAE57, 0xAE77, 0xB677, 0xB698, 0xB677, 0xAE77, 0xAE77, 0xAE77, 0xAE77, 0xAE77, 0xAE77, 0xAE77, 0xAE57, 0xAE57, 0xAE57, 0xAE57,
    0xAE57, 0xA657, 0xAE57, 0xAE77, 0xB698, 0xB6B8, 0xB6B8, 0xB6B8, 0xAE77, 0xAE77, 0xB698, 0xB6B8, 0xB6B8, 0xB698, 0xAE98, 0xAE77,
    0xAE77, 0xAE77, 0xAE57, 0xAE77, 0xAE78, 0xB698, 0xB6B8, 0xAE77, 0xAE98, 0xB698, 0xB698, 0xAE98, 0xAE77, 0xAE77, 0xAE77, 0xAE77,
    0xAE77, 0xAE77, 0xAE57, 0xAE57, 0xAE57, 0xAE57, 0xA657, 0xA657, 0xA657, 0xA657, 0xA657, 0xA657, 0xA657, 0xA657, 0xA657, 0xA657,
    0xA657, 0xA657, 0xA657, 0xA657, 0xA657, 0xA657, 0xA657, 0xA657, 0xA657, 0xA657, 0xA657, 0xAE78, 0xAE78, 0xAE78, 0xAE78, 0xAE78,
    0xAE78, 0xAE78, 0xAE78, 0xAE98, 0xB698, 0xB698, 0xB698, 0xB698, 0xB6B8, 0xB6B8, 0xB6B8, 0xB698, 0xAE77, 0xAE57, 0xAE57, 0xAE77,
    0xBEB8, 0xBED8, 0xC6F9, 0xBEB8, 0xBE98, 0xBED9, 0xC6F9, 0xC719, 0xC6F9, 0xBEB8, 0xBEB8, 0xBED9, 0xC71A, 0xBEB8, 0xB677, 0xAE57,
    0xAE57, 0xB677, 0xB6B8, 0xBEB8, 0xB677, 0xAE56, 0xAE77, 0xB677, 0xAE76, 0xB697, 0xB697, 0xB677, 0xB677, 0xB677, 0xB697, 0xB697,
    0xB697, 0xB697, 0xB677, 0xB657, 0xB677, 0xB697, 0xB697, 0xB677, 0xB657, 0xBE97, 0xBEB8, 0xBEB8, 0xC6D8, 0xC6D8, 0xBEB8, 0xC6D8,
    0xC719, 0xC6F9, 0xC6F9, 0xC6D9, 0xC6D8, 0xC6F9, 0xC6F9, 0xC6F9, 0xBEB8, 0xBED8, 0xBEB8, 0xB677, 0xB677, 0xB677, 0xB677, 0xB677,
    0xB677, 0xB677, 0xB677, 0xB677, 0xB697, 0xB697, 0xB677, 0xB677, 0xB678, 0xB677, 0xB677, 0xB677, 0xAE77, 0xAE77, 0xB698, 0xB698,
    0xB698, 0xAE98, 0xAE77, 0xAE77, 0xAE77, 0xAE77, 0xAE77, 0xAE77, 0xAE57, 0xAE57, 0xAE57, 0xAE57, 0xAE57, 0xAE77, 0xAE77, 0xAE77,
    0xAE77, 0xAE77, 0xAE97, 0xAE97, 0xB698, 0xB698, 0xAE78, 0xB698, 0xB698, 0xB698, 0xAE57, 0xAE57, 0xAE57, 0xAE57, 0xAE57, 0xAE57,
    0xAE77, 0xAE77, 0xAE77, 0xB6B8, 0xB698, 0xB698, 0xAE98, 0xAE98, 0xAE98, 0xAE98, 0xAE77, 0xAE57, 0xAE77, 0xAE77, 0xAE77, 0xAE77,
    0xAE57, 0xAE57, 0xA657, 0xA657, 0xA657, 0xA657, 0xA657, 0xA657, 0xA657, 0xA657, 0xA657, 0xA657, 0xA657, 0xA657, 0xA657, 0xA657,
    0xAE78, 0xAE78, 0xAE78, 0xAE78, 0xAE78, 0xAE78, 0xAE78, 0xAE78, 0xAE78, 0xAE78, 0xAE78, 0xAE78, 0xAE78, 0xAE78, 0xAE78, 0xAE77,
    0xAE97, 0xAE98, 0xAE98, 0xAE98, 0xAE98, 0xAEB8, 0xAE98, 0xAE97, 0xAE77, 0xAE77, 0xAE97, 0xAE97, 0xB677, 0xBE98, 0xBED9, 0xBEB8,
    0xBEB8, 0xC6F9, 0xC6F9, 0xC6F9, 0xBEB8, 0xB698, 0xB677, 0xB657, 0xBED9, 0xB698, 0xAE78, 0xB698, 0xB698, 0xB698, 0xB6B8, 0xBED8,
    0xB697, 0xAE56, 0xAE77, 0xB697, 0xAE76, 0xB697, 0xB697, 0xAE36, 0xAE56, 0xB677, 0xB657, 0xB677, 0xB677, 0xB697, 0xB677, 0xAE56,
    0xB677, 0xB697, 0xB677, 0xAE56, 0xB656, 0xB677, 0xB657, 0xB677, 0xBEB8, 0xBEB8, 0xBE97, 0xBEB8, 0xC6F9, 0xC6F9, 0xC6F9, 0xC6D9,
    0xC6B8, 0xC6D9, 0xC6F9, 0xC6F9, 0xC6D8, 0xC6D8, 0xBEB8, 0xB677, 0xB677, 0xBE97, 0xBE97, 0xB677, 0xB677, 0xB677, 0xB677, 0xBE77,
    0xBE97, 0xBE97, 0xBE77, 0xB678, 0xB678, 0xB678, 0xB678, 0xB678, 0xB678, 0xB678, 0xB698, 0xB698, 0xB698, 0xAE97, 0xAE77, 0xAE77,
    0xA677, 0xAE77, 0xB697, 0xAE77, 0xAE77, 0xAE77, 0xAE77, 0xAE77, 0xAE57, 0xAE57, 0xAE57, 0xAE57, 0xAE77, 0xAE77, 0xAE77, 0xAE77,
    0xB6B8, 0xB698, 0xAE77, 0xAE77, 0xB678, 0xB678, 0xAE57, 0xAE57, 0xAE77, 0xAE77, 0xAE77, 0xAE77, 0xAE77, 0xAE77, 0xAE77, 0xB698,
    0xAE98, 0xAE77, 0xAE77, 0xAE77, 0xAE77, 0xAE77, 0xAE77, 0xAE77, 0xAE77, 0xAE77, 0xAE77, 0xAE77, 0xAE77, 0xAE57, 0xA657, 0xA657,
    0xA657, 0xA657, 0xA657, 0xA657, 0xA657, 0xA657, 0xA657, 0xA657, 0xA657, 0xA657, 0xA657, 0xA657, 0xAE78, 0xAE78, 0xAE78, 0xAE78,
    0xAE78, 0xAE78, 0xAE78, 0xAE78, 0xA657, 0xA657, 0xA657, 0xA657, 0xA657, 0xA657, 0xA657, 0xA677, 0xA677, 0xAE98, 0xAE98, 0xAE97,
    0xAE97, 0xAEB8, 0xAEB8, 0xAE97, 0xAE97, 0xAE97, 0xAE97, 0xAE97, 0xAE36, 0xB677, 0xBE98, 0xB678, 0xB698, 0xC6F9, 0xBED9, 0xBEB8,
    0xB657, 0xAE36, 0xA616, 0xA616, 0xB678, 0xAE57, 0xB678, 0xB6B9, 0xBEB9, 0xB698, 0xB698, 0xB697, 0xAE77, 0xAE77, 0xB697, 0xB697,
    0xB697, 0xB697, 0xB697, 0xAE56, 0xAE56, 0xB657, 0xB677, 0xB677, 0xB677, 0xB697, 0xB677, 0xAE56, 0xAE56, 0xB677, 0xB657, 0xAE56,
    0xB677, 0xB657, 0xAE36, 0xB656, 0xB677, 0xB677, 0xB657, 0xBE77, 0xBEB8, 0xC6D8, 0xC6D9, 0xBEB8, 0xBE98, 0xC6B8, 0xC6D9, 0xC6B8,
    0xC6B8, 0xC6D8, 0xBEB8, 0xB677, 0xBE77, 0xBEB8, 0xBEB8, 0xB677, 0xB657, 0xB677, 0xBE77, 0xBE97, 0xBE98, 0xBE98, 0xBE98, 0xBE98,
    0xBE98, 0xBE98, 0xBE98, 0xB698, 0xB698, 0xB698, 0xB698, 0xAE97, 0xAE77, 0xAE77, 0xAE77, 0xAE77, 0xA657, 0xAE77, 0xB697, 0xB677,
    0xB677, 0xB677, 0xAE77, 0xAE77, 0xAE77, 0xA636, 0xAE57, 0xAE77, 0xB698, 0xB698, 0xB698, 0xB698, 0xB698, 0xB678, 0xAE77, 0xAE77,
    0xB678, 0xB698, 0xAE77, 0xAE77, 0xB698, 0xB698, 0xB698, 0xB698, 0xB698, 0xB698, 0xB698, 0xAE98, 0xAE77, 0xAE77, 0xAE77, 0xAE77,
    0xAE57, 0xAE77, 0xAE77, 0xAE77, 0xAE77, 0xAE77, 0xAE77, 0xAE77, 0xAE77, 0xAE77, 0xA657, 0xA657, 0xA657, 0xA657, 0xA657, 0xA657,
    0xA657, 0xA657, 0xA657, 0xA657, 0xA657, 0xA657, 0xA657, 0xA657, 0xA657, 0xA657, 0xA657, 0xA657, 0xA657, 0xA657, 0xA657, 0xA657,
    0xA657, 0xA657, 0xA657, 0xA657, 0xA657, 0xA657, 0xA657, 0xA677, 0xA677, 0xA677, 0xA677, 0xAE77, 0xAE77, 0xAE97, 0xAE97, 0xAE97,
    0xAE97, 0xAE97, 0xAE96, 0xA676, 0xAE57, 0xAE57, 0xB677, 0xB677, 0xB677, 0xB698, 0xB678, 0xB677, 0xAE57, 0xAE57, 0xB657, 0xB678,
    0xB678, 0xAE57, 0xB678, 0xB6B9, 0xB6B8, 0xB698, 0xAE77, 0xAE77, 0xAE77, 0xB697, 0xB6B8, 0xB6B7, 0xB697, 0xB697, 0xB697, 0xB697,
    0xB697, 0xB697, 0xB697, 0xBEB8, 0xBEB8, 0xBEB8, 0xB697, 0xB677, 0xAE56, 0xB677, 0xB657, 0xAE56, 0xB677, 0xBE97, 0xB677, 0xBE77,
    0xBE77, 0xB677, 0xB677, 0xBE77, 0xBE98, 0xBEB8, 0xBEB8, 0xBE98, 0xBE77, 0xBE98, 0xBEB8, 0xBE98, 0xC6B8, 0xC6D8, 0xBEB8, 0xB677,
    0xB677, 0xBE98, 0xBE97, 0xB677, 0xB657, 0xB677, 0xBE97, 0xBE98, 0xBE98, 0xBE98, 0xBEB8, 0xBEB8, 0xBEB8, 0xBE98, 0xB698, 0xB678,
    0xB677, 0xB677, 0xAE77, 0xAE77, 0xAE77, 0xAE77, 0xAE77, 0xA677, 0xA657, 0xAE57, 0xAE77, 0xAE77, 0xB677, 0xB677, 0xAE77, 0xAE77,
    0xAE57, 0xAE57, 0xAE77, 0xB698, 0xBED9, 0xBED9, 0xBED9, 0xB6B8, 0xAE77, 0xAE77, 0xAE77, 0xAE77, 0xAE77, 0xB678, 0xB678, 0xB698,
    0xB698, 0xB698, 0xB698, 0xB698, 0xB698, 0xB698, 0xB698, 0xB6B8, 0xB6B8, 0xAE98, 0xAE98, 0xAE77, 0xAE98, 0xB698, 0xAE77, 0xAE77,
    0xAE77, 0xAE77, 0xAE77, 0xAE77, 0xAE77, 0xAE77, 0xA657, 0xA657, 0xA657, 0xA657, 0xA657, 0xA657, 0xA657, 0xA657, 0xA657, 0xA657,
    0xA657, 0xA657, 0xA657, 0xA657, 0xA657, 0xA657, 0xA657, 0xA657, 0xA657, 0xA657, 0xA657, 0xA657, 0xA657, 0xA657, 0xA657, 0xA657,
    0xA657, 0xA657, 0xA657, 0xA677, 0xA677, 0xA657, 0xA677, 0xAE77, 0xAE77, 0xA677, 0xA677, 0xA677, 0xA676, 0xA676, 0xA676, 0xA676,
    0xBED9, 0xB677, 0xAE36, 0xAE37, 0xB657, 0xB677, 0xB677, 0xB677, 0xB677, 0xB698, 0xBED9, 0xC6F9, 0xB6B9, 0xB678, 0xAE78, 0xB698,
    0xB678, 0xAE77, 0xAE77, 0xAE57, 0xAE77, 0xB6B8, 0xB6B8, 0xB6B7, 0xB697, 0xB697, 0xB6B7, 0xBEB8, 0xB697, 0xB697, 0xBEB8, 0xBEB8,
    0xBEB8, 0xBE98, 0xBEB8, 0xB677, 0xB677, 0xB677, 0xB677, 0xB677, 0xB697, 0xBEB8, 0xC6B8, 0xBEB8, 0xBE97, 0xB677, 0xB657, 0xB677,
    0xB677, 0xBE97, 0xBE98, 0xB677, 0xB657, 0xBE77, 0xBE98, 0xBE97, 0xBEB8, 0xC6D8, 0xBEB8, 0xB677, 0xB657, 0xB677, 0xB657, 0xB656,
    0xB677, 0xBE97, 0xBEB8, 0xBE98, 0xBE97, 0xBE98, 0xBEB8, 0xBE98, 0xB698, 0xB698, 0xB677, 0xB677, 0xAE57, 0xAE57, 0xAE77, 0xAE77,
    0xAE77, 0xAE77, 0xAE57, 0xAE57, 0xAE57, 0xAE57, 0xAE57, 0xAE57, 0xAE77, 0xAE77, 0xAE77, 0xAE57, 0xAE57, 0xAE77, 0xB698, 0xB6B8,
    0xBED9, 0xBEB8, 0xB6B8, 0xB698, 0xAE77, 0xAE77, 0xAE77, 0xAE77, 0xAE77, 0xB678, 0xB698, 0xB698, 0xB698, 0xB698, 0xB698, 0xB698,
    0xB698, 0xB698, 0xB698, 0xB6B8, 0xB6B8, 0xB698, 0xAE98, 0xAE98, 0xAE98, 0xB698, 0xAE77, 0xAE77, 0xAE77, 0xAE77, 0xAE77, 0xAE77,
    0xAE77, 0xAE77, 0xA657, 0xA657, 0xA657, 0xA657, 0xA657, 0xA657, 0xA657, 0xA657, 0xA657, 0xA657, 0xA657, 0xA657, 0xA657, 0xA657,
    0xA657, 0xA657, 0xA657, 0xA657, 0xA657, 0xA657, 0xA657, 0xA657, 0xA657, 0xA657, 0xA657, 0xA657, 0xA657, 0xA657, 0xA657, 0xAE77,
    0xA657, 0xA657, 0xA677, 0xAE97, 0xAE97, 0xAE77, 0xA677, 0xAE77, 0xAE77, 0xAE97, 0xAE97, 0xAEB7, 0xC6FA, 0xB698, 0xAE36, 0xAE37,
    0xB677, 0xB698, 0xBE98, 0xBEB8, 0xBEB8, 0xBEB9, 0xC6D9, 0xC6FA, 0xC6FA, 0xB698, 0xAE78, 0xAE57, 0xAE57, 0xAE57, 0xAE77, 0xAE77,
    0xB698, 0xBED8, 0xB6B8, 0xB697, 0xB697, 0xB697, 0xB697, 0xB677, 0xB657, 0xB657, 0xB677, 0xB697, 0xB697, 0xB657, 0xB697, 0xB677,
    0xB677, 0xB697, 0xB677, 0xB677, 0xB697, 0xBE98, 0xBEB8, 0xBE98, 0xB677, 0xAE36, 0xB656, 0xB657, 0xB657, 0xBE97, 0xBE98, 0xB677,
    0xB657, 0xBE77, 0xBE98, 0xBE77, 0xBEB8, 0xBEB8, 0xBE98, 0xB677, 0xB657, 0xB677, 0xB656, 0xAE36, 0xB677, 0xBEB8, 0xBEB8, 0xBE97,
    0xB677, 0xB697, 0xBE98, 0xB677, 0xB677, 0xB677, 0xB677, 0xAE57, 0xAE57, 0xAE57, 0xAE57, 0xAE57, 0xAE77, 0xAE77, 0xAE77, 0xAE57,
    0xAE57, 0xAE57, 0xAE57, 0xAE57, 0xAE77, 0xB677, 0xAE77, 0xAE77, 0xAE57, 0xAE57, 0xAE57, 0xB677, 0xB698, 0xB677, 0xAE77, 0xAE57,
    0xAE57, 0xAE77, 0xB698, 0xB698, 0xB678, 0xB678, 0xB698, 0xB698, 0xAE77, 0xAE77, 0xAE77, 0xAE77, 0xAE77, 0xAE77, 0xAE77, 0xAE78,
    0xAE77, 0xAE77, 0xAE57, 0xAE57, 0xAE57, 0xAE77, 0xAE77, 0xAE77, 0xAE77, 0xAE77, 0xAE77, 0xAE77, 0xAE77, 0xAE78, 0xA657, 0xA657,
    0xA657, 0xA657, 0xA657, 0xA657, 0xA657, 0xA657, 0xA657, 0xA657, 0xA657, 0xA657, 0xA657, 0xA657, 0xA657, 0xA657, 0xA657, 0xA657,
    0xA657, 0xA657, 0xA657, 0xA657, 0xA657, 0xA657, 0xA657, 0xA657, 0xA657, 0xA657, 0xA657, 0xAE78, 0xA657, 0xA657, 0xAE77, 0xAE98,
    0xB6B8, 0xAE97, 0xAE97, 0xB6B8, 0xB6B8, 0xB6D8, 0xB6F8, 0xBEF8, 0xBEB8, 0xB698, 0xAE57, 0xAE57, 0xB677, 0xB678, 0xBE98, 0xBEB9,
    0xBEB9, 0xBEB9, 0xBED9, 0xBED9, 0xBED9, 0xB698, 0xAE78, 0xAE78, 0xAE77, 0xAE77, 0xB677, 0xAE77, 0xB6B8, 0xBEF9, 0xB6B8, 0xAE76,
    0xB697, 0xB697, 0xB697, 0xB677, 0xAE56, 0xAE36, 0xB657, 0xB677, 0xB677, 0xAE36, 0xB677, 0xAE56, 0xB677, 0xB677, 0xB677, 0xAE56,
    0xB677, 0xB657, 0xB677, 0xB677, 0xAE36, 0xAE36, 0xB657, 0xBE97, 0xBE77, 0xBE97, 0xBE98, 0xB677, 0xB657, 0xBE77, 0xBE98, 0xBE97,
    0xB677, 0xB697, 0xB697, 0xB677, 0xB677, 0xB697, 0xB677, 0xAE56, 0xB677, 0xBEB8, 0xBEB8, 0xB697, 0xB657, 0xB677, 0xB677, 0xB677,
    0xB677, 0xB677, 0xAE77, 0xAE77, 0xAE77, 0xAE77, 0xAE57, 0xAE57, 0xAE57, 0xAE77, 0xAE77, 0xAE77, 0xAE77, 0xAE57, 0xAE57, 0xAE77,
    0xB698, 0xB698, 0xB698, 0xB677, 0xAE77, 0xAE57, 0xAE57, 0xAE77, 0xAE77, 0xB677, 0xB677, 0xB677, 0xAE77, 0xB698, 0xB698, 0xB698,
    0xB698, 0xB678, 0xB698, 0xB698, 0xAE77, 0xAE77, 0xAE77, 0xAE77, 0xAE77, 0xAE77, 0xAE77, 0xAE77, 0xAE77, 0xAE57, 0xA657, 0xA657,
    0xAE57, 0xAE57, 0xAE77, 0xAE77, 0xAE77, 0xAE57, 0xAE57, 0xAE77, 0xAE77, 0xAE77, 0xA657, 0xA657, 0xA657, 0xA657, 0xA657, 0xA657,
    0xA657, 0xA657, 0xA657, 0xA657, 0xA657, 0xA657, 0xA657, 0xA657, 0xAE78, 0xAE78, 0xAE78, 0xAE78, 0xAE78, 0xAE78, 0xAE78, 0xAE78,
    0xA657, 0xA657, 0xA657, 0xA657, 0xA657, 0xA657, 0xA657, 0xAE78, 0xAE57, 0xA657, 0xAE78, 0xB6B8, 0xBED9, 0xB6B8, 0xB6B8, 0xB6B8,
    0xB6B8, 0xB6B8, 0xB6B7, 0xB6D7, 0xAE36, 0xB677, 0xB677, 0xAE57, 0xAE57, 0xAE37, 0xB677, 0xBEB8, 0xBEB9, 0xBED9, 0xBED9, 0xC6D9,
    0xBEB9, 0xB678, 0xAE78, 0xB698, 0xB698, 0xB678, 0xB698, 0xB697, 0xBED8, 0xBEF9, 0xB6B7, 0xAE76, 0xAE77, 0xB697, 0xB697, 0xB697,
    0xB657, 0xAE56, 0xB677, 0xBE98, 0xB677, 0xAE56, 0xAE56, 0xAE36, 0xAE56, 0xB677, 0xB677, 0xAE56, 0xAE56, 0xAE36, 0xB657, 0xB677,
    0xB636, 0xB636, 0xBE97, 0xC6D8, 0xBEB8, 0xBE97, 0xBE98, 0xBE77, 0xB677, 0xBE97, 0xBE98, 0xBE97, 0xB657, 0xB697, 0xB697, 0xB697,
    0xB697, 0xBEB8, 0xBEB8, 0xB677, 0xB677, 0xBEB8, 0xBEB8, 0xB697, 0xAE56, 0xAE56, 0xB677, 0xB677, 0xB677, 0xB677, 0xAE77, 0xB677,
    0xB677, 0xB677, 0xAE77, 0xAE57, 0xAE57, 0xAE77, 0xAE77, 0xAE77, 0xAE77, 0xAE77, 0xAE77, 0xB698, 0xB6B8, 0xBEB8, 0xB6B8, 0xB698,
    0xB698, 0xAE77, 0xB677, 0xB698, 0xB698, 0xB6B8, 0xBED9, 0xBEF9, 0xB698, 0xB698, 0xB6B8, 0xB6B8, 0xB698, 0xB678, 0xB698, 0xB698,
    0xB678, 0xB678, 0xB678, 0xB678, 0xB678, 0xB678, 0xB678, 0xB698, 0xAE98, 0xAE77, 0xAE77, 0xAE77, 0xAE77, 0xAE77, 0xAE77, 0xAE77,
    0xAE77, 0xAE57, 0xAE57, 0xAE77, 0xAE77, 0xAE78, 0xA657, 0xA657, 0xA657, 0xA657, 0xA657, 0xA657, 0xA657, 0xA657, 0xA657, 0xA657,
    0xA657, 0xA657, 0xA657, 0xA657, 0xAE78, 0xAE78, 0xAE78, 0xAE78, 0xAE78, 0xAE78, 0xAE78, 0xAE78, 0xA657, 0xA657, 0xA657, 0xA657,
    0xA657, 0xA657, 0xA657, 0xAE78, 0xAE57, 0xA657, 0xAE78, 0xB6D9, 0xBEF9, 0xB6D9, 0xB6B8, 0xB697, 0xAE97, 0xAE77, 0xAE76, 0xAE56,
    0xB677, 0xAE37, 0xAE36, 0xAE57, 0xB677, 0xAE57, 0xAE37, 0xB657, 0xB698, 0xB698, 0xB677, 0xA616, 0xAE57, 0xAE37, 0xAE57, 0xB678,
    0xB6B8, 0xB698, 0xAE77, 0xB697, 0xB698, 0xB697, 0xAE77, 0xAE76, 0xAE76, 0xAE76, 0xB677, 0xB677, 0xB697, 0xB697, 0xB677, 0xB677,
    0xB697, 0xBE98, 0xB697, 0xB697, 0xB657, 0xAE56, 0xAE56, 0xB677, 0xB697, 0xB677, 0xB657, 0xB677, 0xB657, 0xB677, 0xC6B8, 0xC6D9,
    0xC6D8, 0xBEB8, 0xC6B8, 0xBEB8, 0xBEB8, 0xC6D8, 0xBEB8, 0xB677, 0xB697, 0xBEB8, 0xBED8, 0xBED8, 0xBEB8, 0xB697, 0xB697, 0xB6B8,
    0xBEB8, 0xB6B8, 0xB697, 0xB677, 0xAE56, 0xAE56, 0xAE56, 0xAE77, 0xAE77, 0xAE77, 0xAE77, 0xAE77, 0xAE77, 0xAE77, 0xAE57, 0xAE57,
    0xAE57, 0xAE57, 0xAE77, 0xB677, 0xB698, 0xB698, 0xB698, 0xAE57, 0xA636, 0xAE36, 0xAE57, 0xB698, 0xBEB8, 0xB698, 0xB698, 0xB698,
    0xB698, 0xB698, 0xB698, 0xB698, 0xB698, 0xB6B8, 0xB6B8, 0xB698, 0xAE77, 0xAE77, 0xB698, 0xBEB9, 0xB6B8, 0xB698, 0xAE57, 0xA636,
    0xAE57, 0xAE57, 0xAE77, 0xAE77, 0xAE77, 0xAE77, 0xAE57, 0xAE77, 0xAE77, 0xAE77, 0xB6B8, 0xB6D9, 0xB6B8, 0xB6B8, 0xB698, 0xAE98,
    0xAE77, 0xAE77, 0xA657, 0xA657, 0xA657, 0xA657, 0xA657, 0xA657, 0xA657, 0xA657, 0xA657, 0xA657, 0xA657, 0xA657, 0xA657, 0xA657,
    0xA657, 0xA657, 0xA657, 0xA657, 0xA657, 0xA657, 0xA657, 0xA657, 0xA657, 0xA657, 0xA657, 0xA657, 0xA657, 0xA657, 0xA657, 0xA637,
    0xA637, 0xAE57, 0xAE57, 0xAE57, 0xAE57, 0xAE57, 0xAE77, 0xAE77, 0xAE77, 0xAE56, 0xAE76, 0xAE76, 0xB677, 0xB698, 0xBE98, 0xBEB8,
    0xBED9, 0xBED9, 0xB677, 0xAE37, 0xAE36, 0xAE57, 0xAE57, 0xAE37, 0xAE37, 0xAE37, 0xAE57, 0xAE78, 0xB698, 0xB698, 0xAE77, 0xB697,
    0xB698, 0xB6B8, 0xB6B8, 0xB6B7, 0xB697, 0xB677, 0xB677, 0xB677, 0xB697, 0xBE98, 0xB697, 0xB677, 0xB657, 0xB677, 0xBEB8, 0xB697,
    0xB677, 0xB677, 0xB677, 0xB697, 0xBEB8, 0xBE98, 0xBE98, 0xBE98, 0xBE97, 0xBE97, 0xC6B8, 0xC6D9, 0xC6D8, 0xC6D8, 0xC6D8, 0xBEB8,
    0xBEB8, 0xBEB8, 0xBE98, 0xB677, 0xB677, 0xB697, 0xBEB8, 0xB697, 0xB697, 0xB677, 0xB677, 0xB697, 0xB697, 0xB697, 0xB677, 0xB677,
    0xAE56, 0xAE56, 0xAE57, 0xAE77, 0xAE77, 0xAE77, 0xAE77, 0xAE77, 0xAE77, 0xAE77, 0xAE77, 0xAE77, 0xAE77, 0xAE57, 0xAE57, 0xB677,
    0xB677, 0xB698, 0xB677, 0xAE77, 0xAE57, 0xAE77, 0xB677, 0xB698, 0xB6B8, 0xB698, 0xB698, 0xB698, 0xB698, 0xB698, 0xB698, 0xB698,
    0xB677, 0xB698, 0xB698, 0xB678, 0xAE77, 0xAE77, 0xB698, 0xB6B8, 0xB6B8, 0xB698, 0xAE77, 0xAE57, 0xAE57, 0xAE57, 0xAE77, 0xAE77,
    0xAE77, 0xAE77, 0xAE57, 0xAE57, 0xAE77, 0xAE77, 0xB698, 0xB6B8, 0xB698, 0xAE98, 0xAE77, 0xAE77, 0xAE77, 0xAE77, 0xA657, 0xA657,
    0xA657, 0xA657, 0xA657, 0xA657, 0xA657, 0xA657, 0xA657, 0xA657, 0xA657, 0xA657, 0xA657, 0xA657, 0xA657, 0xA657, 0xA657, 0xA657,
    0xA657, 0xA657, 0xA657, 0xA657, 0xA657, 0xA657, 0xA657, 0xA657, 0xA657, 0xA657, 0xAE57, 0xAE77, 0xAE77, 0xAE78, 0xAE78, 0xAE77,
    0xAE77, 0xAE77, 0xB697, 0xB697, 0xAE97, 0xAE77, 0xAE76, 0xAE76, 0xB677, 0xBED9, 0xC6F9, 0xC6D9, 0xBED9, 0xBEB9, 0xB698, 0xB657,
    0xAE57, 0xAE57, 0xAE57, 0xAE57, 0xAE57, 0xAE37, 0xAE57, 0xAE77, 0xB698, 0xB698, 0xB698, 0xAE77, 0xAE77, 0xB697, 0xB6B8, 0xB6B7,
    0xB697, 0xAE76, 0xAE56, 0xB677, 0xB697, 0xBEB8, 0xB697, 0xB677, 0xB677, 0xB677, 0xBEB8, 0xBEB8, 0xBE98, 0xB697, 0xBEB8, 0xBEB8,
    0xBED9, 0xBED8, 0xC6B8, 0xC6B8, 0xBE98, 0xBE97, 0xBEB8, 0xBEB8, 0xBEB8, 0xC6D8, 0xBEB8, 0xBE77, 0xB657, 0xBE77, 0xB677, 0xB656,
    0xB677, 0xB697, 0xB697, 0xAE77, 0xAE56, 0xAE56, 0xAE77, 0xB697, 0xB697, 0xAE77, 0xAE77, 0xAE77, 0xAE77, 0xAE77, 0xAE76, 0xAE77,
    0xAE77, 0xAE77, 0xAE77, 0xAE77, 0xAE77, 0xAE77, 0xB698, 0xB698, 0xB677, 0xB677, 0xB677, 0xB677, 0xB677, 0xB677, 0xAE77, 0xB677,
    0xB698, 0xB698, 0xB698, 0xB698, 0xB698, 0xB6B8, 0xB6B8, 0xB6B8, 0xB698, 0xB698, 0xB698, 0xB698, 0xAE77, 0xAE77, 0xAE77, 0xAE77,
    0xAE77, 0xAE77, 0xB698, 0xB6B8, 0xB698, 0xB698, 0xB678, 0xAE77, 0xAE77, 0xAE77, 0xAE77, 0xAE98, 0xAE77, 0xAE77, 0xAE57, 0xAE57,
    0xAE57, 0xAE57, 0xAE77, 0xAE77, 0xAE77, 0xAE77, 0xAE77, 0xAE57, 0xAE57, 0xAE57, 0xA657, 0xA657, 0xA657, 0xA657, 0xA657, 0xA657,
    0xA657, 0xA657, 0xA657, 0xA657, 0xA657, 0xA657, 0xA657, 0xA657, 0xA657, 0xA657, 0xA657, 0xA657, 0xA657, 0xA657, 0xA657, 0xA657,
    0xA657, 0xA657, 0xA657, 0xA657, 0xA657, 0xA657, 0xAE57, 0xAE78, 0xAE78, 0xAE78, 0xAE78, 0xAE77, 0xAE77, 0xAE77, 0xAE77, 0xB697,
    0xAE77, 0xAE77, 0xAE76, 0xAE76, 0xB677, 0xBED9, 0xC6F9, 0xBE98, 0xAE57, 0xAE37, 0xB698, 0xBEB9, 0xBED9, 0xBE98, 0xB677, 0xAE37,
    0xAE57, 0xAE57, 0xAE57, 0xAE57, 0xAE77, 0xB698, 0xB698, 0xAE77, 0xAE57, 0xAE77, 0xB697, 0xB697, 0xAE77, 0xAE76, 0xAE76, 0xB677,
    0xB697, 0xB697, 0xB697, 0xBE98, 0xBEB8, 0xBED8, 0xBE98, 0xBE98, 0xB697, 0xBE98, 0xBEB8, 0xBED8, 0xC6F9, 0xBEB8, 0xBE98, 0xBEB8,
    0xBE97, 0xBE77, 0xBE98, 0xBE97, 0xBE97, 0xBE98, 0xBE97, 0xB657, 0xB656, 0xB677, 0xBE77, 0xB677, 0xB677, 0xB697, 0xAE77, 0xAE56,
    0xAE56, 0xAE56, 0xAE77, 0xAE77, 0xAE76, 0xAE76, 0xAE77, 0xAE77, 0xAE77, 0xAE77, 0xAE77, 0xAE77, 0xAE77, 0xAE77, 0xAE77, 0xAE77,
    0xAE77, 0xAE77, 0xB677, 0xB677, 0xB677, 0xB677, 0xB678, 0xB698, 0xB698, 0xB698, 0xB698, 0xB698, 0xB698, 0xB698, 0xB698, 0xB698,
    0xB698, 0xBEB8, 0xB6B8, 0xB6B8, 0xB698, 0xB698, 0xB677, 0xAE77, 0xAE77, 0xAE77, 0xAE77, 0xB678, 0xB698, 0xB698, 0xB6B8, 0xB698,
    0xB678, 0xB698, 0xB698, 0xB698, 0xB698, 0xAE77, 0xAE77, 0xB698, 0xAE98, 0xAE77, 0xAE57, 0xAE57, 0xAE57, 0xAE57, 0xAE77, 0xAE77,
    0xAE77, 0xAE77, 0xAE77, 0xAE77, 0xAE77, 0xAE57, 0xA657, 0xA657, 0xA657, 0xA657, 0xA657, 0xA657, 0xA657, 0xA657, 0xA657, 0xA657,
    0xA657, 0xA657, 0xA657, 0xA657, 0xA657, 0xA657, 0xA657, 0xA657, 0xA657, 0xA657, 0xA657, 0xA657, 0xA657, 0xA657, 0xA657, 0xA657,
    0xA657, 0xA657, 0xAE57, 0xAE57, 0xAE57, 0xAE57, 0xAE57, 0xAE57, 0xAE57, 0xAE57, 0xAE57, 0xAE57, 0xAE77, 0xAE77, 0xAE76, 0xAE77,
    0xB677, 0xBEB8, 0xC6F9, 0xB698, 0xAE36, 0xAE57, 0xBEB8, 0xC6D9, 0xBED9, 0xB698, 0xB677, 0xAE57, 0xB678, 0xAE78, 0xAE57, 0xAE57,
    0xAE57, 0xAE77, 0xB698, 0xB698, 0xB698, 0xB697, 0xAE77, 0xAE76, 0xB697, 0xB6B7, 0xBED8, 0xC6F9, 0xBED8, 0xBEB8, 0xB697, 0xB677,
    0xBEB8, 0xC6D9, 0xB677, 0xB677, 0xB677, 0xB677, 0xB697, 0xBEB8, 0xBEB8, 0xBE97, 0xBE97, 0xBEB8, 0xBE98, 0xBEB8, 0xC6D8, 0xC6D8,
    0xBEB8, 0xBE98, 0xBE98, 0xBE77, 0xBE97, 0xC6B8, 0xC6D9, 0xC6D8, 0xB697, 0xB697, 0xB697, 0xAE77, 0xAE56, 0xAE76, 0xB697, 0xAE77,
    0xAE56, 0xAE56, 0xAE77, 0xAE77, 0xAE77, 0xB697, 0xAE97, 0xAE77, 0xAE77, 0xAE77, 0xAE77, 0xAE77, 0xAE77, 0xAE77, 0xAE57, 0xB677,
    0xB677, 0xB698, 0xBE98, 0xBEB8, 0xBEB9, 0xBEB8, 0xB6B8, 0xB698, 0xAE77, 0xAE77, 0xB677, 0xB698, 0xB6B8, 0xB6B8, 0xB6B8, 0xB6B8,
    0xB698, 0xB698, 0xAE77, 0xAE77, 0xAE77, 0xAE77, 0xB678, 0xB698, 0xB698, 0xB6B8, 0xB6B8, 0xB698, 0xAE77, 0xB698, 0xB698, 0xB6B8,
    0xB698, 0xB698, 0xAE78, 0xB6B8, 0xB698, 0xAE77, 0xAE77, 0xAE57, 0xAE57, 0xAE57, 0xAE77, 0xAE98, 0xAE77, 0xAE77, 0xAE77, 0xAE77,
    0xAE77, 0xAE77, 0xA657, 0xA657, 0xA657, 0xA657, 0xA657, 0xA657, 0xA657, 0xA657, 0xA657, 0xA657, 0xA657, 0xA657, 0xA657, 0xA657,
    0xA657, 0xA657, 0xA657, 0xA657, 0xA657, 0xA657, 0xA657, 0xA657, 0xA657, 0xA657, 0xA657, 0xA657, 0xA657, 0xA657, 0xAE57, 0xAE57,
    0xAE57, 0xAE78, 0xB678, 0xB678, 0xAE77, 0xAE57, 0xAE77, 0xAE77, 0xB697, 0xB6B7, 0xBED8, 0xBED8, 0xB657, 0xBEB8, 0xC71A, 0xBED9,
    0xB698, 0xBEB9, 0xC6F9, 0xBED9, 0xB698, 0xAE57, 0xB657, 0xB678, 0xBEB9, 0xB698, 0xB678, 0xAE57, 0xAE57, 0xAE57, 0xB677, 0xBED8,
    0xBED8, 0xB6B8, 0xB697, 0xB697, 0xB6B8, 0xBED8, 0xC6F9, 0xCF1A, 0xC6F9, 0xBEB8, 0xB677, 0xB677, 0xB677, 0xB697, 0xB657, 0xB657,
    0xB677, 0xB677, 0xB677, 0xB677, 0xB697, 0xB677, 0xBE97, 0xBEB8, 0xBEB8, 0xC6D8, 0xC6F9, 0xC6F9, 0xC6D8, 0xBEB8, 0xC6B8, 0xC6B8,
    0xC6D8, 0xCF19, 0xCF1A, 0xCF19, 0xB697, 0xB697, 0xB697, 0xB697, 0xAE77, 0xAE77, 0xB697, 0xAE77, 0xAE56, 0xAE76, 0xAE77, 0xAE77,
    0xB697, 0xB697, 0xB697, 0xAE97, 0xAE97, 0xAE97, 0xAE97, 0xAE77, 0xAE77, 0xAE77, 0xAE57, 0xAE57, 0xB677, 0xBE98, 0xBEB8, 0xBEB9,
    0xC6D9, 0xBED9, 0xB698, 0xB698, 0xAE77, 0xAE57, 0xAE77, 0xB698, 0xB698, 0xB698, 0xB698, 0xB698, 0xB698, 0xB677, 0xAE77, 0xAE77,
    0xB678, 0xAE77, 0xAE77, 0xB698, 0xB6B8, 0xB6B8, 0xB698, 0xAE77, 0xAE77, 0xB678, 0xB698, 0xB6B8, 0xB698, 0xB698, 0xB698, 0xB698,
    0xB698, 0xAE98, 0xAE77, 0xAE77, 0xAE77, 0xAE77, 0xAE98, 0xB698, 0xAE98, 0xAE98, 0xAE77, 0xAE77, 0xAE77, 0xAE77, 0xA657, 0xA657,
    0xA657, 0xA657, 0xA657, 0xA657, 0xA657, 0xA657, 0xA657, 0xA657, 0xA657, 0xA657, 0xA657, 0xA657, 0xA657, 0xA657, 0xA657, 0xA657,
    0xA657, 0xA657, 0xA657, 0xA657, 0xA657, 0xA657, 0xA657, 0xA657, 0xA657, 0xA657, 0xAE57, 0xAE78, 0xB678, 0xBEB9, 0xBED9, 0xBEF9,
    0xBEB9, 0xB698, 0xB698, 0xB6B8, 0xBEB8, 0xBED8, 0xBEF9, 0xC719, 0xB677, 0xBEB8, 0xC71A, 0xC71A, 0xBEB8, 0xB698, 0xC6F9, 0xC71A,
    0xBEB8, 0xB677, 0xB657, 0xB698, 0xBED9, 0xBEB9, 0xB698, 0xAE57, 0xA636, 0xAE37, 0xAE77, 0xB698, 0xB698, 0xB697, 0xB697, 0xB697,
    0xB6B7, 0xBED8, 0xB6B8, 0xBEB8, 0xBEB8, 0xBEB8, 0xBE98, 0xB677, 0xB677, 0xB657, 0xAE56, 0xB657, 0xB657, 0xB657, 0xB657, 0xB677,
    0xB657, 0xB656, 0xB677, 0xBE97, 0xBE97, 0xBE98, 0xBEB8, 0xBEB8, 0xBE97, 0xBE98, 0xBEB8, 0xBEB8, 0xC6B8, 0xC6F9, 0xC6F9, 0xBED8,
    0xAE77, 0xB697, 0xB6B7, 0xB697, 0xAE77, 0xAE77, 0xAE77, 0xAE77, 0xAE77, 0xAE77, 0xAE77, 0xAE97, 0xB697, 0xB697, 0xAE97, 0xAE97,
    0xAE98, 0xAE97, 0xAE97, 0xAE97, 0xB698, 0xB697, 0xAE77, 0xB678, 0xB698, 0xBEB8, 0xBEB9, 0xBEB9, 0xC6B9, 0xBE98, 0xB678, 0xB698,
    0xB677, 0xB677, 0xAE77, 0xAE77, 0xAE57, 0xB677, 0xB677, 0xB677, 0xB677, 0xB677, 0xB677, 0xAE77, 0xAE77, 0xAE57, 0xAE57, 0xAE77,
    0xB698, 0xB698, 0xAE57, 0xAE57, 0xAE57, 0xAE77, 0xAE77, 0xB698, 0xB698, 0xB698, 0xB6B8, 0xB6B8, 0xB698, 0xAE98, 0xAE98, 0xAE98,
    0xB698, 0xB6B8, 0xB698, 0xB698, 0xAE98, 0xAE77, 0xAE77, 0xAE57, 0xA657, 0xA657, 0xA657, 0xA657, 0xA657, 0xA657, 0xA657, 0xA657,
    0xA657, 0xA657, 0xAE57, 0xAE57, 0xAE57, 0xA657, 0xA657, 0xA657, 0xA657, 0xA657, 0xA657, 0xA657, 0xA657, 0xA657, 0xA657, 0xA657,
    0xA657, 0xA657, 0xA657, 0xA657, 0xA657, 0xA657, 0xAE57, 0xAE57, 0xB678, 0xBED9, 0xC71A, 0xC71A, 0xC6F9, 0xBEB8, 0xB698, 0xB698,
    0xB6B8, 0xBEB8, 0xBED8, 0xBEB8, 0xBED8, 0xBED9, 0xC6F9, 0xC6F9, 0xB698, 0xAE57, 0xC6F9, 0xCF5A, 0xC71A, 0xBEB8, 0xB698, 0xB698,
    0xC6D9, 0xC6D9, 0xBEB9, 0xB657, 0xAE36, 0xAE37, 0xB677, 0xB677, 0xAE77, 0xAE77, 0xB697, 0xB697, 0xB697, 0xB697, 0xAE77, 0xAE36,
    0xB677, 0xB6B8, 0xB6B8, 0xB6B8, 0xB697, 0xB677, 0xB677, 0xAE77, 0xAE77, 0xAE77, 0xAE77, 0xAE77, 0xAE56, 0xAE36, 0xAE36, 0xB657,
    0xB657, 0xB657, 0xB657, 0xB657, 0xB657, 0xB677, 0xB697, 0xB677, 0xB698, 0xBE98, 0xBE98, 0xB677, 0xAE77, 0xAE97, 0xB697, 0xB697,
    0xAE97, 0xAE77, 0xAE77, 0xAE77, 0xAE77, 0xAE77, 0xAE77, 0xAE77, 0xAE97, 0xB697, 0xB697, 0xAE97, 0xAE77, 0xB697, 0xB697, 0xB677,
    0xB677, 0xB677, 0xB698, 0xBE98, 0xBEB8, 0xBEB8, 0xBEB8, 0xBEB8, 0xBEB8, 0xB698, 0xB657, 0xB677, 0xB698, 0xB698, 0xB677, 0xAE57,
    0xAE57, 0xAE57, 0xB677, 0xB677, 0xB677, 0xB677, 0xB677, 0xB677, 0xAE77, 0xAE57, 0xAE57, 0xAE57, 0xAE77, 0xAE77, 0xAE57, 0xAE57,
    0xAE77, 0xAE77, 0xB698, 0xB698, 0xB698, 0xB6B8, 0xB6B8, 0xB698, 0xB698, 0xB698, 0xB698, 0xB698, 0xB698, 0xB6B8, 0xB698, 0xAE98,
    0xAE77, 0xAE77, 0xAE57, 0xA657, 0xA636, 0xA657, 0xAE78, 0xA678, 0xA657, 0xA657, 0xA657, 0xA657, 0xAE77, 0xAE78, 0xAE57, 0xA637,
    0xA637, 0xAE57, 0xAE57, 0xAE57, 0xAE57, 0xAE57, 0xAE57, 0xAE57, 0xAE57, 0xAE57, 0xAE57, 0xAE57, 0xAE57, 0xAE78, 0xAE78, 0xAE57,
    0xAE57, 0xAE57, 0xAE57, 0xA637, 0xAE57, 0xB698, 0xBED9, 0xBED9, 0xBED9, 0xB6B8, 0xB677, 0xAE77, 0xAE97, 0xAE97, 0xAE97, 0xAE77,
    0xC719, 0xC719, 0xBEB8, 0xBEB8, 0xBED8, 0xC6F9, 0xC719, 0xC739, 0xC6F9, 0xBED8, 0xBEB8, 0xBEB8, 0xBE98, 0xC6D9, 0xC6D9, 0xB677,
    0xB637, 0xB657, 0xB677, 0xBE98, 0xB698, 0xB677, 0xB697, 0xB697, 0xAE77, 0xB697, 0xB6B8, 0xAE77, 0xAE77, 0xAE97, 0xB698, 0xB6B8,
    0xB697, 0xAE77, 0xB6B8, 0xAE97, 0xAE77, 0xAE77, 0xAE77, 0xAE77, 0xAE77, 0xAE56, 0xAE57, 0xB677, 0xAE77, 0xAE57, 0xAE56, 0xAE57,
    0xB677, 0xB698, 0xB698, 0xB677, 0xB677, 0xB677, 0xB698, 0xB698, 0xB697, 0xB697, 0xB697, 0xB697, 0xB697, 0xB697, 0xB697, 0xAE77,
    0xAE76, 0xAE77, 0xAE77, 0xAE76, 0xAE76, 0xAE77, 0xB697, 0xB677, 0xB656, 0xB677, 0xB677, 0xB677, 0xB656, 0xB677, 0xBEB8, 0xBED8,
    0xC6D8, 0xBEB8, 0xBE97, 0xBE77, 0xBEB8, 0xBEB8, 0xB677, 0xB677, 0xB677, 0xB677, 0xB697, 0xB697, 0xB697, 0xAE56, 0xB677, 0xB677,
    0xB677, 0xB677, 0xB677, 0xB677, 0xAE57, 0xAE57, 0xAE77, 0xAE77, 0xAE77, 0xAE77, 0xAE77, 0xAE77, 0xAE77, 0xB698, 0xB6B8, 0xBED9,
    0xBEB9, 0xB698, 0xB698, 0xB678, 0xB677, 0xB697, 0xB698, 0xB6B8, 0xB698, 0xAE77, 0xAE77, 0xAE77, 0xAE77, 0xAE57, 0xAE56, 0xAE56,
    0xA656, 0xA677, 0xAE98, 0xA678, 0xA678, 0xA678, 0xA677, 0xA677, 0xAE57, 0xB698, 0xAE57, 0xA616, 0xA637, 0xB677, 0xB698, 0xB678,
    0xB698, 0xB698, 0xB678, 0xB678, 0xB678, 0xB698, 0xB698, 0xB698, 0xAE57, 0xB698, 0xB6B8, 0xB677, 0xAE57, 0xAE57, 0xAE57, 0xAE37,
    0xAE37, 0xA637, 0xA637, 0xAE57, 0xAE77, 0xAE98, 0xAE98, 0xAE97, 0xA697, 0xA697, 0xA698, 0xA697, 0xB677, 0xB677, 0xB677, 0xC6D9,
    0xC6F9, 0xB697, 0xBEB8, 0xBED8, 0xBE98, 0xB697, 0xB677, 0xB697, 0xB677, 0xBE98, 0xBE98, 0xB657, 0xB636, 0xB657, 0xB677, 0xBE98,
    0xB677, 0xB677, 0xB697, 0xB697, 0xAE77, 0xAE77, 0xB697, 0xAE77, 0xAE77, 0xAE97, 0xB697, 0xB6B8, 0xB697, 0xAE77, 0xB697, 0xAE97,
    0xAE77, 0xAE77, 0xAE97, 0xAE77, 0xAE77, 0xAE77, 0xAE77, 0xB698, 0xB698, 0xAE77, 0xAE77, 0xAE77, 0xB698, 0xB698, 0xB698, 0xB698,
    0xB698, 0xB698, 0xB698, 0xB698, 0xAE77, 0xAE77, 0xB697, 0xB697, 0xB697, 0xB697, 0xB697, 0xB697, 0xAE77, 0xB697, 0xB697, 0xB697,
    0xB697, 0xB697, 0xB6B8, 0xBE97, 0xB677, 0xBE77, 0xBE97, 0xBE77, 0xB677, 0xBE97, 0xBE98, 0xBEB8, 0xBEB8, 0xBE98, 0xB677, 0xB677,
    0xBE98, 0xBE97, 0xB677, 0xB677, 0xB677, 0xB677, 0xB677, 0xB677, 0xB677, 0xB677, 0xB677, 0xB697, 0xB697, 0xB677, 0xB677, 0xB677,
    0xB677, 0xAE77, 0xAE77, 0xB678, 0xB698, 0xB698, 0xB698, 0xB698, 0xB678, 0xB698, 0xB698, 0xB6B8, 0xB698, 0xB698, 0xB698, 0xAE77,
    0xAE57, 0xAE57, 0xB677, 0xB697, 0xAE77, 0xAE57, 0xAE57, 0xAE77, 0xAE77, 0xAE77, 0xAE77, 0xAE77, 0xAE77, 0xAE77, 0xA637, 0xA658,
    0xAE78, 0xAE78, 0xAE78, 0xA657, 0xA637, 0xB698, 0xB6B8, 0xB6B8, 0xBED9, 0xBED9, 0xBEB9, 0xB698, 0xBEB8, 0xBED9, 0xBEB9, 0xBEB8,
    0xBEB8, 0xBEB8, 0xBEB9, 0xB6B8, 0xAE57, 0xB677, 0xAE57, 0xAE57, 0xAE57, 0xAE77, 0xAE57, 0xAE57, 0xAE57, 0xAE57, 0xAE57, 0xAE78,
    0xAE78, 0xAE77, 0xA677, 0xA677, 0xA677, 0xA698, 0xA698, 0xA698, 0xB677, 0xB656, 0xB677, 0xBE98, 0xBE97, 0xAE56, 0xB677, 0xB677,
    0xB656, 0xAE56, 0xB657, 0xB677, 0xAE36, 0xB677, 0xBE77, 0xB657, 0xB657, 0xB677, 0xBE98, 0xB698, 0xB697, 0xB697, 0xB698, 0xB698,
    0xAE77, 0xAE57, 0xAE77, 0xAE77, 0xAE77, 0xAE77, 0xAE97, 0xB697, 0xAE97, 0xAE77, 0xAE97, 0xAE77, 0xAE77, 0xAE77, 0xAE97, 0xAE77,
    0xAE77, 0xAE77, 0xB698, 0xB698, 0xB698, 0xB698, 0xB698, 0xB698, 0xB698, 0xB698, 0xB698, 0xB6B8, 0xB6B8, 0xB6B8, 0xB698, 0xB698,
    0xAE77, 0xAE77, 0xAE77, 0xB697, 0xB697, 0xB697, 0xB697, 0xB697, 0xB697, 0xB6B7, 0xB6B7, 0xB697, 0xB697, 0xB6B7, 0xBEB8, 0xBEB8,
    0xBE97, 0xBE97, 0xBE98, 0xBE97, 0xBE97, 0xBEB8, 0xBE98, 0xBE97, 0xBE97, 0xB677, 0xB657, 0xB657, 0xB677, 0xB697, 0xB677, 0xB677,
    0xB677, 0xB677, 0xB677, 0xB677, 0xB677, 0xB697, 0xB697, 0xB697, 0xB697, 0xB677, 0xB677, 0xAE57, 0xB677, 0xB678, 0xB698, 0xB698,
    0xB698, 0xB698, 0xB698, 0xB698, 0xB698, 0xB698, 0xB698, 0xB698, 0xB698, 0xB698, 0xB698, 0xB677, 0xAE77, 0xAE77, 0xB698, 0xB698,
    0xB698, 0xAE77, 0xAE77, 0xAE77, 0xAE77, 0xAE77, 0xAE77, 0xAE77, 0xAE77, 0xAE77, 0xAE57, 0xAE57, 0xAE57, 0xAE37, 0xAE57, 0xAE57,
    0xAE57, 0xAE57, 0xB698, 0xBEF9, 0xBEF9, 0xBEB8, 0xB678, 0xAE57, 0xB678, 0xB698, 0xAE77, 0xAE57, 0xAE57, 0xAE57, 0xAE57, 0xAE57,
    0xAE77, 0xAE57, 0xA636, 0xA636, 0xAE77, 0xB698, 0xAE77, 0xAE98, 0xAE77, 0xAE57, 0xAE77, 0xAE98, 0xAE98, 0xA657, 0xA657, 0xA677,
    0xA677, 0xA677, 0xA698, 0xAE98, 0xBE97, 0xBE97, 0xB677, 0xB656, 0xB656, 0xB656, 0xB656, 0xB656, 0xB656, 0xB656, 0xB677, 0xB677,
    0xAE36, 0xB677, 0xBE98, 0xB677, 0xBE98, 0xBEB8, 0xBE98, 0xBEB8, 0xB698, 0xB698, 0xBEB8, 0xB6B8, 0xB697, 0xAE77, 0xAE97, 0xAE97,
    0xAE77, 0xAE77, 0xAE97, 0xAE97, 0xAE97, 0xAE77, 0xAE77, 0xAE77, 0xAE77, 0xAE77, 0xAE97, 0xAE77, 0xAE77, 0xAE77, 0xB677, 0xB677,
    0xB677, 0xB677, 0xB677, 0xB677, 0xAE77, 0xAE77, 0xB677, 0xB698, 0xB698, 0xB698, 0xAE77, 0xAE77, 0xAE57, 0xAE77, 0xAE77, 0xAE77,
    0xB697, 0xB697, 0xB6B8, 0xB697, 0xAE77, 0xB697, 0xB697, 0xB697, 0xB697, 0xB697, 0xBEB8, 0xBEB8, 0xBE97, 0xBE97, 0xBE98, 0xBE97,
    0xBE97, 0xBEB8, 0xBE97, 0xB677, 0xB677, 0xB657, 0xB657, 0xB657, 0xB677, 0xB677, 0xB677, 0xB677, 0xB677, 0xB677, 0xB677, 0xB677,
    0xB677, 0xB697, 0xB697, 0xB677, 0xB677, 0xB677, 0xAE56, 0xAE56, 0xAE77, 0xAE77, 0xAE77, 0xB678, 0xB698, 0xB698, 0xB698, 0xB698,
    0xB698, 0xB678, 0xAE77, 0xAE77, 0xAE77, 0xB698, 0xB698, 0xB698, 0xB698, 0xB698, 0xB6B8, 0xB6B8, 0xB6B8, 0xAE98, 0xAE77, 0xAE77,
    0xAE77, 0xAE77, 0xAE57, 0xAE57, 0xAE57, 0xAE57, 0xB657, 0xB637, 0xAE37, 0xAE37, 0xAE37, 0xB657, 0xB678, 0xB698, 0xBED9, 0xC71A,
    0xC6FA, 0xB6B8, 0xB678, 0xB698, 0xB698, 0xAE77, 0xAE57, 0xAE57, 0xA636, 0xA636, 0xA636, 0xAE57, 0xB698, 0xAE77, 0xA636, 0xAE37,
    0xB698, 0xB6B8, 0xB698, 0xB6D9, 0xAE98, 0xA657, 0xA657, 0xAE77, 0xAE98, 0xAE77, 0xAE98, 0xAE98, 0xAE98, 0xAE77, 0xAE77, 0xAE77,
    0xB677, 0xBE77, 0xBE97, 0xB677, 0xB677, 0xBE97, 0xB677, 0xB677, 0xBE97, 0xBE97, 0xBE97, 0xBE77, 0xB657, 0xBE78, 0xBEB8, 0xBEB8,
    0xBEB9, 0xBED9, 0xBEB8, 0xBEB8, 0xB698, 0xB698, 0xB6B8, 0xB6B8, 0xB698, 0xB6B8, 0xB6B8, 0xAE98, 0xAE77, 0xAE77, 0xAE77, 0xAE77,
    0xAE77, 0xAE77, 0xAE77, 0xAE57, 0xAE57, 0xAE77, 0xAE77, 0xAE77, 0xAE77, 0xAE77, 0xAE77, 0xAE57, 0xAE77, 0xAE77, 0xAE77, 0xAE77,
    0xAE57, 0xAE57, 0xAE77, 0xAE77, 0xAE77, 0xAE77, 0xAE57, 0xAE57, 0xAE77, 0xAE77, 0xAE77, 0xAE77, 0xB697, 0xB697, 0xB6B8, 0xB697,
    0xAE77, 0xB697, 0xB697, 0xAE77, 0xAE77, 0xB697, 0xB697, 0xBE98, 0xB677, 0xB677, 0xB677, 0xB677, 0xB677, 0xBE98, 0xBE97, 0xB677,
    0xB657, 0xB657, 0xB657, 0xB677, 0xB677, 0xB677, 0xB697, 0xB677, 0xB677, 0xB677, 0xB677, 0xB677, 0xB657, 0xB697, 0xB677, 0xB677,
    0xB677, 0xAE56, 0xAE56, 0xAE56, 0xAE57, 0xAE77, 0xAE77, 0xAE77, 0xAE77, 0xB678, 0xB678, 0xB698, 0xB698, 0xB678, 0xAE77, 0xAE57,
    0xAE77, 0xB678, 0xB698, 0xAE77, 0xAE77, 0xAE77, 0xAE98, 0xB698, 0xAE98, 0xAE77, 0xAE77, 0xAE77, 0xAE77, 0xAE77, 0xA657, 0xA657,
    0xA636, 0xAE36, 0xB617, 0xBE57, 0xC698, 0xC699, 0xBE98, 0xB657, 0xAE16, 0xBEB9, 0xC6FA, 0xC71A, 0xBEF9, 0xB698, 0xB698, 0xBED9,
    0xBEB9, 0xB698, 0xB698, 0xB677, 0xAE77, 0xAE77, 0xAE77, 0xB678, 0xB6B8, 0xB678, 0xAE57, 0xAE57, 0xB698, 0xB6B8, 0xB698, 0xB6F9,
    0xAEB8, 0xA677, 0xA657, 0xA677, 0xAE97, 0xAEB8, 0xB6B8, 0xB6B8, 0xAE98, 0xAE77, 0xAE77, 0xAE77, 0xB636, 0xB657, 0xBEB8, 0xC6D8,
    0xC6D8, 0xC6D8, 0xC6B8, 0xC6B8, 0xC6D9, 0xC6D9, 0xBEB8, 0xBE98, 0xB677, 0xBE98, 0xBEB9, 0xBEB9, 0xC6D9, 0xBED9, 0xB698, 0xB6B8,
    0xB698, 0xAE77, 0xB698, 0xB698, 0xB698, 0xB6B8, 0xB6D9, 0xAE98, 0xAE77, 0xAE57, 0xAE77, 0xAE77, 0xAE77, 0xAE77, 0xAE57, 0xAE57,
    0xA657, 0xAE57, 0xAE77, 0xAE77, 0xAE77, 0xAE77, 0xAE77, 0xAE57, 0xAE57, 0xAE77, 0xB677, 0xAE77, 0xAE57, 0xAE57, 0xAE77, 0xAE57,
    0xAE57, 0xAE77, 0xAE77, 0xAE57, 0xAE77, 0xAE77, 0xB697, 0xB697, 0xB697, 0xB697, 0xB697, 0xAE77, 0xAE76, 0xAE77, 0xAE77, 0xAE77,
    0xAE77, 0xB697, 0xB697, 0xBE98, 0xB677, 0xB657, 0xB677, 0xB657, 0xB677, 0xBE98, 0xBE98, 0xB677, 0xB657, 0xB657, 0xB677, 0xB677,
    0xB677, 0xB677, 0xB697, 0xB697, 0xB677, 0xB677, 0xB677, 0xB657, 0xB677, 0xB697, 0xB697, 0xB677, 0xB677, 0xB677, 0xB677, 0xB677,
    0xAE77, 0xAE77, 0xAE77, 0xB678, 0xB678, 0xB698, 0xB698, 0xB698, 0xB698, 0xAE77, 0xAE77, 0xAE57, 0xAE57, 0xAE77, 0xAE77, 0xA657,
    0xA657, 0xA657, 0xAE57, 0xAE77, 0xAE57, 0xA637, 0xAE57, 0xAE78, 0xAE78, 0xAE78, 0xAE77, 0xAE77, 0xAE57, 0xB637, 0xBE17, 0xCE78,
    0xD6FA, 0xD6FA, 0xCEB9, 0xBE57, 0xADF6, 0xB657, 0xB678, 0xB698, 0xAE77, 0xAE37, 0xA637, 0xAE77, 0xAE78, 0xAE77, 0xAE77, 0xAE57,
    0xAE57, 0xAE57, 0xAE57, 0xAE77, 0xB698, 0xB698, 0xAE77, 0xAE57, 0xAE78, 0xB698, 0xB698, 0xB6B8, 0xAEB8, 0xAEB8, 0xA697, 0xA677,
    0xAE77, 0xAEB8, 0xB6B8, 0xB6B8, 0xB698, 0xAE77, 0xAE77, 0xB698, 0xB657, 0xBE77, 0xC6F9, 0xCEF9, 0xC6D9, 0xCEF9, 0xCEF9, 0xCEF9,
    0xCF1A, 0xCF19, 0xC6D8, 0xBE98, 0xB678, 0xBEB8, 0xBEB9, 0xC6D9, 0xBED9, 0xBEB9, 0xB677, 0xB698, 0xAE77, 0xAE57, 0xAE57, 0xAE77,
    0xAE77, 0xB6B8, 0xBED9, 0xAE98, 0xAE77, 0xAE57, 0xAE57, 0xAE77, 0xAE77, 0xAE57, 0xAE57, 0xA657, 0xA657, 0xAE57, 0xAE77, 0xAE77,
    0xAE77, 0xAE77, 0xAE77, 0xAE57, 0xAE57, 0xB677, 0xB698, 0xAE77, 0xAE77, 0xB698, 0xAE77, 0xAE57, 0xAE57, 0xAE57, 0xAE77, 0xB677,
    0xB697, 0xB697, 0xB697, 0xAE77, 0xAE77, 0xB697, 0xB697, 0xAE77, 0xAE77, 0xB697, 0xB697, 0xB697, 0xAE77, 0xB697, 0xB6B8, 0xBEB8,
    0xB677, 0xB657, 0xB677, 0xB657, 0xB677, 0xBEB8, 0xBEB8, 0xB697, 0xB677, 0xB657, 0xB677, 0xB697, 0xB677, 0xB677, 0xB697, 0xB697,
    0xB697, 0xB677, 0xB677, 0xAE56, 0xB657, 0xBE98, 0xB697, 0xB697, 0xB697, 0xB697, 0xB697, 0xBEB8, 0xB698, 0xB698, 0xB698, 0xB698,
    0xB698, 0xB698, 0xB6B8, 0xB698, 0xAE77, 0xAE77, 0xAE77, 0xAE77, 0xAE57, 0xAE57, 0xAE57, 0xA657, 0xA657, 0xA657, 0xAE78, 0xAE78,
    0xAE78, 0xA657, 0xA637, 0xAE57, 0xAE58, 0xAE78, 0xB698, 0xB699, 0xB6B9, 0xBE99, 0xCE99, 0xD6B9, 0xD6B9, 0xD6D9, 0xCEB9, 0xC678,
    0xBE57, 0xB637, 0xAE37, 0xB657, 0xAE57, 0xAE57, 0xA637, 0xA637, 0xAE57, 0xAE77, 0xAE57, 0xAE57, 0xAE57, 0xAE57, 0xAE77, 0xAE77,
    0xAE78, 0xB6B8, 0xB698, 0xAE57, 0xAE57, 0xAE77, 0xAE98, 0xA677, 0xAEB8, 0xB6F9, 0xB6D8, 0xAE97, 0xA677, 0xAEB8, 0xB6B8, 0xAE77,
    0xAE77, 0xAE77, 0xB678, 0xBEB8, 0xC6B8, 0xC6D9, 0xCEF9, 0xCEF9, 0xCEF9, 0xCEF9, 0xC6F9, 0xC6F9, 0xCEF9, 0xCF19, 0xC6D9, 0xBEB8,
    0xC6D9, 0xC6D9, 0xBEB9, 0xBE98, 0xB698, 0xB678, 0xAE57, 0xAE77, 0xAE57, 0xAE57, 0xAE57, 0xAE57, 0xAE77, 0xAE78, 0xAE98, 0xAE78,
    0xAE77, 0xAE77, 0xAE77, 0xAE77, 0xAE77, 0xAE77, 0xAE57, 0xAE57, 0xAE77, 0xAE77, 0xAE77, 0xAE78, 0xAE78, 0xB698, 0xB698, 0xB698,
    0xB698, 0xB698, 0xB698, 0xAE77, 0xAE77, 0xB677, 0xAE77, 0xAE77, 0xB698, 0xB698, 0xB698, 0xB698, 0xB698, 0xB6B8, 0xBED8, 0xB6B8,
    0xB6B8, 0xB6B8, 0xB6B8, 0xAE77, 0xAE77, 0xB697, 0xB697, 0xAE77, 0xAE77, 0xB697, 0xB6B8, 0xBEB8, 0xB697, 0xB677, 0xB677, 0xB677,
    0xB677, 0xB697, 0xB697, 0xB677, 0xB677, 0xB677, 0xB677, 0xB677, 0xB677, 0xB677, 0xB697, 0xB677, 0xB677, 0xB677, 0xB677, 0xB677,
    0xB697, 0xBED8, 0xBEB8, 0xBE98, 0xB697, 0xB697, 0xBEB8, 0xBED8, 0xB677, 0xB698, 0xBED9, 0xB6B8, 0xB698, 0xB678, 0xAE77, 0xAE77,
    0xAE77, 0xAE77, 0xAE77, 0xAE57, 0xAE77, 0xB698, 0xAE78, 0xAE77, 0xA677, 0xAE77, 0xAE78, 0xAE78, 0xAE78, 0xAE57, 0xAE78, 0xB698,
    0xB698, 0xBEB9, 0xB698, 0xB678, 0xBEB9, 0xCEFA, 0xD6B9, 0xDEB9, 0xD698, 0xCE78, 0xC678, 0xC678, 0xBE78, 0xBE98, 0xBEB8, 0xBED9,
    0xB6B8, 0xAE78, 0xAE77, 0xAE77, 0xAE77, 0xAE77, 0xAE77, 0xAE77, 0xAE77, 0xAE77, 0xAE77, 0xAE77, 0xAE77, 0xAE98, 0xAE77, 0xAE57,
    0xAE57, 0xAE77, 0xAE77, 0xA677, 0xAEB7, 0xAEB8, 0xAEB7, 0xAE97, 0xAE97, 0xAE97, 0xAE77, 0xAE77, 0xAE77, 0xB677, 0xBEB8, 0xC6F9,
    0xC6D9, 0xC6F9, 0xC6B8, 0xBEB8, 0xC6D8, 0xC6B8, 0xBE98, 0xBEB8, 0xC6B8, 0xC6D9, 0xC6D8, 0xBEB8, 0xC6FA, 0xBED9, 0xBE98, 0xB678,
    0xAE57, 0xAE57, 0xAE57, 0xAE57, 0xAE57, 0xAE57, 0xAE57, 0xA657, 0xA657, 0xA657, 0xA657, 0xAE77, 0xAE77, 0xAE77, 0xAE77, 0xAE77,
    0xAE77, 0xAE77, 0xAE57, 0xAE77, 0xAE78, 0xAE78, 0xAE77, 0xAE78, 0xAE98, 0xB698, 0xB698, 0xB698, 0xB698, 0xB698, 0xB677, 0xAE77,
    0xAE77, 0xAE77, 0xAE77, 0xB698, 0xB6B8, 0xBED9, 0xBEB8, 0xB698, 0xB697, 0xBED8, 0xBED8, 0xBED8, 0xBED8, 0xBED8, 0xB6B8, 0xB697,
    0xB697, 0xB697, 0xB697, 0xB697, 0xB697, 0xB697, 0xB6B8, 0xBED8, 0xBEB8, 0xB697, 0xB697, 0xB697, 0xB677, 0xB697, 0xAE56, 0xB677,
    0xB697, 0xB697, 0xB677, 0xB677, 0xB677, 0xB677, 0xB697, 0xB677, 0xB677, 0xB677, 0xB697, 0xB697, 0xBEB8, 0xBED8, 0xBED8, 0xBEB8,
    0xB697, 0xB697, 0xB677, 0xB697, 0xAE57, 0xB698, 0xBED9, 0xB698, 0xAE57, 0xAE57, 0xAE57, 0xAE77, 0xB698, 0xB698, 0xAE77, 0xAE57,
    0xAE77, 0xB698, 0xAE77, 0xAE77, 0xAE98, 0xAE98, 0xAE98, 0xAE98, 0xAE77, 0xAE57, 0xB698, 0xB698, 0xB698, 0xBE98, 0xB677, 0xAE37,
    0xBE99, 0xD71A, 0xDED9, 0xE6F9, 0xDED9, 0xD6B8, 0xCEB8, 0xCEB8, 0xC698, 0xC6B9, 0xC6D9, 0xBED9, 0xB6B8, 0xAE78, 0xAE77, 0xAE77,
    0xAE77, 0xAE77, 0xAE77, 0xAE77, 0xAE77, 0xAE77, 0xAE77, 0xAE77, 0xAE77, 0xAE77, 0xAE77, 0xAE77, 0xAE77, 0xAE77, 0xAE77, 0xAE97,
    0xA697, 0xA697, 0xA676, 0xAE97, 0xAE97, 0xAE77, 0xAE56, 0xAE57, 0xB677, 0xB698, 0xBEB8, 0xBEB8, 0xBEB8, 0xBEB8, 0xB677, 0xB656,
    0xB657, 0xB677, 0xB657, 0xB677, 0xB697, 0xBEB8, 0xBEB8, 0xBE98, 0xBEB9, 0xBE99, 0xB678, 0xAE58, 0xAE57, 0xAE57, 0xAE58, 0xAE57,
    0xAE57, 0xAE57, 0xAE57, 0xA657, 0xA657, 0xA677, 0xAE57, 0xAE57, 0xAE57, 0xAE57, 0xAE57, 0xAE57, 0xAE57, 0xAE57, 0xA657, 0xAE57,
    0xAE78, 0xAE78, 0xAE57, 0xAE78, 0xAE78, 0xAE78, 0xB677, 0xB698, 0xB698, 0xB698, 0xAE77, 0xAE77, 0xAE77, 0xB677, 0xB677, 0xB698,
    0xB6B8, 0xBED9, 0xBEB8, 0xB698, 0xAE77, 0xB697, 0xB697, 0xAE77, 0xB697, 0xB6B8, 0xB6B7, 0xB697, 0xB697, 0xB6B8, 0xB6B8, 0xB6B7,
    0xB6B7, 0xB6B8, 0xBED8, 0xBED8, 0xBEB8, 0xB6B8, 0xB697, 0xB697, 0xB697, 0xB697, 0xAE77, 0xB697, 0xB6B8, 0xBED8, 0xB6B7, 0xB697,
    0xB677, 0xB677, 0xB697, 0xB677, 0xB677, 0xB677, 0xB697, 0xB697, 0xBE98, 0xBEB8, 0xBEB8, 0xBEB8, 0xBEB8, 0xB677, 0xAE56, 0xAE36,
    0xAE57, 0xB698, 0xB678, 0xAE57, 0xAE57, 0xAE77, 0xAE77, 0xB698, 0xBED9, 0xBED9, 0xB698, 0xAE57, 0xAE77, 0xAE57, 0xAE57, 0xAE77,
    0xB6B8, 0xB6D9, 0xB6B8, 0xB698, 0xB677, 0xB677, 0xB677, 0xAE57, 0xAE37, 0xB657, 0xB637, 0xB637, 0xC6B9, 0xDF1A, 0xDED9, 0xDEF9,
    0xDED9, 0xD6B8, 0xD6D9, 0xD6F9, 0xCED9, 0xC6B8, 0xBEB8, 0xB698, 0xAE77, 0xAE77, 0xAE77, 0xA657, 0xAE77, 0xAE77, 0xAE77, 0xAE77,
    0xAE77, 0xAE77, 0xAE77, 0xAE77, 0xAE77, 0xAE77, 0xAE77, 0xAE77, 0xAE77, 0xAE77, 0xAE77, 0xA677, 0xA677, 0xAE77, 0xA676, 0xAE77,
    0xAE77, 0xAE77, 0xAE56, 0xAE77, 0xBED8, 0xBED8, 0xB677, 0xAE56, 0xB697, 0xB697, 0xB677, 0xB677, 0xAE56, 0xAE56, 0xAE56, 0xAE56,
    0xAE77, 0xB677, 0xB677, 0xB677, 0xB678, 0xB678, 0xAE57, 0xAE37, 0xAE37, 0xAE57, 0xAE58, 0xAE57, 0xAE57, 0xA657, 0xA657, 0xA657,
    0xA657, 0xA677, 0xA657, 0xAE57, 0xAE57, 0xAE57, 0xAE57, 0xAE57, 0xAE57, 0xAE57, 0xAE57, 0xAE58, 0xAE78, 0xAE78, 0xAE57, 0xAE57,
    0xAE78, 0xAE77, 0xAE77, 0xAE77, 0xAE77, 0xAE77, 0xAE77, 0xAE77, 0xAE77, 0xAE77, 0xAE77, 0xB677, 0xB698, 0xB6B8, 0xB698, 0xB698,
    0xAE77, 0xAE77, 0xAE77, 0xAE56, 0xAE77, 0xB697, 0xB6B7, 0xB697, 0xB697, 0xB6B8, 0xB6B8, 0xB6B8, 0xB6B8, 0xB6B8, 0xBED8, 0xB697,
    0xB697, 0xB697, 0xAE77, 0xAE77, 0xAE77, 0xAE77, 0xAE77, 0xB697, 0xB6B8, 0xB6B8, 0xB6B7, 0xB697, 0xB697, 0xB697, 0xB677, 0xB677,
    0xB677, 0xB677, 0xB697, 0xB697, 0xBE98, 0xB697, 0xBE98, 0xBEB8, 0xBE98, 0xB677, 0xAE56, 0xAE36, 0xAE57, 0xB678, 0xAE77, 0xAE57,
    0xAE77, 0xB698, 0xAE77, 0xAE77, 0xB698, 0xB698, 0xAE77, 0xAE57, 0xAE77, 0xAE77, 0xAE57, 0xAE77, 0xB6B8, 0xBEF9, 0xBED8, 0xB697,
    0xB657, 0xB677, 0xB657, 0xB636, 0xB636, 0xBE57, 0xBE57, 0xBE37, 0xC698, 0xD6F9, 0xD6D8, 0xD6D8, 0xD6B8, 0xCEB8, 0xCED8, 0xCEF9,
    0xCED9, 0xBEB8, 0xB678, 0xAE37, 0xA637, 0xAE57, 0xAE78, 0xAE58, 0xAE77, 0xAE77, 0xAE77, 0xAE77, 0xAE77, 0xAE77, 0xAE77, 0xAE77,
    0xAE77, 0xAE77, 0xAE77, 0xAE77, 0xAE77, 0xAE77, 0xAE77, 0xA656, 0xAE56, 0xAE76, 0xAE77, 0xAE76, 0xAE56, 0xAE77, 0xAE77, 0xBED8,
    0xC719, 0xC6F9, 0xB697, 0xAE36, 0xAE77, 0xAE77, 0xB697, 0xB6B8, 0xB697, 0xAE56, 0xAE56, 0xAE56, 0xAE56, 0xAE56, 0xAE56, 0xAE56,
    0xAE57, 0xAE57, 0xAE37, 0xAE37, 0xA637, 0xAE57, 0xAE57, 0xAE57, 0xA657, 0xA657, 0xA657, 0xA677, 0xA677, 0xA677, 0xA657, 0xA657,
    0xAE57, 0xAE57, 0xAE57, 0xAE57, 0xAE57, 0xAE57, 0xAE57, 0xAE58, 0xAE78, 0xAE58, 0xAE57, 0xAE57, 0xAE77, 0xAE77, 0xAE77, 0xAE77,
    0xAE57, 0xAE77, 0xAE77, 0xAE77, 0xAE77, 0xAE77, 0xAE57, 0xAE77, 0xB677, 0xB698, 0xB677, 0xAE57, 0xAE77, 0xB697, 0xAE77, 0xAE56,
    0xAE77, 0xB6B7, 0xB6B8, 0xB697, 0xB697, 0xB6B7, 0xB697, 0xB697, 0xB697, 0xB6B7, 0xB6B8, 0xAE77, 0xAE77, 0xAE77, 0xAE77, 0xAE77,
    0xAE76, 0xAE76, 0xB697, 0xB697, 0xB697, 0xAE77, 0xAE76, 0xAE77, 0xB697, 0xB697, 0xB697, 0xB677, 0xB677, 0xB677, 0xB697, 0xB697,
    0xBE98, 0xBEB8, 0xBE98, 0xB697, 0xB697, 0xB677, 0xB677, 0xB697, 0xAE77, 0xB678, 0xB698, 0xB698, 0xB698, 0xB6B8, 0xB698, 0xAE57,
    0xAE77, 0xAE77, 0xAE57, 0xAE57, 0xAE77, 0xB698, 0xAE77, 0xB697, 0xBED8, 0xBEF8, 0xBED8, 0xB677, 0xB656, 0xB656, 0xB656, 0xBE57,
    0xC697, 0xCEB8, 0xC698, 0xC677, 0xC698, 0xD6D9, 0xDF39, 0xDF19, 0xD6D8, 0xCED8, 0xD719, 0xD73A, 0xD719, 0xBE98, 0xB657, 0xAE36,
    0xA636, 0xAE57, 0xAE78, 0xAE57, 0xAE77, 0xAE77, 0xAE77, 0xAE77, 0xAE77, 0xAE77, 0xAE77, 0xAE77, 0xAE77, 0xAE77, 0xAE77, 0xAE77,
    0xAE77, 0xAE77, 0xAE77, 0xAE56, 0xAE56, 0xB677, 0xB697, 0xB697, 0xAE76, 0xAE77, 0xB6B8, 0xBEF8, 0xBEF9, 0xBEF8, 0xB6B7, 0xAE76,
    0xA656, 0xAE56, 0xB6B8, 0xB6D8, 0xB6B7, 0xAE97, 0xAE97, 0xAE97, 0xAE76, 0xA656, 0xA656, 0xA656, 0xAE57, 0xAE37, 0xAE37, 0xAE37,
    0xAE57, 0xAE57, 0xAE57, 0xA657, 0xA657, 0xA657, 0xA657, 0xA677, 0xA677, 0xA677, 0xA677, 0xAE57, 0xAE57, 0xAE57, 0xAE57, 0xAE57,
    0xAE57, 0xAE57, 0xAE58, 0xAE78, 0xAE78, 0xAE78, 0xAE57, 0xAE57, 0xAE57, 0xAE77, 0xAE77, 0xAE57, 0xAE57, 0xAE57, 0xAE77, 0xAE77,
    0xAE77, 0xAE57, 0xAE57, 0xAE57, 0xAE77, 0xAE77, 0xAE77, 0xAE57, 0xB677, 0xB697, 0xB697, 0xAE77, 0xAE77, 0xB697, 0xB697, 0xAE77,
    0xAE77, 0xB697, 0xB697, 0xAE77, 0xAE77, 0xB697, 0xB697, 0xB697, 0xB697, 0xB697, 0xB6B7, 0xB697, 0xB697, 0xB697, 0xB697, 0xB697,
    0xAE77, 0xAE56, 0xAE56, 0xAE76, 0xB697, 0xB697, 0xB697, 0xB677, 0xB677, 0xB677, 0xB697, 0xB697, 0xBE98, 0xBEB8, 0xBE98, 0xB697,
    0xB677, 0xB697, 0xBEB8, 0xBED8, 0xB677, 0xB698, 0xB6B8, 0xB6B8, 0xB6B8, 0xB6B8, 0xB678, 0xAE57, 0xAE77, 0xB678, 0xAE57, 0xAE57,
    0xAE77, 0xB678, 0xAE77, 0xB697, 0xBEB7, 0xBEB7, 0xBEB7, 0xBE97, 0xBE77, 0xB656, 0xBE77, 0xC6B8, 0xCED9, 0xD719, 0xD6F9, 0xD6B9,
    0xCE98, 0xD6B8, 0xDF39, 0xD6F8, 0xC6B7, 0xC6B7, 0xCEF8, 0xCEF9, 0xC6D9, 0xBE98, 0xB677, 0xAE57, 0xAE57, 0xAE57, 0xAE78, 0xAE58,
    0xAE77, 0xAE77, 0xAE77, 0xAE77, 0xAE77, 0xAE77, 0xAE77, 0xAE77, 0xAE77, 0xAE77, 0xAE77, 0xAE77, 0xAE77, 0xAE77, 0xAE77, 0xAE77,
    0xB656, 0xBE97, 0xBED8, 0xBEB7, 0xB677, 0xB6B7, 0xBED8, 0xB6B7, 0xB697, 0xAE97, 0xAE97, 0xAE76, 0xAE97, 0xAEB7, 0xB6F8, 0xB6D8,
    0xAE97, 0xAE97, 0xAEB7, 0xAEB7, 0xA676, 0xA676, 0xA676, 0xAE77, 0xAE57, 0xAE57, 0xAE58, 0xAE58, 0xAE58, 0xAE58, 0xAE58, 0xA658,
    0xA658, 0xA678, 0xA678, 0xA678, 0xA678, 0xA678, 0xA678, 0xAE78, 0xAE58, 0xAE58, 0xAE58, 0xAE58, 0xAE58, 0xAE58, 0xAE78, 0xAE78,
    0xAE98, 0xAE78, 0xAE58, 0xAE58, 0xAE58, 0xAE77, 0xAE77, 0xAE57, 0xAE57, 0xAE57, 0xAE77, 0xB677, 0xB698, 0xAE57, 0xAE57, 0xAE57,
    0xB677, 0xB698, 0xAE77, 0xAE57, 0xB697, 0xB6B8, 0xB6B8, 0xB697, 0xB697, 0xB697, 0xAE77, 0xAE76, 0xAE77, 0xB697, 0xB697, 0xAE77,
    0xAE77, 0xB697, 0xB697, 0xB697, 0xB6B7, 0xB6B8, 0xB6B8, 0xB6B8, 0xB6B8, 0xB697, 0xAE77, 0xAE77, 0xB697, 0xB697, 0xAE77, 0xAE77,
    0xAE77, 0xB697, 0xB697, 0xB677, 0xB677, 0xB677, 0xB697, 0xB697, 0xBE98, 0xBEB8, 0xBE98, 0xB697, 0xB697, 0xB697, 0xBE98, 0xBEB8,
    0xAE77, 0xB698, 0xBED9, 0xB6B8, 0xB698, 0xB698, 0xB678, 0xAE77, 0xAE77, 0xB678, 0xAE77, 0xAE77, 0xB698, 0xBEB9, 0xB6B8, 0xB697,
    0xB676, 0xB676, 0xBE97, 0xC6D8, 0xCED8, 0xCED8, 0xCED8, 0xD6F9, 0xDF19, 0xDF19, 0xDEF9, 0xDEF9, 0xDED9, 0xD6D8, 0xD6F8, 0xC6B7,
    0xB655, 0xB635, 0xBE76, 0xBE76, 0xB656, 0xBE97, 0xB698, 0xB698, 0xB678, 0xAE78, 0xAE58, 0xAE78, 0xAE78, 0xAE77, 0xAE77, 0xAE77,
    0xAE77, 0xAE77, 0xAE77, 0xAE77, 0xAE77, 0xAE77, 0xAE77, 0xAE77, 0xAE77, 0xAE77, 0xAE77, 0xB697, 0xB677, 0xC6B8, 0xCF19, 0xC6D8,
    0xB697, 0xBED8, 0xBED8, 0xAE76, 0xAE56, 0xA656, 0xAE76, 0xAE96, 0xBF19, 0xBF19, 0xC73A, 0xB6D8, 0xAE77, 0xAE56, 0xAE77, 0xAE97,
    0xAE77, 0xAE56, 0xAE77, 0xAE97, 0xAE57, 0xAE58, 0xAE58, 0xAE58, 0xAE57, 0xAE57, 0xAE57, 0xAE57, 0xA657, 0xA657, 0xA677, 0xA677,
    0xA677, 0xA677, 0xA678, 0xAE78, 0xAE78, 0xAE78, 0xAE78, 0xAE78, 0xAE78, 0xAE78, 0xAE78, 0xAE98, 0xB699, 0xAE78, 0xAE58, 0xAE58,
    0xAE78, 0xAE78, 0xAE77, 0xAE57, 0xAE57, 0xAE77, 0xAE77, 0xB698, 0xB698, 0xB677, 0xB677, 0xB677, 0xB697, 0xB698, 0xB677, 0xAE57,
    0xB697, 0xB697, 0xB6B8, 0xB697, 0xB677, 0xB677, 0xAE56, 0xAE56, 0xB677, 0xB697, 0xB697, 0xB677, 0xB677, 0xB697, 0xB697, 0xAE77,
    0xB697, 0xB697, 0xB6B7, 0xB6B7, 0xB697, 0xAE97, 0xAE56, 0xAE77, 0xB6B8, 0xBED8, 0xB6B8, 0xB697, 0xAE76, 0xAE77, 0xB697, 0xB677,
    0xB677, 0xB677, 0xB697, 0xB698, 0xBE98, 0xBE98, 0xBEB8, 0xBEB8, 0xBEB8, 0xB697, 0xB677, 0xAE57, 0xB677, 0xBEB8, 0xBED9, 0xB698,
    0xAE37, 0xAE57, 0xAE78, 0xAE77, 0xA636, 0xAE77, 0xAE77, 0xB698, 0xBEF9, 0xCF1A, 0xCF3A, 0xB677, 0xAE35, 0xAE35, 0xBE97, 0xCF19,
    0xD75A, 0xD739, 0xD719, 0xDF19, 0xDF19, 0xD6F9, 0xD6F9, 0xDF1A, 0xDF3A, 0xDF3A, 0xD739, 0xC6D8, 0xB676, 0xB655, 0xB676, 0xB697,
    0xAE56, 0xB697, 0xBEB8, 0xBED9, 0xB6B8, 0xAE77, 0xAE57, 0xAE78, 0xAE77, 0xAE77, 0xAE77, 0xAE77, 0xAE77, 0xAE77, 0xAE77, 0xAE77,
    0xAE77, 0xAE77, 0xAE77, 0xAE77, 0xAE77, 0xAE77, 0xAE77, 0xBE97, 0xBE97, 0xC6D8, 0xD73A, 0xC6F9, 0xBEB7, 0xC719, 0xBED8, 0xAE56,
    0xAE76, 0xAE76, 0xAE97, 0xAE97, 0xBED9, 0xC6F9, 0xC71A, 0xC71A, 0xC6F9, 0xC6D9, 0xC6D9, 0xC6B9, 0xC6B9, 0xC6B9, 0xC6B9, 0xC6B9,
    0xBE98, 0xB698, 0xB698, 0xB678, 0xAE78, 0xAE57, 0xA657, 0xAE98, 0xAE98, 0xAE78, 0xAE78, 0xAE77, 0xAE78, 0xAE98, 0xAE78, 0xAE57,
    0xAE57, 0xAE57, 0xAE57, 0xAE57, 0xAE57, 0xAE57, 0xAE78, 0xAE78, 0xAE78, 0xAE58, 0xAE58, 0xAE78, 0xAE78, 0xAE98, 0xB698, 0xB698,
    0xB698, 0xAE77, 0xAE77, 0xB698, 0xB6B8, 0xB6B8, 0xB697, 0xB697, 0xAE77, 0xAE77, 0xB697, 0xB697, 0xB697, 0xB697, 0xB697, 0xB697,
    0xB677, 0xB697, 0xB697, 0xB697, 0xB697, 0xB677, 0xB677, 0xB677, 0xAE77, 0xAE77, 0xAE77, 0xB677, 0xB677, 0xB677, 0xB677, 0xB677,
    0xB677, 0xAE77, 0xB697, 0xBED8, 0xBED8, 0xBED8, 0xBEB8, 0xBEB8, 0xB697, 0xAE57, 0xAE57, 0xAE57, 0xAE77, 0xB677, 0xB677, 0xB657,
    0xB657, 0xBEB8, 0xBEB8, 0xBE98, 0xB657, 0xB657, 0xB677, 0xB677, 0xB698, 0xB698, 0xB698, 0xB698, 0xB6B8, 0xB6B8, 0xAE98, 0xAE98,
    0xAE77, 0xAE57, 0xB698, 0xC6F9, 0xD75B, 0xD75B, 0xCEFA, 0xBEB8, 0xB677, 0xBE97, 0xCEF9, 0xD719, 0xD6F9, 0xD719, 0xCEB8, 0xD6D8,
    0xD719, 0xCED8, 0xBE77, 0xBE97, 0xCEF9, 0xCF1A, 0xBED9, 0xBEF9, 0xB6B8, 0xA656, 0xA616, 0xA656, 0xAE97, 0xAE77, 0xB698, 0xBEF8,
    0xC719, 0xC739, 0xBEF9, 0xBED8, 0xBEF8, 0xBEF9, 0xB6B8, 0xAE98, 0xAE77, 0xAE77, 0xB698, 0xB6B8, 0xB698, 0xAE98, 0xAE77, 0xAE98,
    0xB6B8, 0xBEF9, 0xC71A, 0xCEF9, 0xCED9, 0xCEF9, 0xD71A, 0xCF1A, 0xC6B8, 0xBE98, 0xBEB8, 0xBEB8, 0xB6D8, 0xAE97, 0xA656, 0xA635,
    0xB698, 0xBEB9, 0xC6D9, 0xC6D9, 0xCEFA, 0xCEFA, 0xCEFA, 0xCEFA, 0xD6FA, 0xD6FA, 0xD6FA, 0xD71A, 0xC6FA, 0xC6FA, 0xBED9, 0xB6B8,
    0xB698, 0xAE77, 0xAE57, 0xAE98, 0xB698, 0xAE97, 0xAE77, 0xAE77, 0xAE77, 0xAE97, 0xAE78, 0xAE57, 0xAE57, 0xAE57, 0xAE57, 0xAE57,
    0xAE57, 0xAE57, 0xAE58, 0xAE58, 0xAE57, 0xAE57, 0xAE78, 0xAE78, 0xAE98, 0xB678, 0xAE78, 0xAE57, 0xAE57, 0xAE57, 0xAE57, 0xAE57,
    0xAE77, 0xAE77, 0xAE57, 0xAE77, 0xAE56, 0xAE56, 0xB697, 0xB677, 0xAE56, 0xB677, 0xB677, 0xB677, 0xB677, 0xB657, 0xB677, 0xB677,
    0xB677, 0xB677, 0xB677, 0xB677, 0xB677, 0xB677, 0xB677, 0xB677, 0xB677, 0xB677, 0xB677, 0xB677, 0xB677, 0xB677, 0xB697, 0xBEB8,
    0xBEB8, 0xB697, 0xB697, 0xB697, 0xB677, 0xAE77, 0xAE78, 0xAE78, 0xB698, 0xB678, 0xB678, 0xB677, 0xB657, 0xB657, 0xBE98, 0xBE98,
    0xB677, 0xB677, 0xB697, 0xB697, 0xAE57, 0xAE37, 0xAE57, 0xAE57, 0xAE97, 0xAE77, 0xAE77, 0xAE77, 0xAE77, 0xAE77, 0xB698, 0xBE98,
    0xC6D9, 0xCED9, 0xC698, 0xB698, 0xAE77, 0xB698, 0xCF19, 0xD73A, 0xDF3A, 0xDF5A, 0xCE98, 0xC677, 0xC677, 0xB636, 0xAE15, 0xAE36,
    0xAE57, 0xAE78, 0xAE98, 0xAE98, 0xAE78, 0xA657, 0xA657, 0xA657, 0xA677, 0xA656, 0xAE97, 0xB6D8, 0xBEF8, 0xBEF8, 0xBED8, 0xB6B7,
    0xB697, 0xB698, 0xB698, 0xAE77, 0xAE77, 0xB698, 0xBED9, 0xBEF9, 0xB698, 0xB698, 0xAE77, 0xAE77, 0xB6B8, 0xBEF9, 0xC71A, 0xCEFA,
    0xCED9, 0xCEF9, 0xD6FA, 0xCED9, 0xBE77, 0xB657, 0xBE97, 0xC6F9, 0xC719, 0xBEF9, 0xB6B8, 0xAE97, 0xB657, 0xB677, 0xB678, 0xBE98,
    0xBE98, 0xBE78, 0xBE78, 0xBE98, 0xC699, 0xC6B9, 0xC6B9, 0xC6D9, 0xC6D9, 0xBED9, 0xBED9, 0xB6B8, 0xB698, 0xAE77, 0xAE77, 0xAE77,
    0xAE77, 0xAE77, 0xAE77, 0xA677, 0xA677, 0xAE77, 0xAE77, 0xAE57, 0xAE57, 0xAE57, 0xAE57, 0xAE57, 0xAE57, 0xAE57, 0xAE57, 0xAE57,
    0xAE57, 0xAE57, 0xAE78, 0xAE78, 0xB698, 0xB698, 0xB678, 0xAE37, 0xAE37, 0xAE57, 0xAE77, 0xAE57, 0xAE56, 0xAE77, 0xAE56, 0xAE77,
    0xAE76, 0xAE76, 0xB6B7, 0xB697, 0xAE56, 0xB677, 0xB697, 0xB697, 0xB677, 0xB677, 0xB677, 0xB677, 0xB677, 0xB677, 0xB677, 0xB677,
    0xB677, 0xB677, 0xB677, 0xB677, 0xB677, 0xAE56, 0xAE56, 0xB677, 0xB697, 0xBE98, 0xB697, 0xBE98, 0xB697, 0xB677, 0xB657, 0xB677,
    0xB677, 0xAE77, 0xAE98, 0xAE98, 0xB698, 0xB698, 0xB678, 0xB678, 0xB657, 0xAE16, 0xB657, 0xBE97, 0xB697, 0xB697, 0xB697, 0xB697,
    0xB677, 0xB677, 0xB677, 0xB698, 0xB6B8, 0xB6B8, 0xAE98, 0xAE97, 0xAE77, 0xAE97, 0xB678, 0xAE37, 0xB637, 0xBE58, 0xB637, 0xAE57,
    0xAE57, 0xB677, 0xC6F9, 0xD73A, 0xDF3A, 0xDF5A, 0xCEB8, 0xC677, 0xBE36, 0xB615, 0xB636, 0xB677, 0xAE57, 0xA636, 0xAE57, 0xA637,
    0xA637, 0xAE57, 0xAE77, 0xAE77, 0xA636, 0xA656, 0xAE77, 0xAE97, 0xAE97, 0xB697, 0xAE97, 0xAE77, 0xAE56, 0xAE57, 0xAE77, 0xAE77,
    0xAE97, 0xB6B8, 0xBED9, 0xBEF9, 0xB698, 0xAE97, 0xAE77, 0xAE77, 0xAE97, 0xB6B8, 0xBED8, 0xC6B8, 0xC6B8, 0xCED9, 0xCED9, 0xBE98,
    0xB656, 0xAE56, 0xAE57, 0xB697, 0xBED8, 0xBED8, 0xB6B7, 0xAE77, 0xAE37, 0xAE57, 0xAE57, 0xB657, 0xAE37, 0xAE16, 0xAE16, 0xAE36,
    0xAE37, 0xAE37, 0xB657, 0xB657, 0xAE57, 0xAE57, 0xAE57, 0xAE77, 0xAE77, 0xAE77, 0xAE77, 0xAE77, 0xAE77, 0xAE77, 0xAE77, 0xA677,
    0xA677, 0xA677, 0xAE57, 0xAE57, 0xAE57, 0xAE57, 0xAE57, 0xAE57, 0xAE57, 0xAE57, 0xA657, 0xA657, 0xA657, 0xAE57, 0xAE78, 0xAE98,
    0xB699, 0xBEB9, 0xB698, 0xAE57, 0xAE57, 0xB698, 0xBEB9, 0xB698, 0xB697, 0xB698, 0xB677, 0xB6B8, 0xB697, 0xB697, 0xBED8, 0xBEB7,
    0xB677, 0xB697, 0xBEB8, 0xBEB8, 0xB697, 0xB677, 0xB677, 0xB677, 0xAE56, 0xB677, 0xB677, 0xB697, 0xB697, 0xB697, 0xB677, 0xB677,
    0xB657, 0xAE56, 0xAE56, 0xB677, 0xB697, 0xBEB8, 0xB697, 0xB697, 0xB677, 0xAE56, 0xAE56, 0xB677, 0xB677, 0xB677, 0xAE98, 0xAE98,
    0xB698, 0xB678, 0xB678, 0xB677, 0xB657, 0xAE16, 0xB657, 0xB677, 0xB677, 0xB677, 0xB697, 0xB697, 0xB677, 0xB677, 0xB677, 0xB698,
    0xB6B8, 0xB6B8, 0xB698, 0xAE97, 0xAE77, 0xAE77, 0xAE57, 0xAE16, 0xB637, 0xBE78, 0xB637, 0xAE57, 0xAE57, 0xB677, 0xC6B8, 0xCEF9,
    0xD6F9, 0xD6F9, 0xCEB8, 0xC677, 0xBE57, 0xB636, 0xBE77, 0xBEB9, 0xB6B8, 0xAE77, 0xAE36, 0xAE36, 0xAE36, 0xAE57, 0xAE77, 0xB698,
    0xB698, 0xAE57, 0xAE57, 0xAE57, 0xAE77, 0xAE77, 0xAE56, 0xAE56, 0xAE77, 0xAE77, 0xB698, 0xB698, 0xAE77, 0xAE77, 0xAE77, 0xB698,
    0xB698, 0xAE77, 0xAE77, 0xAE77, 0xAE77, 0xAE97, 0xB698, 0xB677, 0xBE98, 0xC6D8, 0xC6D9, 0xBE97, 0xAE56, 0xB677, 0xAE56, 0xA636,
    0xAE77, 0xAE97, 0xAE77, 0xA656, 0xAE57, 0xAE57, 0xAE57, 0xAE57, 0xAE57, 0xAE57, 0xAE77, 0xAE77, 0xAE77, 0xAE77, 0xAE77, 0xAE57,
    0xA616, 0xAE36, 0xA636, 0xAE37, 0xAE57, 0xAE57, 0xAE57, 0xAE57, 0xAE57, 0xA677, 0xAE77, 0xA677, 0xA677, 0xA677, 0xA677, 0xAE57,
    0xAE57, 0xAE57, 0xAE57, 0xAE57, 0xAE57, 0xAE57, 0xA657, 0xA657, 0xA657, 0xAE57, 0xAE78, 0xAE98, 0xB699, 0xB6B9, 0xB698, 0xAE57,
    0xAE78, 0xBEB9, 0xBEF9, 0xBED9, 0xB6B8, 0xB6B8, 0xB697, 0xBED8, 0xB6B7, 0xB697, 0xB6B7, 0xB697, 0xAE56, 0xB677, 0xB697, 0xB697,
    0xB677, 0xB677, 0xB677, 0xB657, 0xAE56, 0xB677, 0xB697, 0xB697, 0xB697, 0xB697, 0xB677, 0xB677, 0xB677, 0xAE56, 0xAE56, 0xB677,
    0xB697, 0xBEB8, 0xBE98, 0xBE98, 0xB697, 0xB657, 0xB677, 0xB697, 0xB697, 0xB697, 0xAE98, 0xAE78, 0xAE77, 0xB677, 0xB677, 0xB657,
    0xB657, 0xB657, 0xB677, 0xB657, 0xB636, 0xB656, 0xB697, 0xB697, 0xB677, 0xB677, 0xB677, 0xB677, 0xB697, 0xB697, 0xAE77, 0xAE77,
    0xAE77, 0xAE56, 0xAE36, 0xAE36, 0xC6B8, 0xCED9, 0xB657, 0xAE57, 0xAE77, 0xB677, 0xC6B8, 0xCEF9, 0xD719, 0xD6F9, 0xC677, 0xBE56,
    0xBE57, 0xB636, 0xAE36, 0xAE56, 0xAE57, 0xAE36, 0xB657, 0xB677, 0xB677, 0xB657, 0xAE57, 0xB698, 0xC6F9, 0xAE77, 0xAE77, 0xAE57,
    0xAE57, 0xA657, 0xA657, 0xA657, 0xAE77, 0xAE97, 0xB698, 0xB698, 0xAE77, 0xAE57, 0xAE57, 0xAE77, 0xAE77, 0xAE77, 0xAE77, 0xAE57,
    0xAE57, 0xAE77, 0xAE77, 0xB697, 0xBEB8, 0xBEF9, 0xBEF8, 0xB697, 0xAE56, 0xAE76, 0xAE77, 0xAE77, 0xAE97, 0xAE97, 0xAE97, 0xAE97,
    0xAE57, 0xAE57, 0xAE57, 0xAE57, 0xAE77, 0xAE77, 0xAE77, 0xAE77, 0xAE77, 0xA677, 0xA677, 0xAE57, 0xAE77, 0xB677, 0xAE77, 0xAE57,
    0xAE57, 0xAE57, 0xA637, 0xA657, 0xAE57, 0xA677, 0xAE77, 0xAE77, 0xAE77, 0xA677, 0xAE57, 0xAE57, 0xAE57, 0xAE57, 0xAE57, 0xAE57,
    0xAE57, 0xAE57, 0xAE57, 0xAE57, 0xAE57, 0xAE57, 0xAE78, 0xAE78, 0xB698, 0xB698, 0xAE78, 0xAE57, 0xAE57, 0xB698, 0xB6B8, 0xB6B8,
    0xB6B8, 0xB697, 0xAE77, 0xB697, 0xAE77, 0xAE76, 0xAE76, 0xAE56, 0xAE56, 0xAE56, 0xB657, 0xAE56, 0xAE56, 0xAE56, 0xAE56, 0xB657,
    0xB677, 0xB677, 0xB697, 0xB697, 0xB697, 0xB677, 0xB677, 0xB677, 0xB677, 0xB677, 0xB677, 0xB677, 0xB697, 0xBEB8, 0xB697, 0xBE98,
    0xB697, 0xB677, 0xB677, 0xBE98, 0xB698, 0xB697, 0xAE77, 0xAE77, 0xAE77, 0xB657, 0xB678, 0xBE78, 0xBE78, 0xBE78, 0xBE98, 0xBE77,
    0xB657, 0xB677, 0xBED8, 0xBED8, 0xC6F9, 0xC6F9, 0xC6F9, 0xC6F9, 0xBEF9, 0xBEF9, 0xBED8, 0xB698, 0xAE77, 0xAE56, 0xAE36, 0xB657,
    0xCEFA, 0xCF1A, 0xB677, 0xAE57, 0xAE77, 0xB698, 0xC6D8, 0xD73A, 0xDF7B, 0xDF5A, 0xCEB8, 0xCEB8, 0xCED9, 0xC698, 0xB656, 0xAE36,
    0xAE57, 0xB657, 0xBE97, 0xC6B8, 0xC6B8, 0xBE97, 0xB657, 0xBE98, 0xC6F9, 0xB677, 0xAE77, 0xAE57, 0xAE57, 0xAE57, 0xAE57, 0xAE77,
    0xAE57, 0xAE77, 0xAE77, 0xAE77, 0xAE77, 0xAE77, 0xAE77, 0xAE97, 0xAE77, 0xAE77, 0xAE77, 0xAE77, 0xAE77, 0xAE57, 0xA657, 0xBEF9,
    0xBEF8, 0xBEF8, 0xBED8, 0xAE97, 0xA635, 0xA635, 0xAE56, 0xAE76, 0xAE76, 0xAE76, 0xAE76, 0xAE77, 0xAE57, 0xAE57, 0xAE57, 0xAE57,
    0xA657, 0xA656, 0xA656, 0xA656, 0xA657, 0xA677, 0xA677, 0xA677, 0xAE78, 0xB678, 0xAE77, 0xAE77, 0xAE57, 0xAE57, 0xAE57, 0xA657,
    0xAE57, 0xAE77, 0xAE77, 0xAE97, 0xAE97, 0xAE77, 0xA677, 0xAE57, 0xAE57, 0xAE57, 0xAE57, 0xAE57, 0xAE57, 0xAE57, 0xAE58, 0xAE58,
    0xAE57, 0xAE57, 0xAE78, 0xAE78, 0xAE98, 0xB698, 0xB698, 0xAE78, 0xAE78, 0xAE77, 0xAE77, 0xB677, 0xB677, 0xAE57, 0xAE57, 0xB697,
    0xAE77, 0xAE76, 0xB697, 0xAE56, 0xB677, 0xB677, 0xB677, 0xAE56, 0xAE56, 0xB657, 0xB697, 0xB697, 0xB677, 0xB697, 0xBE98, 0xBE98,
    0xB697, 0xB677, 0xB677, 0xB697, 0xB677, 0xB677, 0xB677, 0xB697, 0xB697, 0xB697, 0xB677, 0xB697, 0xB697, 0xB677, 0xB697, 0xB697,
    0xB697, 0xAE77, 0xAE77, 0xAE77, 0xAE77, 0xB677, 0xBE98, 0xBE98, 0xC698, 0xBE98, 0xC6B8, 0xC6D8, 0xC6D8, 0xC6F9, 0xCF39, 0xCF39,
    0xCF5A, 0xCF5A, 0xCF3A, 0xCF3A, 0xCF3A, 0xC719, 0xBEF9, 0xB697, 0xAE56, 0xB677, 0xB677, 0xB636, 0xC6D8, 0xCED9, 0xB636, 0xAE36,
    0xAE77, 0xB677, 0xBEB8, 0xD719, 0xDF5A, 0xD719, 0xD6D8, 0xD719, 0xDF3A, 0xCEF9, 0xC6D8, 0xBED9, 0xBEF9, 0xC6D9, 0xC6B8, 0xCED9,
    0xCEF9, 0xCED9, 0xC6B8, 0xBE98, 0xBE77, 0xAE57, 0xAE57, 0xAE57, 0xAE57, 0xAE57, 0xA677, 0xAE78, 0xA657, 0xA657, 0xAE77, 0xAE77,
    0xAE77, 0xAE77, 0xAEB8, 0xAEB8, 0xAE77, 0xAE77, 0xAE97, 0xAE97, 0xAE77, 0xA677, 0xA656, 0xB6D8, 0xAEB7, 0xAEB7, 0xAEB7, 0xAE97,
    0xA656, 0xA656, 0xA656, 0xA656, 0xAE56, 0xAE77, 0xAE97, 0xAE77, 0xAE57, 0xAE77, 0xAE57, 0xAE77, 0xA677, 0xA657, 0xA677, 0xA677,
    0xA697, 0xA697, 0xA6B8, 0xAEB8, 0xA637, 0xAE37, 0xAE37, 0xAE57, 0xAE57, 0xAE77, 0xAE77, 0xAE57, 0xA657, 0xAE77, 0xAE97, 0xAE97,
    0xAE97, 0xAE77, 0xAE77, 0xAE57, 0xAE57, 0xAE57, 0xAE57, 0xAE57, 0xAE57, 0xAE57, 0xAE78, 0xAE78, 0xAE58, 0xAE57, 0xAE58, 0xAE78,
    0xAE78, 0xB698, 0xB6B9, 0xB698, 0xB698, 0xAE77, 0xAE57, 0xAE77, 0xAE77, 0xAE57, 0xAE77, 0xB697, 0xB697, 0xB697, 0xB6B8, 0xB697,
    0xBEB8, 0xBEB8, 0xBEB8, 0xB677, 0xB677, 0xB697, 0xBED8, 0xBEB8, 0xB697, 0xB697, 0xBE98, 0xB697, 0xB697, 0xB677, 0xB657, 0xB677,
    0xB677, 0xB697, 0xB697, 0xB697, 0xB677, 0xB677, 0xAE56, 0xB677, 0xB697, 0xB677, 0xB677, 0xB697, 0xB677, 0xAE77, 0xAE77, 0xAE77,
    0xB677, 0xB678, 0xBE98, 0xC6B9, 0xC6B9, 0xC698, 0xCED9, 0xD719, 0xD73A, 0xD75A, 0xD75A, 0xD75A, 0xC719, 0xBED8, 0xBED8, 0xBED8,
    0xBEB8, 0xB697, 0xB677, 0xAE36, 0xB656, 0xBE98, 0xBE77, 0xB636, 0xBE97, 0xC698, 0xAE16, 0xAE57, 0xB677, 0xB677, 0xB677, 0xC6B8,
    0xCED8, 0xCE97, 0xC677, 0xCEB8, 0xCEF9, 0xCED9, 0xC6F9, 0xCF3A, 0xCF3A, 0xC6F9, 0xC6B8, 0xCED8, 0xD6F9, 0xD71A, 0xCEF9, 0xBE78,
    0xAE16, 0xAE37, 0xAE37, 0xAE37, 0xAE57, 0xA658, 0xA658, 0xA678, 0xAE77, 0xAE97, 0xAE97, 0xAE77, 0xA677, 0xAE77, 0xAE98, 0xAEB8,
    0xAE97, 0xAE97, 0xAE97, 0xAE97, 0xAE97, 0xAE77, 0xA677, 0xA676, 0x9E56, 0xA656, 0xA697, 0xAEB7, 0xAE97, 0xAE97, 0xAE97, 0xAE97,
    0xB6B8, 0xBEF8, 0xBEF9, 0xBED8, 0xC71A, 0xBED9, 0xAE77, 0xA657, 0xA657, 0xAE97, 0xAED8, 0xAED8, 0xA697, 0x9E56, 0x9E77, 0xA697,
    0xAE57, 0xAE57, 0xAE37, 0xAE37, 0xAE77, 0xB698, 0xAE77, 0xAE57, 0xAE57, 0xA677, 0xA677, 0xA677, 0xA677, 0xA677, 0xA677, 0xAE57,
    0xAE57, 0xAE57, 0xAE57, 0xAE57, 0xAE57, 0xAE57, 0xAE57, 0xAE57, 0xAE57, 0xAE57, 0xAE57, 0xAE57, 0xA657, 0xB698, 0xB698, 0xAE57,
    0xAE78, 0xB698, 0xB6B8, 0xB677, 0xAE57, 0xAE57, 0xAE77, 0xAE77, 0xAE77, 0xB697, 0xBED8, 0xC719, 0xB6B8, 0xBEB8, 0xBEB8, 0xB697,
    0xB697, 0xB697, 0xB677, 0xBEB8, 0xC6F9, 0xBEB8, 0xB657, 0xB677, 0xB677, 0xB677, 0xBEB8, 0xAE36, 0xB657, 0xB677, 0xB697, 0xB697,
    0xB677, 0xAE56, 0xAE56, 0xB677, 0xB677, 0xB677, 0xB677, 0xB677, 0xB677, 0xAE77, 0xAE77, 0xAE77, 0xB677, 0xAE36, 0xBE98, 0xCEF9,
    0xCEF9, 0xD719, 0xD71A, 0xD73A, 0xD73A, 0xC6F8, 0xBEB7, 0xBEB7, 0xB676, 0xB676, 0xB677, 0xB677, 0xB676, 0xB656, 0xB676, 0xB657,
    0xB656, 0xB636, 0xB656, 0xC6B8, 0xD73A, 0xCF19, 0xBE98, 0xBED9, 0xBED9, 0xB698, 0xB656, 0xBE56, 0xC697, 0xC697, 0xC677, 0xCEB8,
    0xD6F9, 0xC6B8, 0xBE77, 0xB698, 0xB6B8, 0xB677, 0xBE56, 0xC677, 0xC6B7, 0xCEF9, 0xD73A, 0xC6D8, 0xAE36, 0xB657, 0xB677, 0xAE57,
    0xAE57, 0xA657, 0xA657, 0xA657, 0xA657, 0xAE77, 0xAE77, 0xA677, 0xA677, 0xAE97, 0xB6D8, 0xBF19, 0xBF1A, 0xB6B8, 0xA677, 0xA677,
    0xAE77, 0xAE97, 0xAE97, 0xA676, 0xAE97, 0xAE97, 0xA676, 0xAEB7, 0xB6D8, 0xAEB7, 0xA676, 0xA676, 0xAE76, 0xAE76, 0xAE77, 0xAE77,
    0xBEF9, 0xB6B9, 0xB698, 0xAE98, 0xAEB8, 0xB6D9, 0xAED8, 0xAE98, 0xA677, 0x9E56, 0x9E77, 0xA677, 0xAE57, 0xB677, 0xAE77, 0xB678,
    0xB6B8, 0xB6B8, 0xAE77, 0xAE57, 0xAE57, 0xA677, 0xA677, 0xA677, 0xA677, 0xA677, 0xAE57, 0xAE57, 0xAE57, 0xAE57, 0xAE57, 0xAE57,
    0xAE57, 0xAE57, 0xAE57, 0xAE57, 0xAE57, 0xAE57, 0xAE57, 0xAE57, 0xAE57, 0xAE78, 0xAE78, 0xAE37, 0xAE57, 0xB698, 0xB6B8, 0xB698,
    0xB677, 0xB677, 0xB697, 0xB697, 0xAE76, 0xAE76, 0xB697, 0xBED8, 0xB677, 0xB677, 0xB677, 0xB677, 0xB677, 0xB697, 0xB677, 0xB697,
    0xBEB8, 0xB697, 0xB657, 0xB677, 0xAE56, 0xAE36, 0xB677, 0xB697, 0xB697, 0xB697, 0xB697, 0xB697, 0xB697, 0xB697, 0xB677, 0xB677,
    0xB677, 0xB677, 0xB677, 0xB677, 0xAE56, 0xB677, 0xB698, 0xB698, 0xB697, 0xB677, 0xBE98, 0xCEF9, 0xCEF9, 0xD71A, 0xCEF9, 0xCED9,
    0xCED8, 0xC6B7, 0xBE97, 0xBE97, 0xB697, 0xB697, 0xB697, 0xB697, 0xB677, 0xB656, 0xB636, 0xB636, 0xB656, 0xBE97, 0xC6B8, 0xCEF9,
    0xD73A, 0xD73A, 0xC6F9, 0xCF3B, 0xBEF9, 0xB677, 0xAE15, 0xB636, 0xC6B8, 0xD6F9, 0xD6D9, 0xD719, 0xD719, 0xC6B8, 0xB657, 0xAE57,
    0xB698, 0xB677, 0xBE56, 0xC698, 0xC6B8, 0xC6B8, 0xC6D9, 0xC6D9, 0xC6B8, 0xC6FA, 0xC6F9, 0xBED9, 0xB6B9, 0xAE98, 0xAE78, 0xA657,
    0xA657, 0xA677, 0xAE97, 0xA677, 0xA677, 0xAE77, 0xAEB8, 0xB6D8, 0xB6F9, 0xAEB8, 0xA677, 0xA677, 0xAE97, 0xAE97, 0xAE97, 0xAEB7,
    0xAEB7, 0xAE97, 0xAE97, 0xB6D8, 0xBEF8, 0xAEB7, 0xAE97, 0xB6B7, 0xB6B7, 0xAE97, 0xAE97, 0xAE77, 0xB698, 0xB698, 0xB698, 0xAE98,
    0xAE98, 0xB6B8, 0xAE97, 0xA657, 0xA656, 0xA657, 0xA677, 0xAE97, 0xAE57, 0xB678, 0xB698, 0xB698, 0xB6B8, 0xB6B8, 0xAE77, 0xAE57,
    0xAE57, 0xA677, 0xA677, 0xA677, 0xA677, 0xA677, 0xA677, 0xAE57, 0xAE57, 0xAE57, 0xAE57, 0xAE57, 0xAE57, 0xAE57, 0xAE58, 0xAE58,
    0xAE58, 0xAE58, 0xAE58, 0xAE58, 0xAE58, 0xAE57, 0xAE37, 0xA637, 0xAE57, 0xB698, 0xB698, 0xB698, 0xB697, 0xB698, 0xB698, 0xB697,
    0xAE76, 0xAE76, 0xAE77, 0xB6B7, 0xAE56, 0xB677, 0xB677, 0xAE56, 0xB677, 0xB697, 0xB697, 0xB677, 0xBE98, 0xBEB8, 0xB697, 0xBEB8,
    0xB677, 0xAE36, 0xB657, 0xBED8, 0xBEB8, 0xBE98, 0xB697, 0xB697, 0xBEB8, 0xBEB8, 0xB697, 0xB697, 0xB697, 0xB697, 0xB677, 0xB677,
    0xB657, 0xB677, 0xB6B8, 0xB6B8, 0xB697, 0xBE97, 0xBE98, 0xC6D8, 0xD6F9, 0xD71A, 0xC6B8, 0xBE56, 0xBE56, 0xBE76, 0xB676, 0xB656,
    0xBEB7, 0xB6B7, 0xB697, 0xB677, 0xB656, 0xB656, 0xB636, 0xB636, 0xBE56, 0xC6B8, 0xCEF9, 0xCEF9, 0xCF19, 0xCF19, 0xC6F9, 0xC71A,
    0xBED9, 0xB677, 0xB636, 0xBE77, 0xCED8, 0xD6F9, 0xD6F9, 0xDF3A, 0xDF3A, 0xC6B8, 0xB656, 0xAE36, 0xAE57, 0xB677, 0xBE98, 0xCEF9,
    0xC6D8, 0xBE77, 0xB677, 0xBEB8, 0xC6F9, 0xC6F9, 0xBEF9, 0xBED9, 0xB6B9, 0xB6B8, 0xAE98, 0xAE98, 0xA677, 0xA677, 0xA697, 0xA697,
    0xA697, 0xA697, 0xA697, 0xAE97, 0xAEB8, 0xA697, 0xA677, 0xA697, 0xAE97, 0xA697, 0xAE77, 0xAE97, 0xAE97, 0xAE97, 0xB6B8, 0xBF19,
    0xC719, 0xBED8, 0xB6D8, 0xBED8, 0xB6D8, 0xB6B7, 0xAE97, 0xAE97, 0xAE57, 0xAE77, 0xAE77, 0xAE77, 0xAE57, 0xAE57, 0xA636, 0xA636,
    0xA657, 0xAE77, 0xAE98, 0xAE77, 0xAE57, 0xB677, 0xAE77, 0xAE57, 0xAE57, 0xAE77, 0xAE57, 0xAE57, 0xAE57, 0xA677, 0xA677, 0xA677,
    0xA677, 0xA677, 0xAE57, 0xAE57, 0xAE57, 0xAE57, 0xAE57, 0xAE57, 0xAE57, 0xAE57, 0xAE78, 0xAE78, 0xAE78, 0xAE78, 0xAE78, 0xAE78,
    0xAE78, 0xAE57, 0xAE57, 0xAE37, 0xAE57, 0xAE77, 0xAE77, 0xAE77, 0xAE77, 0xB697, 0xB697, 0xAE77, 0xAE77, 0xAE77, 0xB697, 0xB697,
    0xB677, 0xB677, 0xB677, 0xB677, 0xB677, 0xB697, 0xB677, 0xB677, 0xBE98, 0xBED8, 0xC6D9, 0xC719, 0xBED8, 0xB697, 0xB697, 0xBE98,
    0xB697, 0xB697, 0xB697, 0xB697, 0xB697, 0xB697, 0xB677, 0xB677, 0xB697, 0xB697, 0xB697, 0xB697, 0xB697, 0xB697, 0xB6B8, 0xB697,
    0xB677, 0xBE97, 0xBE77, 0xBE77, 0xCED9, 0xD6F9, 0xBE77, 0xB615, 0xB635, 0xB656, 0xB676, 0xB676, 0xBED7, 0xB6B7, 0xB676, 0xB656,
    0xB656, 0xBE77, 0xBE77, 0xBE77, 0xBE77, 0xC6B8, 0xCEF9, 0xCF19, 0xCEF9, 0xC6D8, 0xBE97, 0xAE77, 0xB677, 0xB677, 0xBE77, 0xCEB8,
    0xD6F9, 0xD6D8, 0xD6D8, 0xD719, 0xD73A, 0xCEF9, 0xBE97, 0xAE37, 0xAE57, 0xB677, 0xC6D9, 0xC6F9, 0xBED9, 0xB657, 0xAE36, 0xAE57,
    0xB677, 0xAE57, 0xAE77, 0xAE77, 0xAE97, 0xAE97, 0xB698, 0xB6B8, 0xA677, 0xA677, 0xA697, 0xAE97, 0xA697, 0xA677, 0xA677, 0xA677,
    0xA677, 0xA697, 0xA697, 0xAE97, 0xAE97, 0xA697, 0xAE97, 0xA636, 0xAE56, 0xB697, 0xBED8, 0xBEF9, 0xBEF9, 0xC6F9, 0xBED8, 0xB6B8,
    0xB6B8, 0xB697, 0xAE97, 0xAE77, 0xAE57, 0xAE77, 0xAE98, 0xAE77, 0xAE57, 0xAE57, 0xAE57, 0xAE57, 0xAE57, 0xAE77, 0xAE57, 0xAE36,
    0xAE57, 0xAE57, 0xAE57, 0xA616, 0xA636, 0xAE57, 0xAE57, 0xAE57, 0xAE57, 0xA677, 0xA677, 0xA677, 0xA677, 0xA677, 0xA677, 0xAE57,
    0xAE57, 0xAE57, 0xAE57, 0xAE57, 0xAE57, 0xAE57, 0xAE78, 0xAE78, 0xAE78, 0xAE78, 0xAE78, 0xAE78, 0xAE78, 0xAE77, 0xAE57, 0xAE57,
    0xAE57, 0xAE57, 0xAE57, 0xAE57, 0xAE57, 0xAE77, 0xAE57, 0xAE76, 0xAE77, 0xB697, 0xB6B7, 0xB6B7, 0xB697, 0xBEB8, 0xBE98, 0xB677,
    0xB677, 0xB697, 0xB677, 0xAE56, 0xB677, 0xBEB8, 0xBED8, 0xC719, 0xC6F9, 0xBEB8, 0xBEB8, 0xAE56, 0xB657, 0xB677, 0xB677, 0xB677,
    0xB677, 0xAE56, 0xAE56, 0xB677, 0xB677, 0xB697, 0xBE98, 0xBEB8, 0xBEB8, 0xB697, 0xB697, 0xB677, 0xB657, 0xBE97, 0xBE77, 0xB656,
    0xCED8, 0xD6F9, 0xC697, 0xBE56, 0xBE96, 0xC6B7, 0xC6D7, 0xC6D7, 0xC6F8, 0xB6B7, 0xAE56, 0xAE36, 0xB656, 0xC698, 0xCED8, 0xD6F9,
    0xCED9, 0xCED8, 0xCEF9, 0xD719, 0xCEF9, 0xBE97, 0xB656, 0xAE36, 0xAE36, 0xAE36, 0xB677, 0xCED8, 0xD719, 0xD6F9, 0xCE97, 0xC697,
    0xCED9, 0xCEF9, 0xC6D9, 0xB677, 0xAE57, 0xAE57, 0xB698, 0xB698, 0xAE77, 0xAE77, 0xAE77, 0xAE57, 0xA616, 0xA636, 0xA636, 0xA656,
    0xAE56, 0xAE77, 0xAE97, 0xAEB7, 0xA697, 0xA677, 0xA677, 0xA697, 0xA697, 0xA697, 0xA656, 0x9E56, 0xA677, 0xA697, 0xA697, 0xA697,
    0xA697, 0xA697, 0xAE97, 0xAE36, 0xBE77, 0xC6D8, 0xC6F9, 0xBEB8, 0xB697, 0xBEB8, 0xB697, 0xAE77, 0xAE77, 0xAE77, 0xAE77, 0xAE77,
    0xAE77, 0xB698, 0xB698, 0xB698, 0xB698, 0xB698, 0xB698, 0xB698, 0xB678, 0xAE37, 0xAE16, 0xAE16, 0xAE57, 0xB678, 0xAE77, 0xAE57,
    0xAE37, 0xAE57, 0xAE57, 0xAE57, 0xAE57, 0xA677, 0xA677, 0xA677, 0xA677, 0xA677, 0xA657, 0xAE57, 0xAE57, 0xAE57, 0xAE57, 0xAE57,
    0xAE57, 0xAE57, 0xAE58, 0xAE58, 0xAE58, 0xAE58, 0xAE58, 0xAE58, 0xAE58, 0xAE57, 0xAE57, 0xAE57, 0xAE57, 0xAE57, 0xAE57, 0xAE57,
    0xAE57, 0xAE57, 0xAE56, 0xAE56, 0xAE77, 0xB697, 0xB6B7, 0xB697, 0xB697, 0xBE98, 0xB697, 0xB677, 0xB677, 0xB677, 0xB677, 0xAE56,
    0xB677, 0xB697, 0xB697, 0xBEB8, 0xBEB8, 0xB677, 0xB697, 0xAE36, 0xAE56, 0xB677, 0xB677, 0xB677, 0xB677, 0xB677, 0xB677, 0xB677,
    0xB697, 0xBE98, 0xBEB8, 0xBEB8, 0xBEB8, 0xB697, 0xB6B8, 0xB697, 0xB677, 0xC6D8, 0xBE97, 0xBE56, 0xD6F9, 0xD719, 0xCEF8, 0xCEF8,
    0xD719, 0xCF19, 0xCEF8, 0xC6F8, 0xBED8, 0xB697, 0xAE56, 0xB676, 0xBEB7, 0xCED8, 0xD6F9, 0xD719, 0xDF1A, 0xD6F9, 0xD719, 0xD739,
    0xCEF8, 0xBE97, 0xB656, 0xAE77, 0xAE57, 0xAE36, 0xB656, 0xC6B8, 0xD719, 0xD6F9, 0xC677, 0xBE36, 0xC677, 0xCED9, 0xCF19, 0xBEB8,
    0xAE77, 0xA657, 0xA637, 0xA657, 0xA657, 0xAE57, 0xB698, 0xAE98, 0xA656, 0xAE77, 0xAE77, 0xAE76, 0xAE76, 0xAE76, 0xAE76, 0xAE76,
    0xA677, 0xA677, 0xA677, 0xA677, 0xA697, 0xA697, 0xA677, 0xA656, 0xA677, 0xA697, 0xA697, 0xA697, 0xA677, 0xA697, 0xAE97, 0xBE77,
    0xC678, 0xCED9, 0xCEF9, 0xC6B8, 0xB657, 0xB656, 0xAE56, 0xAE56, 0xAE76, 0xAE76, 0xAE76, 0xAE77, 0xAE77, 0xAE77, 0xAE77, 0xB698,
    0xB6B8, 0xBED9, 0xC6D9, 0xBEB9, 0xB658, 0xB637, 0xB658, 0xBE98, 0xAE57, 0xBEB9, 0xBEF9, 0xBED9, 0xB6B8, 0xB698, 0xAE57, 0xAE57,
    0xAE57, 0xA677, 0xA677, 0xA677, 0xA677, 0xA677, 0xA677, 0xAE57, 0xAE57, 0xAE57, 0xAE57, 0xAE57, 0xAE57, 0xAE57, 0xAE57, 0xAE57,
    0xAE57, 0xAE57, 0xAE57, 0xAE57, 0xAE57, 0xA637, 0xA637, 0xAE57, 0xAE57, 0xAE57, 0xAE57, 0xAE77, 0xAE77, 0xAE57, 0xAE56, 0xAE56,
    0xB697, 0xB6B7, 0xB6B7, 0xB697, 0xAE56, 0xB677, 0xB677, 0xAE56, 0xB677, 0xB677, 0xB677, 0xB677, 0xBE98, 0xB697, 0xB677, 0xB697,
    0xB677, 0xAE56, 0xB677, 0xB677, 0xB677, 0xB657, 0xB677, 0xB697, 0xBEB8, 0xBED8, 0xBEB8, 0xBEB8, 0xBEB8, 0xBEB8, 0xBEB8, 0xB697,
    0xB677, 0xB697, 0xBEF9, 0xBED8, 0xBEB7, 0xCF19, 0xC6D8, 0xBE77, 0xDF5A, 0xCED8, 0xD6F9, 0xDF39, 0xDF3A, 0xCF18, 0xC6B7, 0xBE96,
    0xB696, 0xB676, 0xB696, 0xBEB7, 0xCEF9, 0xD719, 0xCED8, 0xCED8, 0xD6F9, 0xD6F9, 0xD719, 0xCEF9, 0xBE97, 0xB656, 0xB697, 0xAE57,
    0xAE77, 0xB677, 0xC6B8, 0xD71A, 0xD719, 0xC697, 0xC657, 0xB616, 0xB616, 0xC6B8, 0xCF19, 0xBED9, 0xAE77, 0xA657, 0xA657, 0xA657,
    0xA657, 0xA657, 0xAE97, 0xAE98, 0xAE77, 0xAE77, 0xAE77, 0xAE76, 0xAE76, 0xAE76, 0xAE76, 0xAE76, 0xA697, 0xA677, 0xA657, 0xA677,
    0xA697, 0xAEB8, 0xA697, 0xA677, 0xAE97, 0xAEB8, 0xAE97, 0xA697, 0xA677, 0xA677, 0xAE97, 0xBE98, 0xBE57, 0xBE77, 0xCEF9, 0xD71A,
    0xC6B8, 0xB657, 0xB656, 0xB677, 0xAE77, 0xAE77, 0xAE76, 0xAE76, 0xA677, 0xA656, 0xA657, 0xAE77, 0xB698, 0xBEB8, 0xBE98, 0xBE78,
    0xBE78, 0xBE78, 0xC678, 0xC699, 0xAE57, 0xB698, 0xBED9, 0xBED9, 0xB6B9, 0xB698, 0xAE77, 0xAE57, 0xAE57, 0xAE57, 0xAE57, 0xAE57,
    0xA657, 0xA657, 0xA657, 0xAE57, 0xAE57, 0xAE57, 0xAE57, 0xAE57, 0xAE57, 0xAE57, 0xA657, 0xA657, 0xA657, 0xA657, 0xA657, 0xA657,
    0xA657, 0xA657, 0xA657, 0xA657, 0xA657, 0xAE57, 0xAE77, 0xB698, 0xB698, 0xAE77, 0xAE56, 0xAE56, 0xAE77, 0xB697, 0xB697, 0xAE76,
    0xAE56, 0xAE56, 0xAE56, 0xAE56, 0xAE77, 0xB697, 0xB697, 0xB697, 0xBEB8, 0xBEB8, 0xB677, 0xB677, 0xAE56, 0xAE56, 0xB677, 0xBE77,
    0xBE77, 0xBE97, 0xC6B7, 0xC6D8, 0xCF19, 0xCF39, 0xC6D8, 0xBEB8, 0xBED8, 0xBED8, 0xB697, 0xB676, 0xAE76, 0xAE76, 0xBED8, 0xBEB8,
    0xBE97, 0xCEF9, 0xCED9, 0xCEB8, 0xE73A, 0xD6D9, 0xDEF9, 0xDF1A, 0xD719, 0xCEB8, 0xBE76, 0xBE76, 0xC6B7, 0xC6B7, 0xC6B7, 0xCED8,
    0xD719, 0xD6F9, 0xCED8, 0xC697, 0xC6B8, 0xCEF9, 0xD71A, 0xC6B8, 0xAE36, 0xAE36, 0xB677, 0xAE57, 0xB677, 0xBE98, 0xC6D9, 0xCEF9,
    0xC6B8, 0xB636, 0xB657, 0xB636, 0xAE16, 0xBE77, 0xC6D9, 0xC6F9, 0xBEB8, 0xAE57, 0xAE77, 0xA677, 0xA657, 0xA657, 0xA677, 0xAEB8,
    0xB6D8, 0xA677, 0xA677, 0xA677, 0xA697, 0xA697, 0xA697, 0xA677, 0xA677, 0xA677, 0xA677, 0xAE97, 0xAE97, 0xAE97, 0xA677, 0xAE97,
    0xAE97, 0xAE97, 0xAE97, 0xA676, 0xA656, 0xA676, 0xAE97, 0xB6D8, 0xAE56, 0xAE56, 0xBED8, 0xC719, 0xBEF9, 0xB697, 0xAE77, 0xAE77,
    0xAE77, 0xAE77, 0xAE77, 0xAE76, 0xA677, 0xA677, 0xA656, 0xA636, 0xAE57, 0xB677, 0xAE37, 0xB637, 0xBE78, 0xC699, 0xC678, 0xBE58,
    0xAE58, 0xAE57, 0xAE57, 0xAE57, 0xAE77, 0xAE78, 0xAE78, 0xAE77, 0xAE57, 0xAE57, 0xAE57, 0xAE57, 0xAE57, 0xAE57, 0xA657, 0xA657,
    0xA657, 0xA657, 0xA657, 0xA657, 0xA657, 0xA657, 0xA657, 0xA657, 0xA657, 0xA657, 0xA657, 0xA657, 0xA657, 0xAE78, 0xA677, 0xA657,
    0xA657, 0xA657, 0xAE77, 0xAE98, 0xB698, 0xAE77, 0xAE77, 0xAE77, 0xAE76, 0xAE76, 0xAE76, 0xAE77, 0xAE97, 0xAE77, 0xAE77, 0xAE77,
    0xAE77, 0xB697, 0xB697, 0xB697, 0xB697, 0xB697, 0xB697, 0xB677, 0xB656, 0xB677, 0xB677, 0xBE56, 0xC697, 0xCED8, 0xCEF8, 0xCF19,
    0xD739, 0xD75A, 0xC6F8, 0xB6B7, 0xBED7, 0xB6D7, 0xAE76, 0xAE76, 0xAE76, 0xAE56, 0xB697, 0xB697, 0xB657, 0xBE77, 0xCEB8, 0xCEB8,
    0xD6D9, 0xDEFA, 0xE71A, 0xE71A, 0xDEF9, 0xCED8, 0xCED8, 0xCED8, 0xDF19, 0xDEF9, 0xD6B7, 0xCEB8, 0xD6D8, 0xD6F9, 0xD6F9, 0xC6B8,
    0xC6B8, 0xD73A, 0xD73A, 0xC6D8, 0xB657, 0xAE36, 0xB657, 0xB677, 0xB677, 0xBE78, 0xB698, 0xB678, 0xAE57, 0xAE57, 0xAE57, 0xAE57,
    0xAE57, 0xB656, 0xBE97, 0xCF19, 0xCF18, 0xB677, 0xAE56, 0xAE57, 0xA657, 0xA657, 0xA657, 0xAE98, 0xB6D9, 0xA698, 0xA697, 0xA698,
    0xA698, 0xA6B8, 0xA698, 0xA677, 0xA677, 0xAE77, 0xAE98, 0xB698, 0xAE77, 0xA657, 0xAE77, 0xAE97, 0xAE77, 0xAE97, 0xAE97, 0xAE76,
    0xA656, 0xA656, 0xA676, 0xB6F8, 0xA697, 0x9E56, 0xA676, 0xAEB7, 0xAEB7, 0xAE97, 0xAE76, 0xAE56, 0xAE76, 0xB677, 0xB657, 0xB656,
    0xA697, 0xAE97, 0xA677, 0xA657, 0xAE57, 0xAE57, 0xAE37, 0xB657, 0xBE98, 0xC6B9, 0xC6B9, 0xC6B9, 0xAE57, 0xAE58, 0xAE58, 0xAE58,
    0xAE58, 0xAE58, 0xAE58, 0xAE58, 0xAE57, 0xAE57, 0xAE57, 0xAE57, 0xAE57, 0xAE57, 0xAE57, 0xA657, 0xA657, 0xA657, 0xA657, 0xA657,
    0xA657, 0xA657, 0xA657, 0xA657, 0xA657, 0xA657, 0xA657, 0xA657, 0xA657, 0xAE78, 0xA677, 0xA677, 0xA657, 0xA657, 0xA677, 0xA677,
    0xAE77, 0xAE77, 0xAE77, 0xAE77, 0xAE97, 0xB697, 0xB697, 0xB697, 0xB6B8, 0xB6B8, 0xB697, 0xAE77, 0xAE77, 0xAE77, 0xAE77, 0xB677,
    0xB677, 0xB677, 0xB697, 0xBEB8, 0xBEB8, 0xBE97, 0xBE77, 0xCED8, 0xCED8, 0xCED8, 0xCEB7, 0xC6B7, 0xCEF8, 0xD75A, 0xC6F8, 0xB696,
    0xB696, 0xB696, 0xAE76, 0xB696, 0xB6B6, 0xAE96, 0xB6D8, 0xBEB8, 0xB677, 0xBE77, 0xBE57, 0xC657, 0xCE98, 0xDEFA, 0xE71A, 0xE73A,
    0xDF3A, 0xDF19, 0xD719, 0xDF3A, 0xD6D8, 0xD6B7, 0xCE97, 0xD6B7, 0xD6F9, 0xDF19, 0xD6F9, 0xCEF9, 0xD719, 0xCEF9, 0xCEF9, 0xC6F9,
    0xC6D9, 0xBE98, 0xB657, 0xB677, 0xBE78, 0xBE98, 0xBEB8, 0xB698, 0xB698, 0xAE78, 0xAE78, 0xAE57, 0xAE57, 0xAE36, 0xB656, 0xCF19,
    0xD759, 0xC6D8, 0xBE98, 0xBEB8, 0xBEB8, 0xB698, 0xAE77, 0xAE77, 0xAE77, 0xA657, 0xA677, 0xA677, 0xA678, 0xA678, 0xA678, 0xA657,
    0xAE98, 0xB698, 0xAE78, 0xAE78, 0xAE77, 0xAE57, 0xAE57, 0xAE97, 0xB697, 0xB6B8, 0xB6B7, 0xAE77, 0xAE76, 0xAE76, 0xAE76, 0xAEB7,
    0x9E96, 0x9E76, 0xA696, 0xA697, 0xA696, 0xAE77, 0xAE77, 0xAE77, 0xB697, 0xB697, 0xB677, 0xB677, 0xA677, 0xAE77, 0xAE98, 0xB698,
    0xB698, 0xAE57, 0xAE37, 0xB657, 0xBE98, 0xC6B9, 0xC6D9, 0xBEB9, 0xAE57, 0xAE58, 0xAE58, 0xAE58, 0xAE58, 0xAE58, 0xAE58, 0xAE57,
    0xAE57, 0xAE57, 0xAE57, 0xAE57, 0xAE57, 0xAE57, 0xAE57, 0xA657, 0xA657, 0xA657, 0xA657, 0xA657, 0xA657, 0xA657, 0xA657, 0xA657,
    0xA657, 0xA657, 0xA657, 0xA657, 0xA657, 0xA657, 0xA677, 0xA677, 0xA677, 0xA657, 0xA657, 0xA657, 0xA657, 0xAE97, 0xAE77, 0xAE77,
    0xB697, 0xB697, 0xB697, 0xB697, 0xB697, 0xAE97, 0xAE77, 0xAE77, 0xAE77, 0xB677, 0xB677, 0xB677, 0xB677, 0xB677, 0xB677, 0xBEB8,
    0xBEB8, 0xBEB8, 0xC6B8, 0xD739, 0xD6F9, 0xCED8, 0xCEB8, 0xCED8, 0xCEF8, 0xD739, 0xC6D8, 0xB676, 0xB676, 0xB696, 0xBE97, 0xBED7,
    0xBED7, 0xB696, 0xB697, 0xB697, 0xB677, 0xBE77, 0xBE57, 0xC677, 0xD6D9, 0xDF1A, 0xDF3A, 0xE73A, 0xDF1A, 0xD6F9, 0xD6F8, 0xD6F8,
    0xCEB7, 0xCE97, 0xD697, 0xD6D8, 0xDF19, 0xDF19, 0xD6F9, 0xD6F9, 0xCEF9, 0xC698, 0xBE77, 0xBEB8, 0xBEB8, 0xBE98, 0xAE36, 0xB677,
    0xB678, 0xB698, 0xB6B9, 0xB699, 0xB698, 0xAE78, 0xAE78, 0xAE57, 0xAE57, 0xAE36, 0xAE36, 0xC6D8, 0xD73A, 0xCF19, 0xD71A, 0xD73A,
    0xD71A, 0xCED9, 0xBE98, 0xB677, 0xAE57, 0xAE37, 0xAE57, 0xAE77, 0xAE78, 0xA678, 0xA678, 0xA657, 0xB6D9, 0xB6D9, 0xAE78, 0xAE77,
    0xAE77, 0xAE77, 0xAE57, 0xAE77, 0xAE77, 0xB6B7, 0xAE97, 0xAE56, 0xAE76, 0xAE76, 0xA656, 0xA697, 0xA696, 0xA697, 0xAE97, 0xA676,
    0xA656, 0xAE77, 0xB697, 0xB6B8, 0xBED8, 0xC6F9, 0xC6D9, 0xBEB8, 0xA616, 0xA637, 0xAE57, 0xAE77, 0xAE77, 0xAE57, 0xAE57, 0xAE57,
    0xB678, 0xBE98, 0xBE98, 0xB698, 0xAE57, 0xAE57, 0xAE57, 0xAE57, 0xAE57, 0xAE57, 0xAE57, 0xAE57, 0xAE57, 0xAE57, 0xAE57, 0xAE57,
    0xAE57, 0xAE57, 0xAE57, 0xA657, 0xA657, 0xA657, 0xA657, 0xA657, 0xA657, 0xA657, 0xA657, 0xA657, 0xA657, 0xA657, 0xA657, 0xA657,
    0xA658, 0xA657, 0xA657, 0xA657, 0xA657, 0xAE77, 0xAE77, 0xAE77, 0xAE77, 0xAE77, 0xAE77, 0xAE77, 0xAE77, 0xB677, 0xB697, 0xB697,
    0xAE76, 0xAE76, 0xAE56, 0xAE56, 0xAE76, 0xB677, 0xB697, 0xB697, 0xB677, 0xB697, 0xB677, 0xB657, 0xBE77, 0xC6D8, 0xCF19, 0xDF3A,
    0xCEF8, 0xCED8, 0xD6F8, 0xD739, 0xD719, 0xCED8, 0xBE97, 0xBE76, 0xBE97, 0xC6D8, 0xCEF8, 0xCF19, 0xC6F8, 0xB697, 0xAE77, 0xB697,
    0xB677, 0xBE97, 0xBE77, 0xC698, 0xD73A, 0xD71A, 0xD6F9, 0xD6F9, 0xCED8, 0xCEB7, 0xC697, 0xBE56, 0xCE97, 0xD6B8, 0xD6D8, 0xDEF9,
    0xDF39, 0xDF19, 0xD6F9, 0xCED8, 0xBE77, 0xB656, 0xAE36, 0xB636, 0xB657, 0xB656, 0xAE36, 0xB657, 0xB677, 0xB678, 0xAE98, 0xAE98,
    0xAE78, 0xAE78, 0xA658, 0xA658, 0xAE77, 0xAE36, 0xAE36, 0xBEB8, 0xCEF9, 0xCED9, 0xDEFA, 0xD6FA, 0xD6D9, 0xC678, 0xBE37, 0xB616,
    0xAE16, 0xAE37, 0xB657, 0xB678, 0xAE78, 0xAE78, 0xAE78, 0xAE78, 0xBEF9, 0xBEF9, 0xAE77, 0xAE57, 0xAE77, 0xAE77, 0xAE77, 0xAE77,
    0xA656, 0xAE97, 0xAE76, 0xA656, 0xAE76, 0xB697, 0xA676, 0xA676, 0xAE97, 0xAEB7, 0xAEB7, 0xAE76, 0xA656, 0xAE77, 0xB6B8, 0xBED8,
    0xC6F9, 0xCF1A, 0xCF3A, 0xCEF9, 0xB698, 0xBEB9, 0xB698, 0xAE37, 0xA636, 0xAE77, 0xAE57, 0xAE57, 0xAE57, 0xAE57, 0xAE57, 0xAE57,
    0xAE57, 0xAE57, 0xAE57, 0xAE57, 0xAE57, 0xAE57, 0xAE57, 0xAE57, 0xAE57, 0xAE57, 0xAE57, 0xAE57, 0xAE57, 0xAE57, 0xAE57, 0xA657,
    0xA657, 0xA657, 0xA657, 0xA657, 0xA657, 0xA657, 0xA657, 0xA657, 0xA657, 0xA657, 0xA657, 0xA657, 0xA657, 0xA657, 0xA636, 0xA657,
    0xA657, 0xA677, 0xAE77, 0xAE77, 0xAE77, 0xAE77, 0xAE77, 0xAE77, 0xB677, 0xB677, 0xB677, 0xB697, 0xB697, 0xB697, 0xB676, 0xAE76,
    0xAE76, 0xB677, 0xB677, 0xB677, 0xBE97, 0xC6B8, 0xBE97, 0xB636, 0xB636, 0xC6D8, 0xD75A, 0xD719, 0xCED8, 0xCEB8, 0xD739, 0xDF7A,
    0xD719, 0xC676, 0xBE56, 0xBE76, 0xCED8, 0xD739, 0xD739, 0xD739, 0xCF19, 0xBEB8, 0xB6D8, 0xB6B7, 0xB697, 0xBEB8, 0xBE97, 0xBE97,
    0xCEF9, 0xCEB8, 0xC697, 0xC677, 0xBE76, 0xC676, 0xBE76, 0xBE56, 0xCEB8, 0xD6F8, 0xDEF9, 0xDF19, 0xDF19, 0xD6F9, 0xD6F9, 0xCEB8,
    0xBE77, 0xBE77, 0xB656, 0xB636, 0xB636, 0xB657, 0xB677, 0xAE57, 0xAE57, 0xAE58, 0xAE78, 0xAE78, 0xA678, 0xA678, 0xA658, 0xA658,
    0xAE78, 0xAE57, 0xAE37, 0xBE98, 0xBEB8, 0xC677, 0xD6D9, 0xD6B9, 0xCE99, 0xC658, 0xBE17, 0xB617, 0xB617, 0xB657, 0xBE78, 0xBE99,
    0xB698, 0xAE78, 0xAE78, 0xAE78, 0xB6D9, 0xB6D9, 0xAE77, 0xAE57, 0xAE57, 0xAE57, 0xAE77, 0xAE97, 0xAE77, 0xB6B8, 0xAE97, 0xAE76,
    0xB6D8, 0xBEF8, 0xAE97, 0xAE77, 0xAE97, 0xB6B7, 0xB6B8, 0xAE77, 0xAE76, 0xB697, 0xB697, 0xBE98, 0xBEB8, 0xC6F9, 0xCF1A, 0xCF1A,
    0xC71A, 0xCF3B, 0xC6FA, 0xB678, 0xAE57, 0xAE57, 0xAE57, 0xAE57, 0xAE57, 0xA636, 0xA636, 0xA657, 0xAE57, 0xAE57, 0xAE57, 0xAE57,
    0xAE57, 0xAE57, 0xAE57, 0xAE57, 0xAE57, 0xAE57, 0xAE57, 0xAE57, 0xAE57, 0xAE57, 0xAE57, 0xA657, 0xA657, 0xA657, 0xA657, 0xA657,
    0xA657, 0xA657, 0xA657, 0xA657, 0xA657, 0xA657, 0xA657, 0xA657, 0xA657, 0xA657, 0xA657, 0xA657, 0xA657, 0xA657, 0xAE77, 0xAE97,
    0xB698, 0xB697, 0xB697, 0xB697, 0xB697, 0xB697, 0xB697, 0xB697, 0xBEB8, 0xBEB7, 0xB6B7, 0xB697, 0xB697, 0xBE97, 0xBEB7, 0xBEB7,
    0xC6D8, 0xCF19, 0xC6D8, 0xBE77, 0xBE77, 0xC6D8, 0xD73A, 0xCEF9, 0xCED8, 0xCEF8, 0xD739, 0xD739, 0xCED8, 0xBE56, 0xBE56, 0xC676,
    0xD6F9, 0xDF5A, 0xDF19, 0xDF19, 0xD719, 0xCF19, 0xC719, 0xB6B7, 0xB697, 0xBED8, 0xB677, 0xB656, 0xBE97, 0xBE77, 0xBE56, 0xB636,
    0xBE56, 0xC697, 0xCEB8, 0xCED8, 0xCED8, 0xD6D9, 0xD6F9, 0xD6F9, 0xD6F9, 0xD6F9, 0xCED9, 0xCED8, 0xCED8, 0xC6B8, 0xC6B8, 0xC6B8,
    0xC6B8, 0xC6D8, 0xC6F9, 0xAE37, 0xA657, 0xA657, 0xA658, 0xA678, 0xA678, 0xA678, 0xA678, 0xA658, 0xAE57, 0xAE57, 0xB657, 0xC6D9,
    0xC6B8, 0xC657, 0xD6B9, 0xDEDA, 0xDEFA, 0xD6DA, 0xD6B9, 0xCEB9, 0xC6B9, 0xBE78, 0xBE98, 0xBEB9, 0xB6B8, 0xAE78, 0xAE77, 0xAE98,
    0xAE98, 0xAE98, 0xAE57, 0xAE57, 0xAE57, 0xAE57, 0xAE97, 0xB6B8, 0xB6B8, 0xBEF9, 0xB6B8, 0xAE97, 0xBEF8, 0xBF19, 0xAE97, 0xAE77,
    0xAE77, 0xAE97, 0xB6B7, 0xB697, 0xAE56, 0xB677, 0xB677, 0xB656, 0xB677, 0xC6B8, 0xCF19, 0xCF1A, 0xB677, 0xBE98, 0xBE98, 0xB678,
    0xAE57, 0xAE57, 0xAE77, 0xAE77, 0xA657, 0xA657, 0xA657, 0xA657, 0xA657, 0xAE57, 0xAE57, 0xAE57, 0xAE57, 0xAE57, 0xAE57, 0xAE57,
    0xAE57, 0xAE57, 0xAE57, 0xAE57, 0xAE57, 0xAE57, 0xAE57, 0xA657, 0xA657, 0xA657, 0xA657, 0xA657, 0xA657, 0xA657, 0xA657, 0xA657,
    0xA657, 0xA657, 0xA657, 0xA657, 0xA657, 0xAE78, 0xAE98, 0xAE77, 0xA657, 0xA657, 0xAE57, 0xAE77, 0xB698, 0xB698, 0xB698, 0xB6B8,
    0xBEB7, 0xBEB8, 0xBEB8, 0xBEB8, 0xBEB7, 0xBEB7, 0xBEB7, 0xBEB8, 0xBED8, 0xC6F9, 0xCF19, 0xCEF9, 0xCEF9, 0xD73A, 0xD71A, 0xCEF9,
    0xC6D8, 0xCED8, 0xCEF9, 0xCEF8, 0xD719, 0xD739, 0xD719, 0xCED8, 0xC697, 0xBE56, 0xBE36, 0xC676, 0xD6F9, 0xDF39, 0xD6D8, 0xD6F9,
    0xDF3A, 0xD75A, 0xC719, 0xAE77, 0xAE77, 0xBED8, 0xB697, 0xAE36, 0xB677, 0xC6B8, 0xBE77, 0xB656, 0xBE56, 0xC6B7, 0xD6F9, 0xD739,
    0xCED8, 0xCEB8, 0xD6D9, 0xD6F9, 0xD6D9, 0xCED8, 0xCED9, 0xD6F9, 0xD71A, 0xCEF9, 0xCEF9, 0xCF19, 0xD73A, 0xD73A, 0xCF3A, 0xAE57,
    0xA657, 0xA657, 0xA658, 0xA678, 0xA679, 0xA679, 0xAE99, 0xAE58, 0xA637, 0xAE37, 0xB677, 0xCF1A, 0xCEF9, 0xC677, 0xCE78, 0xD6B9,
    0xDF1A, 0xDF3B, 0xDF1A, 0xD71A, 0xCEFA, 0xB698, 0xBEB8, 0xBED9, 0xB6B8, 0xAE77, 0xA657, 0xA677, 0xA677, 0xA657, 0xAE57, 0xAE77,
    0xAE57, 0xA657, 0xB698, 0xBED9, 0xB6D8, 0xBF19, 0xB6B8, 0xAE76, 0xB6D8, 0xBEF8, 0xA656, 0xAE76, 0xAE56, 0xAE76, 0xB697, 0xB697,
    0xAE56, 0xAE56, 0xB656, 0xB656, 0xB657, 0xC6B8, 0xCF3A, 0xD75B, 0xB657, 0xB677, 0xB677, 0xAE57, 0xA637, 0xAE77, 0xAE77, 0xAE77,
    0xA677, 0xA656, 0xA656, 0xA657, 0xAE77, 0xAE58, 0xAE57, 0xA657, 0xA637, 0xA657, 0xAE58, 0xAE78, 0xAE78, 0xAE78, 0xAE78, 0xAE57,
    0xA657, 0xAE57, 0xAE57, 0xA657, 0xA657, 0xA657, 0xA657, 0xA657, 0xA657, 0xA657, 0xAE78, 0xAE78, 0xAE78, 0xAE78, 0xA657, 0xA657,
    0xA657, 0xAE78, 0xAE98, 0xAE78, 0xAE77, 0xAE57, 0xAE57, 0xAE57, 0xAE77, 0xB6B8, 0xB698, 0xB697, 0xBEB8, 0xC6D8, 0xBEB8, 0xB677,
    0xB656, 0xBE97, 0xC6F8, 0xCF39, 0xD75A, 0xD75A, 0xCF39, 0xD73A, 0xCF19, 0xBE97, 0xC698, 0xCF19, 0xD719, 0xCED8, 0xCEB8, 0xCED8,
    0xC697, 0xBE76, 0xBE76, 0xC677, 0xC677, 0xC676, 0xC677, 0xD6D8, 0xDF3A, 0xE75A, 0xDF19, 0xD6F9, 0xD6D8, 0xC6B8, 0xB6B8, 0xAE77,
    0xAE56, 0xB677, 0xB697, 0xBEB8, 0xBED8, 0xC6F8, 0xBE97, 0xC6B7, 0xCEF9, 0xD719, 0xCEF8, 0xCED8, 0xC677, 0xD6D9, 0xCED9, 0xBE36,
    0xC677, 0xD6D9, 0xC698, 0xC677, 0xCEF9, 0xCED9, 0xCED8, 0xC6B8, 0xBE97, 0xBE56, 0xB656, 0xAE77, 0xAE77, 0xAE78, 0xAE98, 0xA678,
    0xA658, 0xA678, 0xAE99, 0xAE78, 0xA637, 0xAE37, 0xBE98, 0xCF1A, 0xCEF9, 0xC677, 0xC677, 0xD6F9, 0xDF3A, 0xD73A, 0xD73A, 0xCEF9,
    0xBEB8, 0xAE77, 0xAE77, 0xA677, 0xA677, 0xA697, 0xA697, 0xA697, 0xA677, 0xAE57, 0xA657, 0xAE57, 0xAE98, 0xB698, 0xAE98, 0xB6B8,
    0xBEF9, 0xB6D8, 0xB6B7, 0xAE97, 0xAE97, 0xAE76, 0xA656, 0xAE76, 0xAE56, 0xAE56, 0xAE56, 0xB677, 0xB677, 0xB697, 0xBE97, 0xB677,
    0xB677, 0xB657, 0xB657, 0xBE77, 0xAE16, 0xAE16, 0xAE37, 0xAE57, 0xAE57, 0xAE57, 0xAE57, 0xAE77, 0xAE98, 0xAEB8, 0xAEB8, 0xAEB8,
    0xAE98, 0xAE98, 0xAE78, 0xAE58, 0xA657, 0xA657, 0xAE58, 0xAE57, 0xAE57, 0xAE78, 0xAE78, 0xAE57, 0xA657, 0xAE57, 0xAE58, 0xA657,
    0xA657, 0xA657, 0xA657, 0xA657, 0xA657, 0xA657, 0xAE78, 0xAE78, 0xAE78, 0xAE78, 0xA657, 0xA657, 0xA657, 0xAE78, 0xAE98, 0xAE78,
    0xAE78, 0xAE77, 0xAE57, 0xAE57, 0xAE36, 0xAE56, 0xB677, 0xB677, 0xB656, 0xB677, 0xB677, 0xB656, 0xAE36, 0xB677, 0xC6B8, 0xC6F8,
    0xCF39, 0xD75A, 0xD719, 0xD75A, 0xD73A, 0xCED8, 0xCEF9, 0xD73A, 0xD719, 0xCED8, 0xCEB8, 0xBE56, 0xB635, 0xBE36, 0xBE76, 0xC697,
    0xCEB7, 0xCEB7, 0xD6F8, 0xD6F9, 0xD6F8, 0xCE97, 0xC677, 0xC677, 0xC656, 0xBE77, 0xBEB8, 0xB697, 0xAE77, 0xB677, 0xBEB7, 0xC6F8,
    0xC6F8, 0xC6F9, 0xBE97, 0xC697, 0xCEF9, 0xD719, 0xCEF8, 0xD6F9, 0xCED8, 0xDF3A, 0xD6F9, 0xC677, 0xCEB8, 0xD71A, 0xCED9, 0xC6B8,
    0xCEF9, 0xD6F9, 0xD6F9, 0xCED8, 0xC6B7, 0xBE77, 0xBE97, 0xAE77, 0xA677, 0xAE78, 0xAE98, 0xAE98, 0xA658, 0xA658, 0xAE78, 0xAE58,
    0xAE37, 0xB657, 0xBE98, 0xCED9, 0xC698, 0xBE56, 0xC6B8, 0xCEF9, 0xCEF9, 0xC6F9, 0xC6F9, 0xBED8, 0xB697, 0xAE77, 0xAE97, 0xAEB8,
    0xA697, 0xA697, 0xA697, 0xA697, 0xA698, 0xAE77, 0xAE57, 0xAE77, 0xAE98, 0xB698, 0xAE97, 0xAE77, 0xAE97, 0xAE77, 0xAE97, 0xB6B7,
    0xAE97, 0xAE97, 0xB697, 0xB6B8, 0xB6B8, 0xB697, 0xB697, 0xB697, 0xBEB8, 0xC6D8, 0xC6F9, 0xC6F9, 0xBEB8, 0xB677, 0xB656, 0xB677,
    0xBE98, 0xB678, 0xB698, 0xBED9, 0xBED9, 0xAE78, 0xA657, 0xA657, 0xB6D8, 0xBF1A, 0xBF1A, 0xB6F9, 0xB6B9, 0xB6B9, 0xB698, 0xAE78,
    0xAE57, 0xA657, 0xAE57, 0xA657, 0xA657, 0xAE58, 0xAE57, 0xA657, 0xA657, 0xAE58, 0xAE78, 0xA657, 0xA657, 0xA657, 0xA657, 0xA657,
    0xA657, 0xA657, 0xAE78, 0xAE78, 0xAE78, 0xAE78, 0xA657, 0xA657, 0xA657, 0xAE78, 0xB698, 0xAE78, 0xAE78, 0xAE77, 0xAE57, 0xAE57,
    0xAE57, 0xAE36, 0xB677, 0xB677, 0xAE36, 0xAE36, 0xB676, 0xBE77, 0xB656, 0xBE76, 0xBE76, 0xBE77, 0xC6B8, 0xCEF8, 0xCEF9, 0xC697,
    0xBE77, 0xC697, 0xC697, 0xC677, 0xBE36, 0xBE36, 0xBE56, 0xB635, 0xBE76, 0xC6B7, 0xCED8, 0xCEF8, 0xD6F8, 0xD6F9, 0xD719, 0xD6F8,
    0xC697, 0xB615, 0xB615, 0xBE35, 0xB635, 0xBE76, 0xBEB8, 0xBE97, 0xB677, 0xB677, 0xB697, 0xBEB7, 0xBED8, 0xC719, 0xBEB7, 0xBE77,
    0xC6B8, 0xD6F8, 0xDF19, 0xDF3A, 0xDF1A, 0xDF3A, 0xD6FA, 0xCEB8, 0xD6F9, 0xD71A, 0xD719, 0xD6F9, 0xD6F9, 0xD73A, 0xD73A, 0xD719,
    0xCED8, 0xCEB8, 0xC6B8, 0xAE77, 0xA677, 0xAE77, 0xAE98, 0xAE98, 0xA678, 0xAE78, 0xA657, 0xAE37, 0xB657, 0xBE77, 0xC6B8, 0xCED9,
    0xC697, 0xBE56, 0xC6D8, 0xC6F8, 0xBEB7, 0xB677, 0xAE97, 0xB697, 0xAE97, 0xAE97, 0xB6D8, 0xB719, 0xAED8, 0xA697, 0x9E77, 0xA697,
    0xAE98, 0xAE77, 0xAE57, 0xAE57, 0xAE77, 0xAE98, 0xAE77, 0xAE77, 0xA656, 0xAE77, 0xB6B8, 0xB6D8, 0xB6B7, 0xB6D8, 0xBEF8, 0xC73A,
    0xC719, 0xC6F9, 0xBED8, 0xBED8, 0xC719, 0xCF3A, 0xCF3A, 0xC6F9, 0xBEB8, 0xB677, 0xB656, 0xAE56, 0xCEFA, 0xC6F9, 0xC6D9, 0xC71A,
    0xC71A, 0xBEB9, 0xAE77, 0xAE77, 0xAE98, 0xB6D9, 0xB6D9, 0xB6B9, 0xB698, 0xB698, 0xB698, 0xAE78, 0xAE57, 0xAE57, 0xAE57, 0xAE58,
    0xAE78, 0xAE78, 0xAE78, 0xAE57, 0xAE57, 0xAE57, 0xAE58, 0xA657, 0xA657, 0xA657, 0xA657, 0xA657, 0xA657, 0xA657, 0xAE78, 0xAE78,
    0xAE78, 0xA657, 0xA657, 0xA657, 0xAE57, 0xAE78, 0xAE78, 0xAE77, 0xAE57, 0xAE57, 0xAE57, 0xAE57, 0xB657, 0xBEB8, 0xBED8, 0xBE98,
    0xB677, 0xB677, 0xBE97, 0xC6B8, 0xBE97, 0xBE97, 0xBE76, 0xB656, 0xBE77, 0xC697, 0xC677, 0xB636, 0xB615, 0xBE56, 0xC677, 0xBE56,
    0xBE56, 0xC697, 0xCED8, 0xCEB8, 0xD719, 0xD719, 0xD719, 0xD6F8, 0xD6F9, 0xD739, 0xCED8, 0xC6B7, 0xC697, 0xC697, 0xC6B7, 0xC6D8,
    0xBE76, 0xBE76, 0xBE98, 0xBE97, 0xB697, 0xB677, 0xB676, 0xB676, 0xBE97, 0xCF19, 0xC6B8, 0xC697, 0xCEB8, 0xD6D8, 0xDF19, 0xE73A,
    0xD6F9, 0xCEB9, 0xC678, 0xC677, 0xCEB8, 0xC698, 0xC698, 0xD6F9, 0xD6F9, 0xD719, 0xD719, 0xCEF8, 0xC697, 0xBE76, 0xBE56, 0xAE76,
    0xAE76, 0xAE77, 0xAE98, 0xAE78, 0xAE77, 0xAE78, 0xAE57, 0xAE57, 0xBE78, 0xC6B8, 0xCEF9, 0xDF1A, 0xD6F8, 0xC6B8, 0xBED8, 0xBED8,
    0xB697, 0xAE56, 0xAE76, 0xAE97, 0xB6B7, 0xAE97, 0xB6D8, 0xB6F9, 0xB6D8, 0xA697, 0xA677, 0xA677, 0xAE98, 0xAE78, 0xAE77, 0xAE57,
    0xAE77, 0xAE77, 0xAE77, 0xAE77, 0xAE97, 0xBED8, 0xC719, 0xBF19, 0xB6D8, 0xB6B7, 0xBEF8, 0xCF5A, 0xCF3A, 0xC6F9, 0xBED8, 0xBED8,
    0xC6F9, 0xC73A, 0xC719, 0xBEF9, 0xBEF9, 0xBED8, 0xB697, 0xAE76, 0xB698, 0xB678, 0xB677, 0xB678, 0xB6B8, 0xB6B8, 0xB698, 0xAE77,
    0xAE57, 0xA657, 0xAE77, 0xAE78, 0xAE57, 0xAE58, 0xAE78, 0xAE58, 0xAE57, 0xAE57, 0xAE78, 0xB698, 0xB6B9, 0xB6B9, 0xB698, 0xAE78,
    0xAE57, 0xAE57, 0xAE57, 0xA657, 0xA657, 0xA657, 0xA657, 0xA657, 0xA657, 0xA657, 0xA657, 0xA657, 0xA657, 0xA657, 0xA657, 0xAE78,
    0xAE58, 0xAE77, 0xAE57, 0xAE57, 0xAE37, 0xAE57, 0xAE57, 0xAE57, 0xB698, 0xC719, 0xC6D9, 0xBE97, 0xB677, 0xBE97, 0xBE97, 0xBE77,
    0xBE76, 0xBE76, 0xBE76, 0xBE76, 0xC6B7, 0xC6B7, 0xBE76, 0xBE56, 0xBE76, 0xC677, 0xC676, 0xC677, 0xCEB7, 0xD6F9, 0xDF19, 0xDF39,
    0xDF39, 0xD719, 0xCED8, 0xC6B7, 0xCED8, 0xD739, 0xC6D8, 0xC6D8, 0xC6D8, 0xCF18, 0xD739, 0xCF39, 0xC6D7, 0xBE97, 0xBE98, 0xBE98,
    0xC6B8, 0xBE98, 0xB676, 0xB656, 0xBE97, 0xC6F9, 0xCEF9, 0xCED8, 0xD6D8, 0xD6F9, 0xDEF9, 0xDEF9, 0xCE98, 0xBE57, 0xB616, 0xB636,
    0xBE57, 0xB615, 0xBE36, 0xC6B8, 0xCED8, 0xD6F8, 0xD6F9, 0xCEB8, 0xC676, 0xBE56, 0xB635, 0xB696, 0xAE76, 0xAE76, 0xAE97, 0xAE77,
    0xAE77, 0xAE77, 0xB698, 0xBE98, 0xC6B8, 0xCEB8, 0xD6D8, 0xDEF9, 0xDEF9, 0xCEB8, 0xB676, 0xB676, 0xAE76, 0xAE56, 0xAE56, 0xB676,
    0xB697, 0xB677, 0xB677, 0xB677, 0xB697, 0xB678, 0xAE77, 0xAE57, 0xAE78, 0xB698, 0xAE98, 0xAE77, 0xAE57, 0xAE57, 0xAE77, 0xAE77,
    0xB6B8, 0xBEF8, 0xBF19, 0xBEF9, 0xB6B7, 0xAE97, 0xB6B7, 0xBEF9, 0xBEF9, 0xB6B8, 0xB697, 0xB697, 0xB6B8, 0xBED8, 0xBED8, 0xBEF9,
    0xCF5A, 0xC75A, 0xBEF9, 0xB6B8, 0xA616, 0xA616, 0xA616, 0xAE57, 0xAE57, 0xAE57, 0xAE57, 0xAE57, 0xA636, 0xA636, 0xAE57, 0xAE78,
    0xA637, 0xA657, 0xAE57, 0xAE58, 0xAE57, 0xAE58, 0xAE78, 0xB698, 0xB6B9, 0xB6B9, 0xB698, 0xAE78, 0xAE57, 0xAE57, 0xAE58, 0xA657,
    0xA657, 0xA657, 0xA657, 0xA657, 0xA657, 0xA657, 0xA657, 0xA657, 0xA657, 0xA657, 0xAE78, 0xAE78, 0xAE78, 0xAE57, 0xAE57, 0xAE37,
    0xAE37, 0xAE57, 0xB677, 0xB698, 0xBEB8, 0xC6F9, 0xBE98, 0xB656, 0xB656, 0xB677, 0xB677, 0xAE36, 0xB656, 0xBE56, 0xBE76, 0xC6B7,
    0xD719, 0xD719, 0xCEB8, 0xC697, 0xCEB8, 0xCE97, 0xC677, 0xCE97, 0xD6D8, 0xD6F9, 0xD6D8, 0xD719, 0xCED8, 0xC697, 0xBE56, 0xBE76,
    0xC6B7, 0xD719, 0xCF39, 0xCF19, 0xC6F8, 0xBED7, 0xBEF8, 0xC718, 0xBED7, 0xBEB8, 0xC6B8, 0xC6D9, 0xCEF9, 0xC6F9, 0xBE97, 0xB677,
    0xBEB8, 0xC6D8, 0xCEF9, 0xD719, 0xDEF9, 0xDEF9, 0xDEF9, 0xDEB8, 0xC677, 0xC678, 0xBE57, 0xBE57, 0xBE57, 0xB616, 0xB636, 0xC677,
    0xC677, 0xCEB8, 0xCEF8, 0xD6F8, 0xCED8, 0xC697, 0xC697, 0xBEB7, 0xAE96, 0xAE76, 0xB697, 0xAE77, 0xAE57, 0xB677, 0xBEB8, 0xC6D9,
    0xCEF9, 0xCEB8, 0xCE97, 0xD697, 0xD697, 0xCE76, 0xB656, 0xAE56, 0xB656, 0xB656, 0xB656, 0xB656, 0xBE97, 0xBE98, 0xBE77, 0xB657,
    0xBE77, 0xBE78, 0xBE78, 0xB657, 0xB678, 0xB6B8, 0xB698, 0xAE78, 0xAE57, 0xA657, 0xAE77, 0xAE77, 0xA656, 0xAE77, 0xB6B7, 0xB6B7,
    0xAE76, 0xA656, 0xAE97, 0xB6B7, 0xB697, 0xAE77, 0xAE56, 0xAE56, 0xAE76, 0xAE97, 0xAE76, 0xAE97, 0xBEF8, 0xBF19, 0xB6B8, 0xAE97,
    0xAE57, 0xAE57, 0xAE57, 0xAE77, 0xAE57, 0xAE37, 0xA636, 0xA636, 0xAE57, 0xAE57, 0xAE77, 0xAE77, 0xA637, 0xAE58, 0xAE78, 0xAE78,
    0xAE78, 0xAE58, 0xAE78, 0xAE78, 0xAE78, 0xAE98, 0xAE78, 0xAE78, 0xAE58, 0xAE78, 0xAE78, 0xA657, 0xA657, 0xA657, 0xA657, 0xA657,
    0xA657, 0xA657, 0xA657, 0xA657, 0xA657, 0xA657, 0xAE78, 0xAE78, 0xAE78, 0xAE78, 0xAE57, 0xAE57, 0xAE57, 0xB678, 0xB698, 0xBED9,
    0xC6F9, 0xC6D9, 0xC6D9, 0xBEB8, 0xBE97, 0xBEB8, 0xBEB8, 0xBE97, 0xC6B7, 0xC6B7, 0xC6B7, 0xCEF8, 0xDF5A, 0xDF5A, 0xD6F8, 0xCED8,
    0xDF39, 0xDF5A, 0xDF3A, 0xDF3A, 0xE77A, 0xE75A, 0xDF39, 0xD6F9, 0xC697, 0xBE56, 0xBE35, 0xBE76, 0xC6D8, 0xCF19, 0xCF39, 0xCF39,
    0xBEF8, 0xB696, 0xAE96, 0xB6B6, 0xB6B6, 0xBE97, 0xC698, 0xCEB8, 0xD71A, 0xCEF9, 0xBE77, 0xB676, 0xBEB7, 0xC6B8, 0xCEF9, 0xD719,
    0xDEF9, 0xDEF9, 0xE6F9, 0xDED9, 0xCEB8, 0xCEFA, 0xCED9, 0xC6B8, 0xC6B8, 0xC677, 0xBE77, 0xC677, 0xC677, 0xCED8, 0xD719, 0xD719,
    0xD6F8, 0xCEF8, 0xCEF8, 0xBEB7, 0xB696, 0xB696, 0xB697, 0xAE76, 0xAE56, 0xAE77, 0xB677, 0xC6B8, 0xD6F9, 0xD6F8, 0xD6B8, 0xD6B7,
    0xD6B7, 0xCEB7, 0xC6B7, 0xBE97, 0xBE97, 0xBE97, 0xBE77, 0xBE97, 0xCED9, 0xCED9, 0xCED9, 0xCEB8, 0xC698, 0xC678, 0xC678, 0xC699,
    0xBEB9, 0xB6D9, 0xB6B9, 0xAE98, 0xAE57, 0xA657, 0xAE77, 0xAE97, 0xA656, 0xA656, 0xAE56, 0xAE76, 0xAE76, 0xAE56, 0xAE76, 0xAE77,
    0xAE77, 0xAE76, 0xAE76, 0xAE76, 0xAE76, 0xAE76, 0xA656, 0xA656, 0xA676, 0xA676, 0xA676, 0xA656, 0xAE57, 0xB678, 0xB677, 0xAE36,
    0xAE37, 0xB678, 0xAE37, 0xAE37, 0xB677, 0xB698, 0xB657, 0xA636, 0xAE77, 0xAE98, 0xB698, 0xB698, 0xAE78, 0xAE58, 0xAE58, 0xA637,
    0xA637, 0xAE57, 0xAE58, 0xAE57, 0xAE58, 0xAE78, 0xAE78, 0xA657, 0xA657, 0xA657, 0xA657, 0xA657, 0xA657, 0xA657, 0xA657, 0xA657,
    0xA657, 0xA657, 0xAE78, 0xAE78, 0xAE78, 0xAE78, 0xAE78, 0xAE78, 0xB678, 0xB698, 0xBED9, 0xC71A, 0xCF1A, 0xCF1A, 0xD75A, 0xCF3A,
    0xCEF9, 0xCF19, 0xD73A, 0xD75A, 0xDF3A, 0xD719, 0xD6F9, 0xD719, 0xDF5A, 0xDF5A, 0xCEF8, 0xBE56, 0xBE76, 0xD6F8, 0xD719, 0xD6F9,
    0xDF19, 0xDF19, 0xD6F9, 0xDF3A, 0xCED8, 0xC676, 0xBE76, 0xC697, 0xCED8, 0xCEF8, 0xC6D8, 0xC6F8, 0xC6F8, 0xBEB7, 0xB696, 0xB676,
    0xAE76, 0xB676, 0xBE57, 0xBE77, 0xCEF9, 0xC6D8, 0xB656, 0xAE35, 0xB677, 0xC6B8, 0xCEF9, 0xD6F9, 0xD6D8, 0xDEF9, 0xEF1A, 0xE71A,
    0xD6B9, 0xDF3A, 0xDF5B, 0xCEF9, 0xCED9, 0xCEB8, 0xC697, 0xC697, 0xC697, 0xD6F8, 0xD719, 0xD719, 0xD6F8, 0xCED7, 0xC6D7, 0xBED7,
    0xB6B7, 0xB696, 0xB697, 0xAE56, 0xAE56, 0xB656, 0xB636, 0xBE97, 0xD719, 0xDF3A, 0xE719, 0xE719, 0xE718, 0xDF19, 0xD75A, 0xCEF9,
    0xC6D8, 0xC6D8, 0xC6B8, 0xCED9, 0xD75B, 0xD73A, 0xDF3B, 0xDF3A, 0xCED9, 0xC678, 0xC678, 0xD6DA, 0xC6D9, 0xB6D9, 0xB6D9, 0xB698,
    0xAE57, 0xA657, 0xAE77, 0xB698, 0xB6B8, 0xAE97, 0xAE97, 0xAE97, 0xAE97, 0xAE76, 0xAE77, 0xAE77, 0xAE77, 0xAE97, 0xAE97, 0xAE97,
    0xAE97, 0xAE77, 0xB6B8, 0xB6D8, 0xAE97, 0xA677, 0xAEB7, 0xAEB8, 0xAE16, 0xB678, 0xB698, 0xAE57, 0xAE37, 0xB657, 0xAE57, 0xAE16,
    0xAE16, 0xAE37, 0xAE57, 0xAE37, 0xA637, 0xAE77, 0xB6B8, 0xB6D9, 0xB6B8, 0xAE77, 0xA657, 0xAE57, 0xAE77, 0xAE77, 0xAE77, 0xAE77,
    0xAE77, 0xAE77, 0xAE77, 0xA656, 0xA657, 0xAE77, 0xAE77, 0xAE77, 0xA677, 0xA657, 0xAE77, 0xAE77, 0xA657, 0xA657, 0xA657, 0xAE77,
    0xAE77, 0xBED9, 0xC73A, 0xC71A, 0xBEF9, 0xB6B8, 0xAE77, 0xB677, 0xC6F9, 0xCF3A, 0xC6F8, 0xBE97, 0xB677, 0xBE97, 0xC6F9, 0xD73A,
    0xDF3A, 0xDF1A, 0xCED8, 0xCED8, 0xD6F9, 0xC697, 0xB635, 0xBE76, 0xC697, 0xCED8, 0xD719, 0xCEF8, 0xCEF8, 0xCED8, 0xC696, 0xC696,
    0xC6B7, 0xCF18, 0xDF5A, 0xDF59, 0xD719, 0xD719, 0xCED8, 0xCEB8, 0xC6B7, 0xC6B8, 0xC6D8, 0xC6D8, 0xC6B8, 0xBE97, 0xBE97, 0xC6B8,
    0xC6F9, 0xCF19, 0xC719, 0xBED7, 0xB676, 0xC6D8, 0xCF19, 0xD6F8, 0xDF39, 0xE739, 0xD6B7, 0xDEB8, 0xD6F9, 0xD6F9, 0xDF19, 0xDF19,
    0xCEB8, 0xD6D8, 0xD6F9, 0xDF19, 0xDF39, 0xD719, 0xCED8, 0xD739, 0xDF7A, 0xCF39, 0xC6F8, 0xAE56, 0xAE76, 0xAE56, 0xAE56, 0xBED8,
    0xC6F9, 0xAE56, 0xAE56, 0xC6D8, 0xD719, 0xD6F9, 0xE71A, 0xE719, 0xDEB8, 0xCE97, 0xBE77, 0xB697, 0xBEB8, 0xBEB8, 0xB677, 0xBE97,
    0xC6F9, 0xD77B, 0xC6F9, 0xB657, 0xB657, 0xBE77, 0xBEB8, 0xBE98, 0xBEB8, 0xB6B8, 0xAE77, 0xAE57, 0xAE57, 0xAE57, 0xA657, 0xA656,
    0xAE77, 0xAE77, 0xAE77, 0xA697, 0xA697, 0xA697, 0xA697, 0xAE77, 0xAE77, 0xAE77, 0xAE77, 0xAE77, 0xAE77, 0xA677, 0xA697, 0xA697,
    0xA697, 0xA697, 0xA697, 0xA697, 0xB678, 0xC6D9, 0xBED9, 0xB657, 0xAE36, 0xB657, 0xB657, 0xB657, 0xB678, 0xBE98, 0xBE98, 0xAE57,
    0xA636, 0xA657, 0xAE77, 0xAE77, 0xAE77, 0xAE57, 0xA657, 0xAE57, 0xAE57, 0xA657, 0xA657, 0xA657, 0xA657, 0xA657, 0xAE57, 0xAE98,
    0xAE77, 0xAE77, 0xAE77, 0xAE77, 0xAE57, 0xA657, 0xAE77, 0xAE77, 0xAE77, 0xAE57, 0xAE57, 0xAE77, 0xAE77, 0xAE77, 0xB6B8, 0xB698,
    0xAE77, 0xAE77, 0xA636, 0xAE56, 0xBED8, 0xB697, 0xB676, 0xAE35, 0xAE15, 0xAE36, 0xB676, 0xBE77, 0xBE36, 0xD6D9, 0xDF3A, 0xDF3A,
    0xCEB8, 0xB636, 0xBE76, 0xBE97, 0xBE76, 0xC6B7, 0xCEF8, 0xCED8, 0xD6F8, 0xD6F8, 0xCEB7, 0xC6B7, 0xCEF8, 0xD739, 0xD739, 0xCEF8,
    0xCED8, 0xD6F8, 0xD6F9, 0xD6F9, 0xD6D9, 0xD6F9, 0xD719, 0xD71A, 0xD71A, 0xCEF9, 0xC6D8, 0xBE97, 0xBE97, 0xBE97, 0xB697, 0xB676,
    0xAE35, 0xC6D7, 0xCF19, 0xCEF8, 0xDF19, 0xE739, 0xDED8, 0xDF19, 0xDEF9, 0xCEB7, 0xCEB7, 0xCEB8, 0xCE97, 0xD6B8, 0xD6D8, 0xD6B8,
    0xDF19, 0xD6F9, 0xC6B7, 0xCED8, 0xCF19, 0xC718, 0xC718, 0xBED8, 0xAE77, 0xAE56, 0xB6B7, 0xBEB8, 0xB697, 0xAE76, 0xB656, 0xC6D8,
    0xD73A, 0xDF19, 0xE73A, 0xDEF9, 0xCE77, 0xC657, 0xB677, 0xB657, 0xB677, 0xB677, 0xAE57, 0xB657, 0xBE98, 0xC6F9, 0xBEB8, 0xB677,
    0xB677, 0xB698, 0xBEB8, 0xBEB8, 0xB698, 0xAE78, 0xAE77, 0xAE57, 0xAE77, 0xAE77, 0xAE77, 0xA677, 0xAE77, 0xA677, 0xA677, 0xA697,
    0xA697, 0xA697, 0xA697, 0xA697, 0xA697, 0xA697, 0xA697, 0xA697, 0xA697, 0xA697, 0xA697, 0xA697, 0xA697, 0xA697, 0xA697, 0xA697,
    0xBEB9, 0xC6FA, 0xC6F9, 0xB698, 0xAE37, 0xAE37, 0xAE57, 0xB677, 0xB698, 0xBEB9, 0xB698, 0xB677, 0xAE57, 0xAE57, 0xAE57, 0xAE57,
    0xAE77, 0xAE77, 0xAE98, 0xAE98, 0xAE77, 0xAE57, 0xA657, 0xA636, 0xA636, 0xA657, 0xAE77, 0xB6B8, 0xB698, 0xAE98, 0xAE77, 0xAE57,
    0xAE57, 0xAE57, 0xB698, 0xAE98, 0xAE77, 0xAE77, 0xAE77, 0xAE57, 0xAE77, 0xA636, 0xA636, 0xA656, 0xA636, 0xAE57, 0xAE56, 0xB677,
    0xC6F9, 0xBED8, 0xB697, 0xAE56, 0xAE36, 0xB656, 0xAE36, 0xB635, 0xADF5, 0xCE98, 0xDF3A, 0xDF5A, 0xCEF9, 0xBE56, 0xBE76, 0xBE97,
    0xB656, 0xBE76, 0xCED7, 0xCED7, 0xD6F8, 0xDF39, 0xD718, 0xCEF8, 0xD739, 0xD759, 0xCEF8, 0xC697, 0xC697, 0xCED8, 0xD6F9, 0xCED8,
    0xCED8, 0xCED8, 0xCEF9, 0xD6F9, 0xCED9, 0xCEF9, 0xC6D8, 0xB676, 0xAE35, 0xAE56, 0xB676, 0xB676, 0xB656, 0xBEB7, 0xCEF8, 0xCEF8,
    0xD719, 0xDF39, 0xDEF9, 0xE73A, 0xD719, 0xC697, 0xBE56, 0xC676, 0xC677, 0xCEB8, 0xCEB8, 0xCE97, 0xD6D8, 0xD6F8, 0xC697, 0xBE76,
    0xBE97, 0xBEB7, 0xC6F8, 0xC719, 0xB677, 0xB677, 0xBED8, 0xB697, 0xA635, 0xB676, 0xB676, 0xC6D8, 0xDF3A, 0xDF3A, 0xE73A, 0xDED9,
    0xCE57, 0xBE36, 0xBE77, 0xAE36, 0xAE36, 0xB656, 0xB656, 0xAE36, 0xB656, 0xB676, 0xB677, 0xB677, 0xBE97, 0xBE97, 0xBE97, 0xBE97,
    0xB697, 0xAE57, 0xAE57, 0xAE57, 0xAE77, 0xAE98, 0xAE98, 0xAE97, 0xAE77, 0xA677, 0xA677, 0xA697, 0xA697, 0xA697, 0xA697, 0xA697,
    0xA697, 0xA697, 0xA697, 0xA697, 0xA697, 0xA697, 0xA697, 0xA697, 0xA697, 0xA697, 0xA697, 0xA697, 0xBEB9, 0xC6F9, 0xC6F9, 0xBEB8,
    0xAE57, 0xAE37, 0xAE57, 0xAE37, 0xAE57, 0xB678, 0xB678, 0xAE57, 0xAE78, 0xAE98, 0xB698, 0xB6B8, 0xB6B8, 0xB6D9, 0xB6D9, 0xB6B8,
    0xB6B8, 0xAE98, 0xAE77, 0xAE57, 0xAE57, 0xAE77, 0xAE78, 0xB698, 0xB678, 0xAE57, 0xAE57, 0xAE57, 0xAE57, 0xAE77, 0xB698, 0xB698,
    0xB698, 0xAE77, 0xAE77, 0xAE57, 0xAE57, 0xAE57, 0xAE57, 0xAE57, 0xAE57, 0xB697, 0xB697, 0xBEB8, 0xCF3A, 0xD79B, 0xCF39, 0xC6D8,
    0xBEB8, 0xC6D8, 0xC6D8, 0xBE97, 0xBE57, 0xBE57, 0xBE77, 0xCEF9, 0xD75A, 0xC6D8, 0xB636, 0xBE76, 0xBE96, 0xC696, 0xCED8, 0xCED8,
    0xD6F8, 0xDF39, 0xDF39, 0xD739, 0xD718, 0xCEF8, 0xCEB7, 0xBE76, 0xBE56, 0xC677, 0xC697, 0xC677, 0xBE36, 0xBE36, 0xBE36, 0xBE36,
    0xB616, 0xBE77, 0xC6B8, 0xB676, 0xB656, 0xB677, 0xBED8, 0xC6F8, 0xC6D8, 0xB676, 0xC6D8, 0xD719, 0xD719, 0xDF19, 0xDEF8, 0xDEF8,
    0xD719, 0xC6D8, 0xBE97, 0xBE77, 0xBE56, 0xC677, 0xCE98, 0xC677, 0xCE98, 0xD6F9, 0xC698, 0xB656, 0xB636, 0xB656, 0xBEB7, 0xBED8,
    0xBEB8, 0xBEB8, 0xB697, 0xAE56, 0xAE36, 0xAE56, 0xB676, 0xCEF9, 0xDF5A, 0xDF1A, 0xDF19, 0xDEF9, 0xD697, 0xCE97, 0xC6B8, 0xBE77,
    0xB656, 0xBE97, 0xBE97, 0xBE77, 0xB636, 0xAE15, 0xB657, 0xBEB8, 0xC6B8, 0xBE97, 0xBE77, 0xBE77, 0xB677, 0xAE57, 0xAE57, 0xAE57,
    0xAE77, 0xAE98, 0xAE98, 0xAE97, 0xAE77, 0xA677, 0xA677, 0xA697, 0xA697, 0xA697, 0xA697, 0xA697, 0xA697, 0xA697, 0xA697, 0xA697,
    0xA697, 0xA697, 0xA697, 0xA697, 0xA697, 0xA697, 0xA697, 0xA697, 0xAE77, 0xB698, 0xB6B8, 0xB6B8, 0xB698, 0xB698, 0xAE77, 0xA636,
    0xA636, 0xAE57, 0xB698, 0xAE77, 0xAE77, 0xB698, 0xB6B8, 0xBED9, 0xBED9, 0xB6B9, 0xB6B8, 0xB6B8, 0xB698, 0xAE78, 0xAE77, 0xAE77,
    0xAE57, 0xAE57, 0xAE77, 0xAE77, 0xAE57, 0xAE57, 0xAE57, 0xAE57, 0xAE77, 0xB678, 0xB698, 0xB698, 0xB698, 0xB678, 0xAE77, 0xAE57,
    0xAE57, 0xAE77, 0xB698, 0xAE77, 0xAE77, 0xB6B8, 0xB697, 0xB697, 0xC719, 0xCF5A, 0xC6F9, 0xBEB8, 0xBEB8, 0xC6F8, 0xCF19, 0xCF19,
    0xC6B8, 0xBE77, 0xB636, 0xBE97, 0xCF19, 0xC6D8, 0xB656, 0xC6B7, 0xCED8, 0xC6B7, 0xD6F8, 0xD6F8, 0xD6D8, 0xDF19, 0xDF39, 0xD719,
    0xC6B7, 0xBE76, 0xBE76, 0xBE56, 0xB635, 0xB615, 0xB635, 0xB615, 0xB5F5, 0xB615, 0xB616, 0xBE36, 0xBE36, 0xC697, 0xCEF9, 0xC6D8,
    0xC6F8, 0xC719, 0xCF39, 0xCF59, 0xCF39, 0xAE35, 0xC6D7, 0xD739, 0xD719, 0xD6D8, 0xD6D8, 0xCE97, 0xCEF9, 0xC719, 0xC6F9, 0xC6B8,
    0xB656, 0xBE57, 0xC698, 0xC677, 0xC697, 0xD6F9, 0xCEB8, 0xBE77, 0xB636, 0xAE15, 0xB636, 0xB657, 0xC6F9, 0xBED8, 0xAE36, 0xAE56,
    0xBEB7, 0xAE56, 0xB656, 0xCEF9, 0xDF3A, 0xD719, 0xDF19, 0xE719, 0xE6F9, 0xDF19, 0xD719, 0xCEF8, 0xC6D8, 0xCEF8, 0xCF19, 0xCED8,
    0xBE97, 0xB636, 0xBE97, 0xCED8, 0xCEF8, 0xC6B7, 0xBE76, 0xB656, 0xB677, 0xB678, 0xAE77, 0xAE57, 0xAE77, 0xAE77, 0xAE77, 0xAE77,
    0xAE77, 0xA677, 0xA677, 0xA697, 0xA697, 0xA697, 0xA697, 0xA697, 0xA697, 0xA697, 0xA697, 0xA697, 0xA697, 0xA697, 0xA697, 0xA697,
    0xA697, 0xA697, 0xA697, 0xA697, 0xAE57, 0xAE57, 0xAE77, 0xAE98, 0xB6B8, 0xB6B9, 0xB698, 0xA657, 0xA636, 0xAE77, 0xB6B8, 0xB698,
    0xAE57, 0xAE57, 0xB678, 0xB698, 0xB698, 0xAE78, 0xAE77, 0xAE77, 0xAE77, 0xAE77, 0xAE57, 0xAE57, 0xAE57, 0xAE57, 0xAE57, 0xB657,
    0xB657, 0xB657, 0xB657, 0xB677, 0xB678, 0xB678, 0xB657, 0xB657, 0xB678, 0xB677, 0xB657, 0xAE57, 0xAE37, 0xB678, 0xB6B8, 0xAE77,
    0xAE57, 0xB677, 0xAE57, 0xAE56, 0xB697, 0xAE36, 0xAE56, 0xB656, 0xB656, 0xBE77, 0xBEB7, 0xC6F8, 0xBE97, 0xC698, 0xBE77, 0xB677,
    0xB676, 0xB656, 0xBE97, 0xCF39, 0xCEF9, 0xCED8, 0xDF39, 0xDEF9, 0xD6B8, 0xDED8, 0xDEF9, 0xD6D8, 0xC676, 0xBE35, 0xBE56, 0xBE76,
    0xBE56, 0xB635, 0xBE56, 0xBE56, 0xBE56, 0xBE57, 0xC697, 0xCED8, 0xCEF9, 0xCEF9, 0xCF1A, 0xD75A, 0xD75A, 0xCF39, 0xC6F9, 0xC6F8,
    0xC6F8, 0xAE35, 0xC6B7, 0xD739, 0xD6F8, 0xCEB7, 0xD6D8, 0xCE97, 0xC6F8, 0xBEF9, 0xC6F9, 0xBED8, 0xB656, 0xB657, 0xC698, 0xBE77,
    0xC698, 0xCED9, 0xC6B8, 0xC698, 0xBE97, 0xB636, 0xB636, 0xB657, 0xCF19, 0xC6F9, 0xAE36, 0xB677, 0xC6D8, 0xAE36, 0xB656, 0xCEF9,
    0xDF3A, 0xD6F9, 0xDEF9, 0xE71A, 0xE73A, 0xE75A, 0xDF3A, 0xD739, 0xD719, 0xD719, 0xDF3A, 0xD739, 0xCED8, 0xC697, 0xCED8, 0xD719,
    0xD719, 0xCED8, 0xC697, 0xBE77, 0xBE97, 0xB698, 0xAE77, 0xAE57, 0xAE57, 0xAE77, 0xA657, 0xA657, 0xAE77, 0xA677, 0xA677, 0xA697,
    0xA697, 0xA697, 0xA697, 0xA697, 0xA697, 0xA697, 0xA697, 0xA697, 0xA697, 0xA697, 0xA697, 0xA697, 0xA697, 0xA697, 0xA697, 0xA697,
    0xAE77, 0xA677, 0xA677, 0xAE77, 0xAE97, 0xAE97, 0xAE77, 0xA656, 0xA657, 0xAE98, 0xAEB8, 0xAE97, 0xAE57, 0xAE57, 0xAE57, 0xAE57,
    0xAE57, 0xAE57, 0xAE57, 0xAE57, 0xAE57, 0xAE77, 0xB698, 0xB698, 0xAE77, 0xAE57, 0xAE57, 0xB698, 0xB698, 0xBE98, 0xB698, 0xB678,
    0xB678, 0xB657, 0xAE37, 0xAE57, 0xB657, 0xB677, 0xB657, 0xAE57, 0xAE37, 0xB678, 0xB698, 0xAE57, 0xAE36, 0xAE77, 0xAE36, 0xAE36,
    0xB656, 0xA615, 0xB676, 0xBE97, 0xB677, 0xB656, 0xB656, 0xB676, 0xB656, 0xBE97, 0xBE77, 0xB656, 0xAE36, 0xAE36, 0xC6D8, 0xD75A,
    0xCEF8, 0xCED8, 0xDF39, 0xDF19, 0xD6B7, 0xDEB8, 0xDED8, 0xD6D8, 0xCE97, 0xCEB7, 0xCED8, 0xCED8, 0xCED8, 0xCEF8, 0xCEF8, 0xCED8,
    0xC6B8, 0xC6B8, 0xCED9, 0xD719, 0xD71A, 0xCEF9, 0xCEF9, 0xD73A, 0xD73A, 0xC6D8, 0xB677, 0xB676, 0xBE97, 0xAE35, 0xC6B7, 0xD719,
    0xCEB7, 0xC697, 0xDF19, 0xD719, 0xBED8, 0xB6B7, 0xB697, 0xB697, 0xAE57, 0xB677, 0xBE57, 0xBE57, 0xC6B8, 0xC698, 0xBE77, 0xC6B8,
    0xCEF9, 0xC6B8, 0xBE77, 0xC6B8, 0xCEF9, 0xCEF9, 0xC6D8, 0xC6D8, 0xC6D8, 0xB656, 0xB636, 0xCED8, 0xDF3A, 0xD719, 0xDF19, 0xE719,
    0xE71A, 0xE71A, 0xD719, 0xD739, 0xD719, 0xD718, 0xDF39, 0xD719, 0xCED7, 0xCED8, 0xCEF8, 0xD718, 0xD719, 0xD6F8, 0xCED8, 0xC6B7,
    0xBE98, 0xB678, 0xAE77, 0xAE57, 0xAE77, 0xAE77, 0xAE77, 0xA677, 0xAE77, 0xA677, 0xA677, 0xA697, 0xA697, 0xA697, 0xA697, 0xA697,
    0xA697, 0xA697, 0xA697, 0xA697, 0xA697, 0xA697, 0xA697, 0xA697, 0xA697, 0xA697, 0xA697, 0xA697, 0xAE98, 0xAE77, 0xA657, 0xAE77,
    0xA657, 0xA636, 0xA656, 0xA636, 0xA656, 0xAE77, 0xAE77, 0xAE57, 0xB698, 0xAE57, 0xAE57, 0xAE57, 0xAE57, 0xAE57, 0xAE77, 0xAE57,
    0xAE77, 0xB698, 0xB6B8, 0xB6B8, 0xB698, 0xAE77, 0xB678, 0xBEB9, 0xC6D9, 0xC6D9, 0xC6D9, 0xBEB9, 0xBE98, 0xB657, 0xAE37, 0xAE37,
    0xB657, 0xB678, 0xB678, 0xB657, 0xAE37, 0xB677, 0xB698, 0xAE57, 0xAE36, 0xAE57, 0xB657, 0xAE56, 0xB677, 0xB677, 0xC6F8, 0xCF39,
    0xCEF9, 0xBE97, 0xB656, 0xB656, 0xBE97, 0xBE77, 0xB656, 0xAE56, 0xB676, 0xB677, 0xC6D8, 0xCF19, 0xCEF8, 0xCEB7, 0xD6D8, 0xDEF9,
    0xDED8, 0xDEB8, 0xDED8, 0xDF19, 0xDF19, 0xDF19, 0xDF39, 0xD719, 0xD739, 0xDF7A, 0xD739, 0xCF19, 0xCEF9, 0xC6D8, 0xCEF9, 0xD719,
    0xD6F9, 0xCED8, 0xCEB8, 0xD719, 0xCEF9, 0xBE77, 0xAE36, 0xB656, 0xBE97, 0xB676, 0xC6B7, 0xCEF8, 0xC6B7, 0xC697, 0xDF19, 0xD719,
    0xBEB7, 0xA677, 0xA656, 0xAE57, 0xAE57, 0xB677, 0xB657, 0xBE57, 0xCEB9, 0xC698, 0xBE57, 0xC698, 0xCED9, 0xCED9, 0xC6D9, 0xCEF9,
    0xCEF9, 0xCEF9, 0xCF1A, 0xC6D8, 0xB677, 0xB656, 0xB636, 0xC6B8, 0xDF3A, 0xDF3A, 0xDF19, 0xDEF9, 0xDED9, 0xDED9, 0xD6F8, 0xD719,
    0xD6F8, 0xCED8, 0xD6F8, 0xD6F8, 0xCED8, 0xD6F8, 0xD6F8, 0xD719, 0xD719, 0xD719, 0xD6F8, 0xD6F9, 0xC6B8, 0xB677, 0xAE57, 0xAE57,
    0xAE77, 0xAE77, 0xAE77, 0xAE77, 0xAE97, 0xAE97, 0xA677, 0xA697, 0xA697, 0xA697, 0xA697, 0xA697, 0xA697, 0xA697, 0xA697, 0xA697,
    0xA697, 0xA697, 0xA697, 0xA697, 0xA697, 0xA697, 0xA697, 0xA697, 0xAE77, 0xAE77, 0xA657, 0xAE77, 0xAE97, 0xA657, 0xA657, 0xA657,
    0xA657, 0xA657, 0xAE77, 0xAE98, 0xB6B8, 0xAE77, 0xAE77, 0xB698, 0xAE77, 0xA636, 0xAE57, 0xAE77, 0xAE57, 0xAE77, 0xBED9, 0xBED9,
    0xB698, 0xB677, 0xBEB9, 0xC71A, 0xC6FA, 0xC6FA, 0xCF1A, 0xC6FA, 0xC6D9, 0xBEB9, 0xB657, 0xB678, 0xBE98, 0xBE98, 0xB678, 0xB657,
    0xB657, 0xB657, 0xB677, 0xB677, 0xAE37, 0xAE56, 0xBE98, 0xBEB8, 0xBEB8, 0xBEB8, 0xC6D8, 0xCF19, 0xCEF9, 0xCEF9, 0xCEF8, 0xCEF9,
    0xCF39, 0xC6F9, 0xBEB8, 0xBEB7, 0xC6D8, 0xCF19, 0xCF39, 0xCEF8, 0xCF19, 0xCE97, 0xBE15, 0xDED8, 0xEF3A, 0xDEB8, 0xDED8, 0xE719,
    0xDEF9, 0xDF19, 0xD719, 0xCEF8, 0xCEF8, 0xCF19, 0xC6F8, 0xCF39, 0xC6F9, 0xC6B8, 0xD719, 0xDF3A, 0xD719, 0xD6F9, 0xCEF9, 0xD71A,
    0xCED8, 0xB656, 0xB677, 0xC6D8, 0xBEB7, 0xBEB7, 0xBEB7, 0xC6D7, 0xD718, 0xCED8, 0xC676, 0xBE35, 0xB676, 0xAE97, 0xAE77, 0xAE56,
    0xAE56, 0xB657, 0xBE98, 0xC6D9, 0xCED9, 0xCEB9, 0xC698, 0xBE77, 0xBE78, 0xC6B9, 0xCEF9, 0xCED9, 0xD71A, 0xD71A, 0xC6D8, 0xBE77,
    0xB656, 0xB656, 0xB656, 0xC6B8, 0xD719, 0xDF3A, 0xD6F9, 0xD6B8, 0xDEB8, 0xD6D8, 0xDF39, 0xDF19, 0xD6D8, 0xCE97, 0xC677, 0xCE97,
    0xD6D8, 0xCEB8, 0xD6F8, 0xD6F9, 0xD6F8, 0xD6D8, 0xD6D8, 0xD719, 0xCF19, 0xB6B8, 0xAE57, 0xAE57, 0xAE77, 0xAE77, 0xAE77, 0xAE98,
    0xAE98, 0xAE97, 0xA677, 0xA677, 0xA697, 0xA697, 0xAE98, 0xA697, 0xA697, 0xA697, 0xA697, 0xA697, 0xA697, 0xA697, 0xA697, 0xA697,
    0xA697, 0xA697, 0xA697, 0xA697, 0xAE77, 0xAE77, 0xA657, 0xA657, 0xAE77, 0xAE77, 0xAE77, 0xAE77, 0xAE77, 0xAE98, 0xB6B8, 0xB6B8,
    0xBEB8, 0xBEB8, 0xBEB9, 0xB6B8, 0xAE57, 0xA616, 0xAE57, 0xB677, 0xAE57, 0xAE57, 0xBED9, 0xCF3B, 0xC71A, 0xB698, 0xBEB9, 0xCF3A,
    0xBEB9, 0xB657, 0xAE57, 0xB678, 0xBEB9, 0xC6D9, 0xBE98, 0xBED9, 0xC6F9, 0xBE98, 0xAE57, 0xAE37, 0xB678, 0xB678, 0xBE98, 0xBED9,
    0xBEB8, 0xB677, 0xBEB8, 0xC6F9, 0xCF1A, 0xCEF9, 0xBE97, 0xB636, 0xB636, 0xBE97, 0xCF19, 0xDF7B, 0xCF19, 0xCEF9, 0xCEF9, 0xCF19,
    0xCF19, 0xCF3A, 0xD75A, 0xD739, 0xD739, 0xCEB7, 0xBE15, 0xD6B7, 0xDEF9, 0xDEB8, 0xDED8, 0xDED8, 0xDED8, 0xDEF8, 0xD719, 0xCEF8,
    0xCEF8, 0xCF39, 0xD759, 0xD77A, 0xCF19, 0xBE97, 0xC6B8, 0xC6B8, 0xC677, 0xC677, 0xC677, 0xC698, 0xC698, 0xBE57, 0xBE97, 0xC6F8,
    0xBEB7, 0xBE97, 0xBEB7, 0xCEF8, 0xD739, 0xD6F8, 0xC697, 0xBE56, 0xAE56, 0xAE76, 0xAE77, 0xAE56, 0xB656, 0xBE97, 0xCEF9, 0xD71A,
    0xCED9, 0xC6B8, 0xC698, 0xC698, 0xC6B8, 0xC6B8, 0xC6B8, 0xCEB8, 0xCEB8, 0xCEB8, 0xC6B8, 0xBE97, 0xBE97, 0xC6B8, 0xBE97, 0xC6B8,
    0xD6F9, 0xD6F9, 0xD6D8, 0xDEF9, 0xDEF9, 0xDEF9, 0xDF19, 0xD719, 0xD6D8, 0xC697, 0xBE56, 0xBE36, 0xBE36, 0xC697, 0xCEB7, 0xCEB8,
    0xCEB7, 0xCE97, 0xCEB7, 0xCED8, 0xCF19, 0xBED9, 0xAE78, 0xAE77, 0xAE98, 0xAE77, 0xAE97, 0xAE98, 0xAE98, 0xAE97, 0xA677, 0xA677,
    0xA697, 0xA697, 0xAE98, 0xA697, 0xA697, 0xA697, 0xA697, 0xA697, 0xA697, 0xA697, 0xA697, 0xA697, 0xA697, 0xA697, 0xA697, 0xA697,
    0xAE57, 0xAE57, 0xA637, 0xAE57, 0xAE57, 0xAE57, 0xAE57, 0xAE57, 0xAE57, 0xAE77, 0xAE98, 0xB698, 0xAE77, 0xB698, 0xBEB9, 0xB698,
    0xAE57, 0xAE57, 0xB698, 0xB698, 0xAE57, 0xAE57, 0xBED9, 0xCF3B, 0xCF3A, 0xBEB9, 0xB698, 0xBED9, 0xB678, 0xAE36, 0xAE36, 0xAE57,
    0xB678, 0xB698, 0xBED9, 0xC6FA, 0xC71A, 0xBEB8, 0xAE37, 0xAE37, 0xB698, 0xB698, 0xBEB8, 0xC6F9, 0xBEB9, 0xB677, 0xBE77, 0xC6B8,
    0xC6F9, 0xCF19, 0xBE77, 0xAE15, 0xB615, 0xBE77, 0xCED8, 0xD719, 0xC698, 0xBE97, 0xBE77, 0xB656, 0xBE77, 0xBEB7, 0xCF19, 0xD739,
    0xD739, 0xC697, 0xBE15, 0xCE97, 0xDED8, 0xD6B8, 0xDED8, 0xE6F9, 0xE719, 0xE739, 0xE75A, 0xDF39, 0xD739, 0xD77A, 0xCF59, 0xCF5A,
    0xC6D8, 0xB676, 0xBE77, 0xBE56, 0xB616, 0xBE16, 0xB616, 0xBE36, 0xBE77, 0xBE77, 0xC6D8, 0xCF19, 0xC6D8, 0xBE97, 0xBEB7, 0xCEF8,
    0xD739, 0xD718, 0xC6B7, 0xC676, 0xB656, 0xAE56, 0xAE56, 0xB656, 0xBE77, 0xC6B8, 0xD73A, 0xDF3A, 0xCEB8, 0xC6B8, 0xC6B8, 0xCED9,
    0xC6D9, 0xC6B8, 0xBE77, 0xBE57, 0xC657, 0xC677, 0xC698, 0xC6B8, 0xCED9, 0xCED9, 0xC6B8, 0xCED8, 0xCED8, 0xCED8, 0xD6F9, 0xDF19,
    0xE719, 0xDEF9, 0xD719, 0xD719, 0xCED8, 0xC697, 0xBE56, 0xB615, 0xB5F5, 0xC677, 0xC697, 0xCEB8, 0xC697, 0xC697, 0xCE97, 0xCED9,
    0xCF1A, 0xBED9, 0xAE98, 0xAE77, 0xAE98, 0xAE98, 0xAE77, 0xAE98, 0xAE98, 0xAE97, 0xA677, 0xA677, 0xA697, 0xA697, 0xAE98, 0xA697,
    0xA697, 0xA697, 0xA697, 0xA697, 0xA697, 0xA697, 0xA697, 0xA697, 0xA697, 0xA697, 0xA697, 0xA697, 0xAE77, 0xAE57, 0xAE57, 0xAE77,
    0xAE77, 0xAE57, 0xAE57, 0xAE77, 0xB698, 0xB698, 0xB698, 0xB698, 0xA616, 0xAE37, 0xB677, 0xB678, 0xB678, 0xBE98, 0xBED9, 0xB678,
    0xAE57, 0xAE57, 0xB698, 0xBEB9, 0xBED9, 0xB698, 0xB677, 0xAE57, 0xAE57, 0xAE77, 0xB678, 0xB677, 0xAE57, 0xA636, 0xB6B8, 0xBEB9,
    0xBED9, 0xB6B8, 0xB678, 0xAE77, 0xAE77, 0xB677, 0xB698, 0xBE98, 0xB677, 0xB677, 0xBE77, 0xBE77, 0xBE77, 0xC6B8, 0xBE57, 0xB656,
    0xBE77, 0xC6B8, 0xC697, 0xBE56, 0xC677, 0xC677, 0xBE56, 0xB636, 0xB656, 0xBE97, 0xCEF8, 0xCEF8, 0xCED8, 0xC696, 0xBE56, 0xCED7,
    0xDEF8, 0xD6D8, 0xDEF8, 0xE6F9, 0xE6F9, 0xE719, 0xDF19, 0xD6F8, 0xC6D8, 0xC718, 0xBED8, 0xBED8, 0xB697, 0xB656, 0xBE56, 0xBE56,
    0xBE57, 0xC657, 0xBE16, 0xBE36, 0xC697, 0xC6B8, 0xCEF9, 0xCF19, 0xC6F8, 0xC6D7, 0xBEB7, 0xC6D7, 0xCEF8, 0xCEF8, 0xCED7, 0xCED7,
    0xC6B7, 0xBE77, 0xB636, 0xB636, 0xC6B8, 0xD719, 0xDF3A, 0xD71A, 0xCEB8, 0xCEB8, 0xCED8, 0xCEF9, 0xCEF9, 0xBEB7, 0xB636, 0xB616,
    0xBE16, 0xC657, 0xCEB8, 0xCEF9, 0xCEF9, 0xCED9, 0xCED8, 0xCED9, 0xCED8, 0xD6D9, 0xDF19, 0xE73A, 0xDEF9, 0xD6B8, 0xCED8, 0xCED9,
    0xCEF9, 0xCED9, 0xC6B8, 0xC677, 0xBE56, 0xCEB8, 0xCED8, 0xCEF9, 0xCED8, 0xCEB8, 0xCED8, 0xD719, 0xCF1A, 0xB6B9, 0xAE77, 0xAE77,
    0xAE77, 0xAE77, 0xAE77, 0xAE77, 0xAE97, 0xAE97, 0xA677, 0xA677, 0xA697, 0xA697, 0xA697, 0xA697, 0xA697, 0xA697, 0xA697, 0xA697,
    0xA697, 0xA697, 0xA697, 0xA697, 0xA697, 0xA697, 0xA697, 0xA697, 0xC6F9, 0xC6FA, 0xB6B8, 0xAE57, 0xAE57, 0xAE77, 0xAE57, 0xAE57,
    0xB678, 0xB698, 0xB678, 0xB677, 0xAE57, 0xAE57, 0xAE37, 0xB657, 0xB698, 0xBE98, 0xB678, 0xAE57, 0xAE57, 0xB657, 0xAE37, 0xAE37,
    0xB657, 0xB678, 0xB677, 0xAE57, 0xAE57, 0xAE77, 0xB698, 0xAE78, 0xAE57, 0xA636, 0xAE77, 0xAE77, 0xAE77, 0xB698, 0xB6B9, 0xB698,
    0xA636, 0xAE36, 0xAE37, 0xAE36, 0xB657, 0xBE98, 0xC6F9, 0xC6B8, 0xBE77, 0xBE77, 0xB636, 0xB636, 0xC698, 0xCEF9, 0xCEB8, 0xBE77,
    0xCEB8, 0xCEB8, 0xD6F9, 0xD719, 0xD719, 0xCEF9, 0xCEF8, 0xC6B7, 0xBE76, 0xBE76, 0xC6B7, 0xD718, 0xDF39, 0xD719, 0xDEF8, 0xE6D9,
    0xE6D8, 0xDED8, 0xD6D8, 0xC697, 0xB676, 0xB676, 0xAE56, 0xAE76, 0xAE56, 0xB656, 0xBE97, 0xC697, 0xCED9, 0xD6D9, 0xC657, 0xC677,
    0xCEB8, 0xCEB8, 0xC6D8, 0xCF19, 0xC6F8, 0xCF18, 0xBEB7, 0xBE97, 0xC6B7, 0xC6D7, 0xCEF8, 0xD718, 0xD719, 0xC6B8, 0xBE56, 0xBE56,
    0xD6D8, 0xDF3A, 0xDF19, 0xD6D9, 0xD6D8, 0xCEB8, 0xCED8, 0xCEF9, 0xC6F8, 0xBEB7, 0xB656, 0xBE16, 0xC637, 0xCE98, 0xD6D9, 0xD6F9,
    0xCEF9, 0xC6B8, 0xCED8, 0xCEF9, 0xD6F9, 0xD6F9, 0xDF19, 0xDF19, 0xD6B8, 0xC677, 0xC677, 0xC6B8, 0xCED9, 0xD719, 0xD71A, 0xD6F9,
    0xCED9, 0xCEF9, 0xD719, 0xD73A, 0xD71A, 0xCEF9, 0xCEF9, 0xD71A, 0xC6F9, 0xB698, 0xAE57, 0xAE57, 0xAE77, 0xAE57, 0xA657, 0xA657,
    0xAE97, 0xA677, 0xA677, 0xA677, 0xA677, 0xA677, 0xA697, 0xA697, 0xA697, 0xA697, 0xA697, 0xA697, 0xA697, 0xA697, 0xA697, 0xA697,
    0xA697, 0xA697, 0xA697, 0xA697, 0xCF1A, 0xD75B, 0xC6FA, 0xB698, 0xAE57, 0xAE37, 0xA616, 0xAE16, 0xAE57, 0xB657, 0xAE37, 0xA616,
    0xBEB8, 0xBEB9, 0xB698, 0xB657, 0xB657, 0xB657, 0xAE36, 0xAE37, 0xB657, 0xAE57, 0xAE36, 0xAE37, 0xB678, 0xB678, 0xB678, 0xAE77,
    0xAE77, 0xAE57, 0xAE77, 0xAE77, 0xAE77, 0xAE77, 0xAE57, 0xA657, 0xAE57, 0xAE98, 0xB6B8, 0xAE98, 0xA637, 0xA616, 0xAE36, 0xB637,
    0xB678, 0xC6F9, 0xD73A, 0xCF1A, 0xC6B8, 0xB656, 0xB616, 0xB616, 0xC677, 0xCEF9, 0xD719, 0xD6F9, 0xCEB8, 0xD6D9, 0xD6F9, 0xDF3A,
    0xDF5A, 0xCEF9, 0xBE77, 0xB656, 0xB655, 0xBE76, 0xCEF8, 0xD739, 0xDF39, 0xDF39, 0xDF19, 0xEF3A, 0xEF1A, 0xE719, 0xDF19, 0xC6B7,
    0xBE76, 0xB696, 0xAE55, 0xAE56, 0xB676, 0xBEB7, 0xC6D8, 0xCEB8, 0xD719, 0xDF1A, 0xCEB8, 0xCEB8, 0xCEF9, 0xC6B8, 0xC697, 0xC6F8,
    0xC718, 0xCF18, 0xBEB7, 0xBE96, 0xBEB7, 0xC6D7, 0xCEF8, 0xD739, 0xDF39, 0xD6F8, 0xCE97, 0xCE97, 0xD6F8, 0xDF19, 0xD6D8, 0xD6D8,
    0xD6F9, 0xD6F8, 0xCED8, 0xCED8, 0xC6D7, 0xBEB7, 0xBE76, 0xC657, 0xCE98, 0xD6B9, 0xD6D9, 0xCEB8, 0xCEB8, 0xC6B8, 0xCED8, 0xCEF9,
    0xD6F9, 0xD6F9, 0xD6F9, 0xDEF9, 0xD6B8, 0xC677, 0xBE36, 0xBE77, 0xC6B8, 0xCEF9, 0xD73A, 0xD71A, 0xCEF9, 0xCED9, 0xCEFA, 0xD73A,
    0xD71A, 0xCEF9, 0xCEB9, 0xC6D9, 0xBEB8, 0xAE77, 0xA636, 0xA637, 0xAE77, 0xAE57, 0xA657, 0xA677, 0xAE77, 0xA677, 0xA677, 0xA677,
    0xA677, 0xA677, 0xA697, 0xA697, 0xA697, 0xA697, 0xA697, 0xA697, 0xA697, 0xA697, 0xA697, 0xA697, 0xA697, 0xA697, 0xA697, 0xA697,
    0xBEB9, 0xCF3A, 0xCF3B, 0xCF1A, 0xC6FA, 0xBEB9, 0xBE98, 0xBE98, 0xBEB8, 0xBEB9, 0xBE98, 0xB657, 0xBEB9, 0xC6FA, 0xC6D9, 0xB677,
    0xAE37, 0xAE37, 0xAE36, 0xAE37, 0xAE57, 0xAE37, 0xAE37, 0xBE98, 0xC6F9, 0xBEB9, 0xAE57, 0xA637, 0xA677, 0xAE98, 0xB6B8, 0xAEB8,
    0xA677, 0xA636, 0xA677, 0xAE77, 0xAE77, 0xAE77, 0xA677, 0xA677, 0xAE77, 0xAE57, 0xB657, 0xBE98, 0xBEB9, 0xC6F9, 0xCF1A, 0xCF19,
    0xC6D8, 0xB656, 0xB656, 0xBE57, 0xC6B8, 0xCEF9, 0xD6F9, 0xD6F9, 0xDF3A, 0xD6D9, 0xCEB8, 0xCED8, 0xD6F9, 0xCED8, 0xBE56, 0xB656,
    0xB656, 0xBE76, 0xCEF8, 0xD739, 0xD739, 0xDF39, 0xDF19, 0xEF19, 0xEF19, 0xE719, 0xDF19, 0xC6B7, 0xB656, 0xB656, 0xB676, 0xB697,
    0xBEB7, 0xC6F9, 0xCF19, 0xCEB8, 0xCEF9, 0xDF1A, 0xD6D9, 0xCED9, 0xD6F9, 0xC6B8, 0xBE77, 0xC6B8, 0xCF19, 0xC6D8, 0xBE97, 0xBE76,
    0xC6B7, 0xCED7, 0xCEF8, 0xD718, 0xDF19, 0xDEF9, 0xDEF9, 0xD6F9, 0xD6D8, 0xD6D8, 0xD6F9, 0xDEF9, 0xDF19, 0xD6F9, 0xCED8, 0xC6B7,
    0xBE97, 0xBE96, 0xBEB7, 0xD6D9, 0xD6FA, 0xD6F9, 0xCEB8, 0xC677, 0xBE77, 0xC698, 0xCED8, 0xCED9, 0xCED9, 0xCEB8, 0xD6B8, 0xD6F9,
    0xDEF9, 0xCEB8, 0xB636, 0xB657, 0xBE98, 0xC6D9, 0xCF1A, 0xCF1A, 0xC6D9, 0xBE98, 0xC6D9, 0xCF1A, 0xCF1A, 0xC6D9, 0xBE77, 0xB657,
    0xB678, 0xAE57, 0xA616, 0xA657, 0xAE77, 0xAE77, 0xAE77, 0xAE77, 0xAE77, 0xA677, 0xA677, 0xA677, 0xA677, 0xA677, 0xA677, 0xA697,
    0xA697, 0xA697, 0xA697, 0xA697, 0xA697, 0xA697, 0xA697, 0xA697, 0xA697, 0xA697, 0xA697, 0xA697, 0xAE78, 0xB6B9, 0xC6FA, 0xBED9,
    0xBEB8, 0xB677, 0xB657, 0xB678, 0xCF19, 0xCF3A, 0xC6B8, 0xB657, 0xCF19, 0xD73A, 0xD73A, 0xCF19, 0xC6D9, 0xBEB8, 0xBEB8, 0xBEB9,
    0xBE98, 0xBEB8, 0xC6F9, 0xCF1A, 0xC6D9, 0xBE77, 0xB677, 0xB6B8, 0xB6B8, 0xAE97, 0xAE77, 0xB6B8, 0xB6D8, 0xB698, 0xB6D9, 0xB6B8,
    0xAE98, 0xAE77, 0xA657, 0xAE77, 0xAE98, 0xB698, 0xC6D8, 0xCF19, 0xCEF9, 0xC6D9, 0xC6F9, 0xCEF9, 0xC6F9, 0xC6D8, 0xBE98, 0xB636,
    0xB636, 0xC6D8, 0xCF1A, 0xCEF9, 0xDF3A, 0xD6F9, 0xC656, 0xB615, 0xBE56, 0xBE76, 0xBE56, 0xBE55, 0xB655, 0xBE96, 0xD718, 0xDF39,
    0xD719, 0xD719, 0xD719, 0xDF19, 0xDF19, 0xD6F8, 0xCEB7, 0xBE56, 0xBE56, 0xBE76, 0xCED8, 0xD719, 0xD719, 0xCEF8, 0xCED8, 0xCED8,
    0xD719, 0xDF5A, 0xD71A, 0xCEF9, 0xCEF9, 0xBE97, 0xBE77, 0xCED8, 0xCEF8, 0xCED8, 0xCEB7, 0xCED8, 0xD6F8, 0xD6D8, 0xD6D8, 0xD6F8,
    0xDED8, 0xDF19, 0xDF19, 0xD6F8, 0xCED8, 0xC6D8, 0xC698, 0xC6B8, 0xD6D9, 0xD6F9, 0xCE98, 0xBE56, 0xC676, 0xC6D7, 0xC6B7, 0xD6F9,
    0xD71A, 0xD6FA, 0xC698, 0xBE57, 0xBE77, 0xCED8, 0xCED8, 0xC6B8, 0xCEB8, 0xCEB8, 0xD6D8, 0xDF19, 0xDF3A, 0xCED9, 0xAE36, 0xAE57,
    0xB677, 0xB698, 0xBEB8, 0xB6B8, 0xB698, 0xB677, 0xB697, 0xB698, 0xB698, 0xB677, 0xAE57, 0xAE57, 0xAE57, 0xAE77, 0xA657, 0xAE77,
    0xAE77, 0xAE77, 0xAE77, 0xAE77, 0xAE77, 0xAE77, 0xA677, 0xA677, 0xA677, 0xA677, 0xA677, 0xA697, 0xA697, 0xA697, 0xA697, 0xA697,
    0xA697, 0xA697, 0xA697, 0xA697, 0xA697, 0xA697, 0xA697, 0xA697, 0xA657, 0xAE78, 0xB698, 0xAE57, 0xAE57, 0xB677, 0xB677, 0xBE98,
    0xCF1A, 0xD73A, 0xC6B8, 0xBE76, 0xD719, 0xDF19, 0xDF5A, 0xDF7A, 0xD73A, 0xC6D9, 0xC6B9, 0xBEB8, 0xBE98, 0xBEB8, 0xC6F9, 0xC6D8,
    0xBE57, 0xB636, 0xB657, 0xB6B8, 0xB6B8, 0xAE77, 0xAE57, 0xB698, 0xB6B8, 0xAE98, 0xB6D9, 0xB6B8, 0xAE77, 0xAE57, 0xAE77, 0xAE98,
    0xB6B8, 0xBEB8, 0xC6D8, 0xCF19, 0xC6F9, 0xBEB7, 0xBE97, 0xBE97, 0xBE98, 0xBEB8, 0xBE97, 0xAE36, 0xAE36, 0xBED8, 0xCF3A, 0xC6F9,
    0xD739, 0xD719, 0xC697, 0xB635, 0xBE56, 0xBE56, 0xB635, 0xBE35, 0xBE56, 0xC697, 0xD719, 0xDF5A, 0xD719, 0xCEF8, 0xCEF8, 0xCEF8,
    0xCEF8, 0xCEF8, 0xC6B7, 0xC697, 0xCE97, 0xD6D8, 0xDEF9, 0xDF19, 0xDF19, 0xD6D8, 0xCEB8, 0xD6D8, 0xD6F9, 0xCEF8, 0xBEB8, 0xBE97,
    0xBE97, 0xB656, 0xBE57, 0xCEB8, 0xCEB8, 0xD6D8, 0xD6D8, 0xDEF9, 0xDF19, 0xDEF8, 0xDED8, 0xE6F8, 0xDEB7, 0xE6F9, 0xDF19, 0xCEF8,
    0xCF19, 0xC6F9, 0xB698, 0xBE98, 0xD6FA, 0xDF1B, 0xD698, 0xC636, 0xC677, 0xCED8, 0xCED8, 0xCED9, 0xCED9, 0xC6B9, 0xBE77, 0xB636,
    0xBE57, 0xCEB8, 0xCEB8, 0xC697, 0xCEB8, 0xD6F9, 0xD6F9, 0xD719, 0xD719, 0xC6B8, 0xAE56, 0xAE77, 0xAE77, 0xAE77, 0xAE77, 0xAE97,
    0xAE97, 0xAE77, 0xAE77, 0xA677, 0xA677, 0xAE77, 0xAE77, 0xAE77, 0xAE57, 0xA657, 0xAE77, 0xAE77, 0xAE77, 0xAE77, 0xA677, 0xA657,
    0xAE77, 0xAE77, 0xAE77, 0xAE77, 0xAE77, 0xAE77, 0xAE77, 0xA677, 0xA697, 0xA697, 0xA697, 0xA697, 0xA697, 0xA697, 0xA697, 0xA697,
    0xA697, 0xA697, 0xA697, 0xA697, 0xA657, 0xA657, 0xAE57, 0xAE57, 0xAE57, 0xBEB8, 0xC6D8, 0xC6D9, 0xCEF9, 0xC6D8, 0xBE77, 0xBE56,
    0xC697, 0xCEB7, 0xD6F9, 0xD719, 0xC6D8, 0xBE97, 0xB678, 0xB657, 0xAE37, 0xAE37, 0xB657, 0xB656, 0xAE16, 0xB636, 0xB657, 0xAE57,
    0xAE77, 0xAE77, 0xAE77, 0xAE77, 0xAE77, 0xA636, 0xAE98, 0xAE98, 0xAE77, 0xAE77, 0xAE98, 0xB698, 0xB6B8, 0xB698, 0xC6B8, 0xC6F9,
    0xBEB8, 0xB677, 0xB656, 0xAE36, 0xAE16, 0xAE36, 0xAE56, 0xB677, 0xC6D9, 0xC6F9, 0xC6F9, 0xC6D9, 0xD73A, 0xDF7A, 0xD719, 0xC6B7,
    0xC6B7, 0xC677, 0xBE56, 0xBE76, 0xC677, 0xC6B7, 0xD719, 0xDF39, 0xD719, 0xCED8, 0xCED8, 0xC6B7, 0xC6D7, 0xCED7, 0xCEF8, 0xD6F8,
    0xD6F8, 0xDEF8, 0xD6D8, 0xD6D8, 0xD6F8, 0xD6F8, 0xD6D8, 0xCEB7, 0xC697, 0xB656, 0xADF5, 0xB636, 0xB676, 0xB636, 0xB636, 0xC697,
    0xCEB8, 0xD6F9, 0xD6D8, 0xDEF8, 0xDEF9, 0xDED8, 0xDED8, 0xE719, 0xDEB8, 0xDEF9, 0xDF19, 0xD719, 0xCF3A, 0xC71A, 0xBEB8, 0xC6B9,
    0xD71B, 0xDF1B, 0xDEDA, 0xCE78, 0xC677, 0xCED7, 0xD718, 0xCEF9, 0xC6B8, 0xBE77, 0xB616, 0xB615, 0xBE36, 0xC698, 0xC6B8, 0xC6B8,
    0xD6F9, 0xDF3A, 0xCEF9, 0xCEB8, 0xC698, 0xB677, 0xAE77, 0xAE97, 0xAE97, 0xAE97, 0xAE97, 0xAE97, 0xAE97, 0xAE97, 0xAE97, 0xAE97,
    0xAE97, 0xAE97, 0xAE97, 0xAE97, 0xA677, 0xA657, 0xAE77, 0xAE77, 0xAE77, 0xAE77, 0xA677, 0xA677, 0xAE77, 0xAE77, 0xAE77, 0xAE77,
    0xAE77, 0xAE77, 0xAE77, 0xA697, 0xA697, 0xA697, 0xA697, 0xA697, 0xA697, 0xA697, 0xA697, 0xA697, 0xA697, 0xA697, 0xA697, 0xA697,
    0xAE78, 0xAE57, 0xAE57, 0xAE77, 0xB677, 0xBEB8, 0xCF19, 0xC6F9, 0xC6D8, 0xBE77, 0xB636, 0xBE77, 0xBE36, 0xBE56, 0xC697, 0xC698,
    0xBE77, 0xB657, 0xAE57, 0xAE57, 0xAE37, 0xAE37, 0xAE37, 0xAE36, 0xAE36, 0xB657, 0xB698, 0xB6B8, 0xAE98, 0xAE57, 0xA657, 0xAE77,
    0xB6B8, 0xB6B8, 0xB698, 0xB698, 0xB698, 0xAE98, 0xAE77, 0xAE77, 0xAE57, 0xB677, 0xC6D8, 0xC6F9, 0xC6D8, 0xBEB7, 0xBE97, 0xB657,
    0xB636, 0xAE36, 0xAE36, 0xBEB8, 0xCF1A, 0xC6D9, 0xBE98, 0xBE98, 0xCEF9, 0xDF5A, 0xDF5A, 0xD719, 0xD719, 0xCED8, 0xCEB8, 0xCED8,
    0xCED8, 0xCEF9, 0xD73A, 0xD73A, 0xCEF9, 0xCEB8, 0xC6B8, 0xC6B7, 0xCEF8, 0xCF18, 0xD718, 0xD6F8, 0xD6F8, 0xD6F8, 0xD6D8, 0xD6B7,
    0xD6B8, 0xD6D8, 0xD6F8, 0xCEB7, 0xC676, 0xBE56, 0xBE77, 0xBE97, 0xC6B8, 0xBE56, 0xBE56, 0xCED8, 0xD6F9, 0xD6F9, 0xD6F8, 0xD6D8,
    0xDED8, 0xDED8, 0xDED8, 0xE719, 0xDED8, 0xE6F9, 0xD6F9, 0xCEF9, 0xCF19, 0xBEF9, 0xBEB8, 0xC6B9, 0xCEFA, 0xD6DA, 0xDED9, 0xCEB8,
    0xC656, 0xC6B7, 0xD719, 0xD719, 0xCED8, 0xBE77, 0xB616, 0xB636, 0xC677, 0xCED9, 0xC6B8, 0xC6B8, 0xD73A, 0xD73A, 0xC6B8, 0xBE77,
    0xB657, 0xAE57, 0xAE97, 0xAE97, 0xAE97, 0xAE97, 0xAE77, 0xAE77, 0xAE77, 0xAE97, 0xAE97, 0xAE97, 0xAE97, 0xAE97, 0xAE97, 0xAE77,
    0xAE77, 0xAE77, 0xAE97, 0xAE98, 0xAE98, 0xAE97, 0xAE77, 0xAE77, 0xAE77, 0xAE77, 0xAE77, 0xAE77, 0xAE77, 0xAE77, 0xAE77, 0xAE77,
    0xA697, 0xA697, 0xA697, 0xA697, 0xA697, 0xA697, 0xA697, 0xA697, 0xA697, 0xA697, 0xA697, 0xA697, 0xB698, 0xB678, 0xAE57, 0xB677,
    0xBE98, 0xC71A, 0xD77B, 0xD77B, 0xCF3A, 0xC6D8, 0xC6B8, 0xCF19, 0xC697, 0xC697, 0xBE77, 0xBE77, 0xB657, 0xAE37, 0xAE57, 0xAE57,
    0xAE57, 0xAE58, 0xB677, 0xB678, 0xB677, 0xB657, 0xB678, 0xBED9, 0xB698, 0xAE77, 0xA657, 0xAE77, 0xB6B8, 0xBF1A, 0xB6B8, 0xB698,
    0xB698, 0xAE98, 0xAE77, 0xAE57, 0xA636, 0xB677, 0xBEB8, 0xC6F9, 0xC6F9, 0xC6F9, 0xC719, 0xC6F9, 0xC6D8, 0xB677, 0xB656, 0xBEB8,
    0xCEF9, 0xBEB8, 0xB656, 0xB657, 0xBE77, 0xCEF9, 0xD73A, 0xD73A, 0xD75A, 0xD73A, 0xD73A, 0xD73A, 0xD73A, 0xD73A, 0xD73A, 0xD719,
    0xC6D8, 0xBE97, 0xBE97, 0xC6B7, 0xCF18, 0xD739, 0xD718, 0xCEB7, 0xCEB7, 0xD6F8, 0xDED8, 0xD6B7, 0xCE97, 0xD6D8, 0xD6F8, 0xD6D8,
    0xCEB7, 0xCEF8, 0xCEF9, 0xCED9, 0xC6B8, 0xB656, 0xBE57, 0xCEF9, 0xD719, 0xD6D8, 0xD6D8, 0xD6B8, 0xD6B8, 0xD6B7, 0xD6B8, 0xDEF9,
    0xE719, 0xE719, 0xCED8, 0xBE97, 0xBEB7, 0xB697, 0xB698, 0xC6B9, 0xCEB9, 0xCEB9, 0xD6D9, 0xD6B8, 0xC677, 0xC6B7, 0xD719, 0xDF39,
    0xCED8, 0xC677, 0xBE56, 0xBE77, 0xCEB8, 0xD719, 0xCEF9, 0xC6D9, 0xCF1A, 0xCEFA, 0xBE78, 0xB657, 0xB657, 0xB657, 0xAE97, 0xAE97,
    0xAE77, 0xAE77, 0xAE77, 0xAE77, 0xAE77, 0xAE77, 0xAE77, 0xAE77, 0xAE77, 0xAE77, 0xAE77, 0xAE77, 0xAE97, 0xAE98, 0xAEB8, 0xB6B8,
    0xB6B8, 0xAEB8, 0xAE98, 0xAE98, 0xAE77, 0xAE77, 0xAE77, 0xAE77, 0xAE77, 0xAE77, 0xAE97, 0xA697, 0xA697, 0xA697, 0xA697, 0xA697,
    0xA697, 0xA697, 0xA697, 0xA697, 0xA697, 0xA697, 0xA697, 0xA697, 0xB698, 0xBEB8, 0xAE57, 0xAE57, 0xB677, 0xC6F9, 0xCF3A, 0xCF3A,
    0xCF19, 0xC6F9, 0xC6D8, 0xCF19, 0xDF5A, 0xD719, 0xCEF9, 0xBEB8, 0xB677, 0xAE37, 0xAE58, 0xAE57, 0xA637, 0xAE58, 0xB678, 0xB699,
    0xBEB9, 0xAE57, 0xA636, 0xAE77, 0xAE77, 0xB698, 0xB698, 0xAE77, 0xAE98, 0xB6B8, 0xAE57, 0xAE77, 0xAE77, 0xAE77, 0xAE77, 0xAE77,
    0xAE77, 0xAE57, 0xB677, 0xBEB8, 0xBEB8, 0xC6F9, 0xCF19, 0xCF1A, 0xC6F9, 0xC6D9, 0xBE77, 0xBE77, 0xBEB8, 0xBE98, 0xB657, 0xB636,
    0xAE16, 0xBE98, 0xC6D8, 0xCEF9, 0xD71A, 0xD73A, 0xD71A, 0xD73A, 0xD73A, 0xCF19, 0xCF1A, 0xCEF9, 0xBE98, 0xB657, 0xB656, 0xB676,
    0xC6D7, 0xCEF8, 0xCED8, 0xCEB7, 0xD6D8, 0xDF19, 0xDF19, 0xD6B8, 0xCE97, 0xD6D8, 0xD6F8, 0xD6F8, 0xD719, 0xD739, 0xCED9, 0xBE97,
    0xB656, 0xB615, 0xBE56, 0xCED9, 0xDF19, 0xD6D8, 0xCED8, 0xD6D8, 0xD6D8, 0xD6B7, 0xD6B8, 0xDEF8, 0xE73A, 0xDF19, 0xC697, 0xB636,
    0xB656, 0xAE56, 0xB697, 0xC6D9, 0xCEB9, 0xCEB9, 0xD6B9, 0xD6D9, 0xCED8, 0xCEF8, 0xCEF8, 0xCED8, 0xCEB8, 0xC697, 0xC676, 0xC677,
    0xC6B8, 0xCEF9, 0xCEFA, 0xC6D9, 0xC6FA, 0xC6B9, 0xAE57, 0xAE57, 0xB678, 0xB678, 0xAE77, 0xAE77, 0xAE77, 0xAE77, 0xAE77, 0xAE77,
    0xAE77, 0xAE77, 0xAE77, 0xAE77, 0xAE77, 0xAE77, 0xAE77, 0xAE77, 0xAE97, 0xAE98, 0xB6B8, 0xB6B8, 0xB6B8, 0xB6B8, 0xAE98, 0xAE98,
    0xAE77, 0xAE77, 0xAE77, 0xAE77, 0xAE77, 0xAE77, 0xAE77, 0xAE77, 0xA697, 0xA697, 0xA697, 0xA697, 0xA697, 0xA697, 0xA697, 0xA697,
    0xA697, 0xA697, 0xA697, 0xA697, 0xC6F9, 0xC6F9, 0xBE98, 0xAE36, 0xB636, 0xB677, 0xBE97, 0xB677, 0xBE97, 0xBE97, 0xB657, 0xBE97,
    0xD73A, 0xCF19, 0xCF1A, 0xC6F9, 0xBEB9, 0xAE78, 0xB699, 0xAE78, 0xA638, 0xA637, 0xAE58, 0xBED9, 0xC71A, 0xB698, 0xA616, 0xA636,
    0xAE57, 0xB698, 0xB698, 0xAE57, 0xAE57, 0xB6B8, 0xAE57, 0xAE57, 0xAE57, 0xAE57, 0xAE77, 0xAE77, 0xAE77, 0xAE57, 0xAE57, 0xB677,
    0xB677, 0xB677, 0xBEB8, 0xC6D8, 0xC6D8, 0xC6D8, 0xBE77, 0xB656, 0xBE77, 0xC6D8, 0xC6B8, 0xB656, 0xAE16, 0xBE77, 0xB677, 0xBE77,
    0xC6D8, 0xC6D9, 0xC6B8, 0xC6D8, 0xC6B8, 0xC6B8, 0xC6B8, 0xBE98, 0xB657, 0xB636, 0xB636, 0xB655, 0xB655, 0xBE76, 0xC6B7, 0xCED8,
    0xD6F9, 0xDF19, 0xDF19, 0xD6D8, 0xD6D8, 0xDF19, 0xD6F8, 0xCED8, 0xD719, 0xDF3A, 0xCED8, 0xBE77, 0xB636, 0xB616, 0xBE77, 0xD6F9,
    0xD6F9, 0xD6D8, 0xD6D8, 0xD6F8, 0xDEF9, 0xD6D8, 0xD6D8, 0xDEF9, 0xDF19, 0xD6D9, 0xBE56, 0xB636, 0xB656, 0xAE56, 0xBEB7, 0xCEF9,
    0xCED9, 0xD6D9, 0xCE98, 0xCEB8, 0xD6F9, 0xC6F8, 0xBE96, 0xC697, 0xCEB7, 0xCED8, 0xCEB7, 0xC697, 0xC6B8, 0xCEF9, 0xCF1A, 0xC6F9,
    0xC6D9, 0xBEB9, 0xAE58, 0xAE58, 0xAE78, 0xAE58, 0xA657, 0xA677, 0xA677, 0xA677, 0xAE77, 0xAE77, 0xAE77, 0xAE77, 0xAE77, 0xAE77,
    0xAE77, 0xAE77, 0xAE77, 0xAE77, 0xAE77, 0xAE98, 0xAE98, 0xAE98, 0xAE98, 0xAE98, 0xAE98, 0xAE77, 0xAE77, 0xAE77, 0xAE77, 0xAE77,
    0xAE77, 0xAE77, 0xA677, 0xA697, 0xA697, 0xA697, 0xA697, 0xA697, 0xA697, 0xA697, 0xA697, 0xA697, 0xA697, 0xA697, 0xA697, 0xA697,
    0xDF5B, 0xDF7B, 0xC6D9, 0xB657, 0xB657, 0xB677, 0xB656, 0xAE36, 0xBE77, 0xBE97, 0xB656, 0xB656, 0xB656, 0xBE77, 0xC6D9, 0xC71A,
    0xBEFA, 0xB6B9, 0xB6B9, 0xB699, 0xAE78, 0xA637, 0xAE58, 0xC71B, 0xD77C, 0xC6FA, 0xAE78, 0xAE77, 0xAE77, 0xAE77, 0xAE57, 0xA636,
    0xAE77, 0xC71A, 0xB6B8, 0xAE98, 0xAE77, 0xA657, 0xA657, 0xA657, 0xA657, 0xAE57, 0xB677, 0xAE57, 0xAE36, 0xAE36, 0xB677, 0xB677,
    0xB677, 0xBEB8, 0xB656, 0xAE15, 0xB656, 0xCF19, 0xCF19, 0xBE77, 0xB656, 0xB677, 0xAE36, 0xAE16, 0xB677, 0xB677, 0xB636, 0xB657,
    0xB657, 0xB637, 0xB657, 0xB657, 0xB636, 0xB636, 0xB656, 0xBE76, 0xAE14, 0xB614, 0xC676, 0xD6F8, 0xD719, 0xD6D8, 0xDEF9, 0xDED8,
    0xDEF9, 0xE73A, 0xD719, 0xCEB7, 0xD6F8, 0xDF7A, 0xD73A, 0xC6B8, 0xC677, 0xC697, 0xCED8, 0xD719, 0xD6F9, 0xD6F8, 0xD6F8, 0xDF19,
    0xDF39, 0xDF19, 0xD6F8, 0xDF19, 0xD6D9, 0xCE98, 0xBE56, 0xB636, 0xB677, 0xB676, 0xC6D8, 0xCF19, 0xCED9, 0xD6B8, 0xC657, 0xC677,
    0xCED9, 0xBEB8, 0xA5F4, 0xC676, 0xCED8, 0xD719, 0xD6F8, 0xCEB8, 0xC6B8, 0xCEF9, 0xCF3B, 0xC6FA, 0xBED9, 0xBEB9, 0xAE78, 0xAE78,
    0xAE58, 0xA637, 0xA657, 0xA657, 0xA657, 0xA677, 0xAE77, 0xAE77, 0xAE77, 0xAE77, 0xAE77, 0xAE77, 0xAE77, 0xAE77, 0xAE77, 0xAE77,
    0xA677, 0xA677, 0xAE77, 0xAE77, 0xAE77, 0xAE77, 0xA677, 0xA657, 0xAE77, 0xAE77, 0xAE77, 0xAE77, 0xAE77, 0xAE77, 0xAE77, 0xAE77,
    0xA697, 0xA697, 0xA697, 0xA697, 0xA697, 0xA697, 0xA697, 0xA697, 0xA697, 0xA697, 0xA697, 0xA697, 0xDF7B, 0xD71A, 0xBE57, 0xADF5,
    0xB636, 0xBE97, 0xC6D8, 0xBE97, 0xAE36, 0xBEB8, 0xC6F9, 0xB657, 0xB636, 0xB657, 0xB677, 0xB657, 0xAE57, 0xAE58, 0xB699, 0xAE79,
    0xAE58, 0xAE58, 0xAE58, 0xAE78, 0xB698, 0xBED9, 0xBED9, 0xB6D9, 0xAE98, 0xAE77, 0xAE98, 0xAE77, 0xA657, 0xA657, 0xA636, 0xAE57,
    0xAE77, 0xAE77, 0xA657, 0xA657, 0xAE57, 0xAE77, 0xAE57, 0xAE57, 0xAE57, 0xAE57, 0xAE56, 0xAE56, 0xB656, 0xB677, 0xC6D8, 0xC6F8,
    0xCEF9, 0xD739, 0xCEF8, 0xB656, 0xB636, 0xB616, 0xB616, 0xB657, 0xBE77, 0xBE78, 0xBE78, 0xBE77, 0xB657, 0xBE57, 0xB657, 0xBE57,
    0xBE78, 0xBE77, 0xBE77, 0xBE97, 0xC6F8, 0xCEF8, 0xCED7, 0xD6F8, 0xDF19, 0xDF19, 0xDF19, 0xDF19, 0xDF19, 0xDF19, 0xDF39, 0xDF39,
    0xD719, 0xD6F9, 0xD6F9, 0xDF3A, 0xD6F9, 0xBE57, 0xC677, 0xCED8, 0xC697, 0xD6D8, 0xD6D8, 0xDF39, 0xE75A, 0xD6F8, 0xD6D8, 0xDF19,
    0xDF19, 0xCEB8, 0xBE77, 0xBE97, 0xB677, 0xAE56, 0xBE97, 0xCED8, 0xD6F9, 0xD6D9, 0xCE98, 0xCEB8, 0xD73A, 0xC719, 0xB676, 0xBE35,
    0xCED8, 0xDF39, 0xCED8, 0xCED8, 0xCF19, 0xCF1A, 0xCF1A, 0xC6FA, 0xBEB9, 0xAE78, 0xA658, 0xA658, 0xA658, 0xA678, 0xA657, 0xA657,
    0xA657, 0xA657, 0xA657, 0xA657, 0xA657, 0xA657, 0xA657, 0xA657, 0xA657, 0xA657, 0xA657, 0xA657, 0xAE77, 0xAE77, 0xAE77, 0xAE77,
    0xAE77, 0xAE77, 0xAE77, 0xAE77, 0xAE77, 0xAE77, 0xAE77, 0xAE77, 0xAE77, 0xAE77, 0xA677, 0xA697, 0xA697, 0xA697, 0xA697, 0xA697,
    0xA697, 0xA697, 0xA697, 0xA697, 0xA697, 0xA697, 0xA697, 0xA697, 0xD6F9, 0xCED9, 0xC698, 0xBE77, 0xBE57, 0xBE77, 0xC6F9, 0xCF3A,
    0xBEB8, 0xB656, 0xBEB8, 0xC6F9, 0xB656, 0xB636, 0xAE16, 0xAE16, 0xA617, 0xA617, 0xA617, 0xAE58, 0xAE78, 0xAE58, 0xAE58, 0xAE57,
    0xAE57, 0xB678, 0xB698, 0xB6B8, 0xB6B8, 0xB6B8, 0xB6B8, 0xAE77, 0xAE57, 0xAE77, 0xAE77, 0xAE77, 0xAE77, 0xAE77, 0xAE57, 0xAE77,
    0xAE77, 0xB698, 0xB698, 0xB698, 0xB678, 0xB677, 0xB677, 0xB657, 0xB657, 0xBE97, 0xC6D8, 0xC6D8, 0xC6D8, 0xCEF9, 0xC6D8, 0xB636,
    0xBE57, 0xBE57, 0xC6B9, 0xCEFA, 0xCED9, 0xBE57, 0xB616, 0xB616, 0xBE57, 0xBE78, 0xBE57, 0xBE57, 0xBE78, 0xBE78, 0xBE97, 0xC6D8,
    0xCF19, 0xD719, 0xD6F8, 0xD719, 0xDF39, 0xDF19, 0xD6D8, 0xD6B8, 0xD6B8, 0xD6D8, 0xD6F8, 0xDF19, 0xDF39, 0xD719, 0xD71A, 0xDF3A,
    0xD71A, 0xCEB8, 0xD6F9, 0xDF3A, 0xD6F9, 0xD6D8, 0xCEB7, 0xD6F8, 0xDF39, 0xD6F8, 0xCE97, 0xCED8, 0xDF1A, 0xCED8, 0xBE77, 0xB697,
    0xB676, 0xAE76, 0xBEB7, 0xCEF9, 0xD6F9, 0xD6D9, 0xD6D9, 0xD6F9, 0xCF19, 0xBED8, 0xB676, 0xB656, 0xCED8, 0xD719, 0xCEF9, 0xC6D8,
    0xC6F9, 0xC6D9, 0xBEB9, 0xBEB9, 0xB698, 0xAE58, 0xA638, 0xA658, 0xA678, 0xAE78, 0xA657, 0xA657, 0xA657, 0xA657, 0xA657, 0xA657,
    0xA657, 0xA657, 0xA657, 0xA657, 0xA657, 0xA657, 0xA657, 0xA657, 0xAE77, 0xAE77, 0xAE77, 0xAE77, 0xAE77, 0xAE77, 0xAE77, 0xAE77,
    0xAE77, 0xAE77, 0xAE77, 0xAE77, 0xAE77, 0xAE77, 0xAE77, 0xAE77, 0xA697, 0xA697, 0xA697, 0xA697, 0xA697, 0xA697, 0xA697, 0xA697,
    0xA697, 0xA697, 0xA697, 0xA697, 0xCE98, 0xCE97, 0xD6D9, 0xCED8, 0xC6B8, 0xC6B8, 0xC6D8, 0xD75B, 0xCF5A, 0xB677, 0xB677, 0xCF19,
    0xCF19, 0xC6B8, 0xBE97, 0xBE98, 0xBEB9, 0xB699, 0xAE78, 0xB699, 0xB678, 0xAE58, 0xAE57, 0xAE58, 0xAE57, 0xAE37, 0xAE36, 0xAE77,
    0xB6B8, 0xB6D9, 0xB6B8, 0xAE57, 0xAE57, 0xB698, 0xB698, 0xAE77, 0xAE57, 0xAE57, 0xAE77, 0xAE77, 0xAE77, 0xB698, 0xB6B9, 0xB6B9,
    0xBED9, 0xBED9, 0xBED9, 0xC6D9, 0xBED8, 0xC6D8, 0xC6F9, 0xC6D8, 0xC6B7, 0xCED8, 0xCED8, 0xBE76, 0xC697, 0xCED9, 0xD73A, 0xDF5B,
    0xD6F9, 0xBE77, 0xB636, 0xBE56, 0xC698, 0xC6B8, 0xC697, 0xBE57, 0xC677, 0xC6B8, 0xC6D8, 0xD739, 0xD759, 0xD739, 0xD739, 0xDF5A,
    0xDF5A, 0xDF19, 0xD6D8, 0xD6B7, 0xCE97, 0xCE97, 0xCEB7, 0xCED8, 0xCED8, 0xCED8, 0xCED9, 0xCED9, 0xCED9, 0xCEB8, 0xDF1A, 0xE77B,
    0xD719, 0xD6F9, 0xCEB8, 0xD6D8, 0xD719, 0xD6F8, 0xCEB7, 0xCEB7, 0xD71A, 0xCED9, 0xBE77, 0xB676, 0xB676, 0xB676, 0xC6D8, 0xD719,
    0xD6D8, 0xD6D9, 0xDF1A, 0xD71A, 0xC6B8, 0xAE77, 0xAE56, 0xBE97, 0xCED8, 0xCEF9, 0xC6D8, 0xC6D8, 0xBEB8, 0xB657, 0xAE57, 0xAE57,
    0xAE57, 0xA657, 0xA658, 0xA658, 0xA678, 0xAE78, 0xA657, 0xA657, 0xA657, 0xA657, 0xA657, 0xA657, 0xA657, 0xA657, 0xA657, 0xA657,
    0xA657, 0xA657, 0xA657, 0xA657, 0xAE77, 0xAE77, 0xAE77, 0xAE77, 0xAE77, 0xAE77, 0xAE77, 0xAE77, 0xAE77, 0xAE77, 0xAE77, 0xAE77,
    0xAE77, 0xAE77, 0xAE97, 0xA697, 0xA697, 0xA697, 0xA697, 0xA697, 0xA697, 0xA697, 0xA697, 0xA697, 0xA697, 0xA697, 0xA697, 0xA697,
};

#endif
